u-g,g-r,r-i,i-z,class
1.2246670000000002,0.5027749999999997,0.21050100000000072,0.13658500000000018,star
0.7931670000000004,0.2713619999999999,0.10948199999999986,0.05001999999999995,star
2.219035999999999,0.9358050000000002,0.34915399999999863,0.20390500000000067,star
1.2540729999999982,0.46134000000000164,0.14383999999999908,0.03778499999999951,star
1.9014720000000018,0.8294919999999983,0.2202149999999996,0.14804900000000032,star
0.272000000000002,0.16999999999999815,0.045000000000001705,0.19699999999999918,qso
0.47800000000000153,0.22199999999999775,-0.08899999999999864,0.26500000000000057,qso
1.593278999999999,0.6248690000000003,0.2120849999999983,0.0945670000000014,star
2.662203999999999,1.3242770000000004,0.5405149999999992,0.3260760000000005,star
0.929433999999997,0.32555400000000034,0.10413100000000242,0.0010209999999979402,star
0.34699999999999775,0.24600000000000222,0.35999999999999943,0.21699999999999875,qso
0.15500000000000114,-0.34299999999999997,-0.25500000000000256,0.07900000000000063,wd
0.04400000000000048,-0.3810000000000002,-0.19599999999999795,-0.34800000000000253,wd
0.07499999999999929,-0.10300000000000153,0.19000000000000128,-0.009000000000000341,qso
1.031362999999999,0.2610399999999977,0.07846400000000031,0.011292000000000968,star
0.13800000000000168,0.18100000000000094,0.13100000000000023,0.46199999999999974,qso
2.6611639999999994,1.1713970000000007,0.45564499999999875,0.22133800000000114,star
0.0,0.043000000000002814,0.16300000000000026,0.18499999999999872,qso
0.0799999999999983,-0.10299999999999798,0.24200000000000088,-0.11200000000000188,qso
0.2630000000000017,0.18900000000000006,-0.11400000000000077,0.030999999999998806,qso
-0.0470000000000006,0.2430000000000021,0.4079999999999995,0.008000000000000895,qso
1.0890200000000014,0.3036689999999993,0.2319659999999999,-0.013623000000002605,star
0.16499999999999915,-0.01899999999999835,0.2839999999999989,0.09199999999999875,qso
1.322735999999999,0.5106889999999993,0.11765399999999993,0.1658210000000011,star
1.9635030000000029,0.8174439999999983,0.28192900000000165,0.17973699999999937,star
0.6020000000000003,0.259999999999998,0.402000000000001,0.03300000000000125,qso
0.12200000000000344,-0.1440000000000019,-0.13200000000000145,-0.26699999999999946,wd
0.9947550000000014,0.2969469999999994,0.09108499999999964,0.0032429999999976644,star
0.6119999999999983,0.713000000000001,1.1739999999999995,0.7480000000000011,wd
0.34399999999999764,0.12200000000000344,-0.04200000000000159,-0.11599999999999966,wd
0.4710000000000001,0.10800000000000054,0.029999999999997584,-0.12299999999999756,wd
0.4969999999999999,0.02699999999999747,0.08900000000000219,0.15700000000000003,qso
0.19200000000000017,0.0400000000000027,0.26099999999999923,0.02499999999999858,qso
0.3269999999999982,-0.23699999999999832,-0.2220000000000013,-0.25900000000000034,wd
1.6142980000000016,0.5930079999999993,0.1977499999999992,0.10325199999999946,star
0.19400000000000261,-0.31400000000000006,-0.24200000000000088,0.047999999999998266,wd
0.272000000000002,-0.25400000000000134,-0.2680000000000007,-0.3089999999999975,wd
0.2849999999999966,0.24200000000000088,0.33000000000000185,0.06099999999999994,qso
0.26899999999999835,0.1559999999999988,0.31700000000000017,0.06900000000000261,qso
0.30799999999999983,0.04800000000000182,0.15899999999999892,0.2890000000000015,qso
0.2539999999999978,-0.3349999999999973,-0.37900000000000134,-0.2759999999999998,wd
1.5341510000000014,0.6094340000000003,0.22448699999999988,0.1169419999999981,star
0.3719999999999999,0.007999999999999119,-0.13100000000000023,0.021000000000000796,wd
1.418692,0.5937479999999979,0.2533530000000006,0.033652000000000015,star
0.893732,0.2984349999999978,0.11438000000000059,0.02752100000000013,star
0.36599999999999966,-0.06400000000000006,-0.1319999999999979,-0.397000000000002,wd
0.05000000000000071,-0.15899999999999892,-0.22500000000000142,-0.18400000000000105,wd
0.402000000000001,0.053999999999998494,0.04100000000000037,0.31899999999999906,qso
1.329506000000002,0.4989119999999989,0.19368500000000033,0.02732399999999835,star
0.9231270000000009,0.2801720000000003,0.09376299999999915,0.014089999999999492,star
0.3260000000000005,0.04099999999999682,-0.04499999999999815,0.11599999999999966,qso
1.0433179999999993,0.41553299999999993,0.21826899999999938,0.0963080000000005,star
0.24399999999999977,0.11299999999999955,0.19399999999999906,-0.10500000000000043,qso
0.1960000000000015,-0.06700000000000017,0.15700000000000003,0.0010000000000012221,qso
1.030536999999999,0.4510610000000028,0.19845199999999963,0.03307900000000075,star
0.9544719999999991,0.28455900000000156,0.17541100000000043,0.008969999999997924,star
0.4299999999999997,0.054000000000002046,0.22100000000000009,0.023999999999997357,qso
0.05700000000000216,0.055999999999997385,0.2660000000000018,0.04899999999999949,qso
2.4632070000000006,1.0227910000000016,0.4012180000000001,0.18044499999999886,star
0.46499999999999986,-0.18299999999999983,-0.21799999999999997,-0.27500000000000213,wd
0.14300000000000068,0.08699999999999974,0.272000000000002,-0.0020000000000024443,qso
-0.011000000000002785,0.05900000000000105,0.25700000000000145,0.2270000000000003,qso
1.0987740000000024,0.41410399999999825,0.08223800000000026,0.09855800000000059,star
-0.0010000000000012221,0.05100000000000193,0.6519999999999975,0.6820000000000022,wd
1.120747999999999,0.4498999999999995,0.09732999999999947,0.02244400000000013,star
0.31599999999999895,0.1720000000000006,0.24099999999999966,0.12300000000000111,qso
0.33500000000000085,0.3960000000000008,0.14199999999999946,-0.07499999999999929,qso
0.4039999999999999,-0.21699999999999875,-0.1930000000000014,0.06099999999999994,wd
0.4059999999999988,0.019000000000001904,-0.045000000000001705,-0.11700000000000088,wd
-0.04299999999999926,-0.25,-0.1960000000000015,0.0990000000000002,wd
0.1490000000000009,0.007999999999999119,-0.1720000000000006,-0.18400000000000105,wd
0.0990000000000002,-0.3509999999999991,-0.2480000000000011,-0.22500000000000142,wd
0.07199999999999918,-0.38400000000000034,-0.19099999999999895,-0.5530000000000008,wd
0.33200000000000074,0.36999999999999744,0.0710000000000015,-0.04199999999999804,qso
1.4286439999999985,0.4877600000000015,0.23977700000000013,0.11061399999999999,star
0.20599999999999952,-0.29100000000000037,-0.23100000000000165,-0.24899999999999878,wd
0.4170000000000016,-0.23700000000000188,-0.2789999999999999,-0.1529999999999987,wd
0.5100000000000016,-0.13500000000000156,-0.14899999999999736,0.06299999999999883,wd
1.3959510000000002,0.5004440000000017,0.177423000000001,0.08235599999999721,star
1.2278590000000023,0.4984649999999995,0.1757869999999997,0.037359000000000364,star
1.0998739999999998,-0.008586999999998568,-0.040599000000000274,-0.05216100000000168,star
0.10699999999999932,0.20500000000000185,-0.054999999999999716,-0.1700000000000017,qso
1.5107159999999986,0.5456819999999993,0.22530199999999923,0.12607100000000138,star
-0.4039999999999999,-0.4330000000000034,-0.264999999999997,-0.5030000000000001,wd
0.3769999999999989,0.1180000000000021,-0.10300000000000153,0.06899999999999906,qso
2.192368000000002,0.9790299999999998,0.3292999999999999,0.18932900000000075,star
0.5910000000000011,0.1479999999999997,-0.022000000000002018,0.2640000000000029,qso
-0.13200000000000145,-0.26699999999999946,-0.33500000000000085,-0.46899999999999764,wd
0.40300000000000225,-0.11500000000000199,-0.11999999999999744,-0.09600000000000009,wd
0.397000000000002,0.01899999999999835,-0.04199999999999804,-0.10000000000000142,wd
1.3752840000000006,0.5283549999999977,0.2041170000000001,0.14312700000000333,star
2.6641790000000007,1.2486950000000014,0.5421009999999988,0.24183599999999927,star
0.41600000000000037,-0.2270000000000003,-0.19900000000000162,-0.24899999999999878,wd
0.3670000000000009,-0.24599999999999866,0.0470000000000006,-0.1390000000000029,qso
0.3839999999999968,0.05500000000000327,-0.02500000000000213,-0.16000000000000014,wd
1.1729069999999986,0.3732950000000024,0.1366669999999992,0.05431899999999956,star
0.006000000000000227,-0.36299999999999955,-0.26099999999999923,-0.4200000000000017,wd
0.3549999999999969,-0.07199999999999918,-0.08099999999999952,-0.16900000000000048,wd
-0.006000000000000227,0.3210000000000015,0.21199999999999974,-0.010000000000001563,qso
0.12399999999999878,0.21999999999999886,0.24099999999999966,0.43400000000000105,qso
-0.14700000000000202,-0.34999999999999787,-0.2510000000000012,-0.2220000000000013,wd
0.0660000000000025,-0.2789999999999999,-0.28300000000000125,-0.2779999999999987,wd
-0.028999999999999915,-0.3130000000000024,-0.2699999999999996,-0.7540000000000013,wd
-0.2480000000000011,-0.3930000000000007,-0.34199999999999875,-0.17299999999999827,wd
-0.0779999999999994,0.08199999999999719,0.15399999999999991,0.17300000000000182,qso
0.3269999999999982,-0.18900000000000006,-0.26699999999999946,0.0920000000000023,wd
-0.10899999999999821,0.08199999999999719,0.3150000000000013,0.06700000000000017,qso
1.4492949999999993,0.5299640000000032,0.19112999999999758,0.09660200000000074,star
0.05799999999999983,0.27800000000000225,0.03500000000000014,-0.0870000000000033,qso
2.4934660000000015,1.1600089999999987,0.40111700000000283,0.2139099999999985,star
0.16600000000000037,0.013000000000001677,-0.09100000000000108,0.10800000000000054,qso
0.28800000000000026,-0.14499999999999957,-0.1960000000000015,-0.24899999999999878,wd
0.46399999999999864,-0.1529999999999987,0.12900000000000134,0.2909999999999968,wd
0.41199999999999903,0.37400000000000233,0.11899999999999977,0.08200000000000074,qso
0.19500000000000028,0.36100000000000065,0.347999999999999,0.045000000000001705,wd
0.20600000000000307,0.02699999999999747,0.11200000000000188,0.10699999999999932,qso
0.0710000000000015,0.03300000000000125,0.12599999999999767,0.06400000000000006,qso
0.4969999999999999,-0.10500000000000043,-0.1039999999999992,-0.1059999999999981,wd
0.3960000000000008,0.010999999999999233,0.19699999999999918,0.06400000000000006,qso
0.3509999999999991,-0.2220000000000013,-0.2889999999999979,-0.2240000000000002,wd
0.017000000000003013,-0.10600000000000165,-0.18900000000000006,-0.26399999999999935,wd
0.38300000000000267,0.04399999999999693,-0.06499999999999773,-0.0519999999999996,wd
2.5937780000000004,1.301279000000001,0.5865939999999981,0.3429910000000014,star
2.435942999999998,1.2821369999999987,0.5547690000000021,0.24062399999999862,star
0.4640000000000022,-0.13300000000000267,-0.21099999999999852,-0.18599999999999994,wd
1.3729580000000006,0.4857270000000007,0.09240199999999987,0.15912600000000054,star
0.013999999999999346,0.10100000000000264,0.254999999999999,0.11400000000000077,qso
1.9479299999999995,0.7634489999999996,0.25351700000000044,0.1336049999999993,star
2.2627370000000013,0.9915009999999995,0.33648900000000026,0.21637300000000081,star
0.8219260000000013,0.20575900000000047,0.08000399999999885,-0.008452000000001902,star
1.7873389999999993,0.6594809999999995,0.2028540000000003,0.07355499999999893,star
0.3240000000000016,0.1609999999999978,0.11100000000000065,0.19699999999999918,qso
0.43700000000000117,0.6859999999999999,0.2539999999999978,0.2789999999999999,qso
0.9008889999999994,0.36787900000000207,0.1335509999999971,0.03043000000000262,star
0.019999999999999574,0.06400000000000006,0.2959999999999994,0.08899999999999864,qso
-0.17499999999999716,0.42299999999999827,0.010000000000001563,-0.15000000000000213,qso
0.06900000000000084,-0.2560000000000002,0.27699999999999925,0.4529999999999994,wd
-0.3910000000000018,-0.42799999999999727,-0.3240000000000016,-0.33999999999999986,wd
0.13400000000000034,0.003999999999997783,0.1930000000000014,0.006000000000000227,qso
0.0,0.11299999999999955,-0.05799999999999983,0.40500000000000114,qso
1.165528000000002,0.41595200000000077,0.15029399999999882,0.04780500000000032,star
0.6370000000000005,0.20599999999999952,0.3990000000000009,0.3620000000000019,qso
0.2069999999999972,0.29100000000000037,0.0,-0.08899999999999864,qso
0.053000000000000824,0.05799999999999983,0.17600000000000193,0.1109999999999971,qso
0.19099999999999895,0.16000000000000014,0.2890000000000015,0.04299999999999926,qso
0.11100000000000065,0.09499999999999886,0.36400000000000077,0.04899999999999949,qso
0.5190000000000019,-0.03200000000000003,-0.08099999999999952,-0.16900000000000048,wd
0.1529999999999987,0.3710000000000022,0.038999999999997925,0.018000000000000682,qso
0.5470000000000006,0.593,0.8309999999999995,0.5410000000000004,wd
0.26000000000000156,-0.1269999999999989,0.007999999999999119,-0.2759999999999998,wd
0.7409999999999997,-0.0259999999999998,0.18799999999999883,0.31700000000000017,qso
0.5209999999999972,-0.2129999999999974,-0.2010000000000005,-0.18100000000000094,wd
-0.1930000000000014,-0.3619999999999983,-0.3210000000000015,-0.2970000000000006,wd
1.075488,0.37199399999999905,0.18048700000000117,-0.010023999999999589,star
2.164722000000001,0.8713669999999993,0.32889499999999927,0.1726309999999991,star
0.4989999999999988,-0.08799999999999741,-0.1720000000000006,-0.31599999999999895,wd
1.8952600000000004,0.6348449999999985,0.2480399999999996,0.11672500000000241,star
1.3766459999999974,0.4646000000000008,0.1426790000000011,0.08157999999999888,star
0.07899999999999707,-0.11499999999999844,-0.16999999999999815,-0.240000000000002,wd
0.1509999999999998,0.06400000000000006,0.25700000000000145,0.054999999999999716,qso
0.18799999999999883,0.16100000000000136,-0.03500000000000014,0.05600000000000094,qso
0.1960000000000015,0.19399999999999906,0.3210000000000015,0.11499999999999844,qso
0.15500000000000114,0.19900000000000162,0.00999999999999801,0.3940000000000019,qso
0.7630000000000017,0.9019999999999975,0.7040000000000006,0.40499999999999936,wd
0.4529999999999994,-0.13099999999999667,-0.15800000000000125,-0.23100000000000165,wd
1.4882189999999973,0.5952320000000029,0.209973999999999,0.12253399999999814,star
0.29799999999999827,0.012000000000000455,0.18599999999999994,-0.004000000000001336,qso
1.1533760000000015,0.10838599999999943,0.06391499999999972,-0.023097999999999175,star
0.4969999999999999,-0.014999999999997016,-0.1390000000000029,-0.2339999999999982,wd
1.5916850000000018,0.6345309999999991,0.3529309999999999,-0.045852000000000004,star
1.0880009999999984,0.41069399999999945,0.1907810000000012,0.12580499999999972,star
2.1419539999999984,0.817140000000002,0.26848899999999887,0.09688700000000061,star
0.379999999999999,-0.1750000000000007,-0.13700000000000045,-0.2519999999999989,wd
0.3780000000000001,0.2749999999999986,0.1980000000000004,0.1980000000000004,qso
0.9054839999999995,0.2599070000000001,0.10039399999999965,-0.014048000000000727,star
0.9681320000000007,0.37915200000000127,0.10752099999999842,-0.015167000000001707,star
0.8815269999999984,0.21061700000000272,0.08802799999999777,0.0189060000000012,star
0.14000000000000057,0.28500000000000014,0.006999999999997897,-0.14300000000000068,qso
0.4400000000000013,-0.1720000000000006,-0.1609999999999978,-0.18599999999999994,wd
0.2710000000000008,-0.2560000000000002,-0.26799999999999713,0.011999999999996902,wd
0.3940000000000019,0.012000000000000455,-0.05700000000000216,-0.0730000000000004,wd
1.0889279999999992,0.3484090000000002,0.1737169999999999,0.03028699999999951,star
0.21899999999999764,0.5040000000000013,0.18700000000000117,0.04100000000000037,qso
0.38700000000000045,0.015999999999998238,-0.06099999999999994,-0.16900000000000048,wd
0.26399999999999935,-0.13800000000000168,-0.1789999999999985,-0.2220000000000013,wd
-0.08799999999999741,-0.3730000000000011,-0.3049999999999997,-0.25800000000000267,wd
0.19399999999999906,0.120000000000001,0.2839999999999989,0.15800000000000125,qso
1.402034999999998,0.563245000000002,0.19551899999999733,0.08453899999999948,star
-0.09600000000000009,-0.28300000000000125,-0.22499999999999787,-0.20400000000000063,wd
0.4430000000000014,0.04899999999999949,0.19399999999999906,0.010000000000001563,qso
0.34299999999999997,-0.28500000000000014,-0.21100000000000207,-0.30299999999999727,wd
1.270975,0.4174750000000014,0.13565100000000108,0.041679999999999495,star
0.1769999999999996,0.01600000000000179,-0.05799999999999983,0.5640000000000001,qso
1.1395939999999989,0.5237940000000023,0.24055299999999846,0.10533900000000074,star
0.3190000000000026,0.17299999999999827,0.3219999999999992,0.04400000000000048,qso
2.4995879999999993,1.065683,0.4230310000000017,0.19688599999999923,star
1.1008840000000006,0.40895300000000034,0.11310900000000146,0.03388999999999953,star
0.1490000000000009,0.18799999999999883,0.1739999999999995,0.16799999999999926,qso
-0.07099999999999795,-0.28200000000000003,-0.23400000000000176,-0.26099999999999923,wd
0.8937050000000006,0.3041899999999984,0.12278200000000083,0.0010180000000019618,star
0.010000000000001563,0.09299999999999997,0.26399999999999935,0.05799999999999983,qso
0.14899999999999736,0.3680000000000021,0.14000000000000057,0.06700000000000017,qso
1.2049979999999998,0.45469300000000246,-0.0851360000000021,0.36043300000000045,star
0.1750000000000007,0.277000000000001,0.08099999999999952,0.24599999999999866,qso
0.21799999999999997,0.09799999999999898,-0.047999999999998266,-0.20500000000000185,wd
0.10200000000000031,0.03200000000000003,-0.15199999999999747,-0.036000000000001364,qso
-0.03399999999999892,0.06099999999999994,0.2740000000000009,0.17099999999999937,qso
0.277000000000001,0.2510000000000012,-0.0730000000000004,0.06599999999999895,qso
0.4440000000000026,0.0009999999999976694,-0.08399999999999963,-0.06299999999999883,wd
0.4280000000000008,0.02499999999999858,0.054999999999999716,-0.14199999999999946,wd
0.29299999999999926,-0.25099999999999767,-0.3420000000000023,-0.006999999999997897,wd
0.46399999999999864,0.10200000000000031,0.0,-0.015999999999998238,wd
0.9831429999999983,0.31588700000000003,0.17508900000000338,0.05018299999999698,star
0.33800000000000097,0.3219999999999992,0.02500000000000213,0.07900000000000063,qso
0.5199999999999996,0.11599999999999966,-0.1280000000000001,0.19400000000000261,qso
0.4280000000000008,-0.20599999999999952,-0.23400000000000176,-0.11499999999999844,wd
0.2560000000000002,0.21499999999999986,0.13500000000000156,-0.08200000000000074,qso
2.2534329999999976,0.9973510000000019,0.33546600000000026,0.18150799999999911,star
1.2445969999999988,0.5430409999999988,0.16760999999999981,0.09540199999999999,star
0.3400000000000034,-0.03200000000000003,-0.11400000000000077,-0.1930000000000014,wd
0.3829999999999991,0.28699999999999903,0.16600000000000037,0.25,qso
1.4741690000000034,0.5649090000000001,0.2110929999999982,0.11032499999999956,star
0.1930000000000014,-0.0020000000000024443,0.18200000000000216,0.030999999999998806,qso
1.501656999999998,0.6000019999999999,0.2649329999999992,0.12416800000000094,star
0.3949999999999996,0.03500000000000014,0.029999999999997584,-0.15399999999999991,wd
0.3490000000000002,0.05999999999999872,0.12300000000000111,0.19699999999999918,qso
0.20700000000000074,-0.29100000000000037,-0.28800000000000026,-0.2870000000000026,wd
0.27699999999999747,0.1750000000000007,-0.06499999999999773,0.13099999999999667,qso
1.1582710000000027,0.45642099999999886,0.1413979999999988,0.06678800000000251,star
1.1373500000000014,0.4917929999999977,0.18962300000000099,0.061399000000001536,star
2.0260710000000017,0.7846209999999978,0.297384000000001,0.12849600000000017,star
-0.05699999999999861,-0.3589999999999982,-0.2789999999999999,-0.32800000000000296,wd
0.35400000000000276,-0.245000000000001,-0.2950000000000017,-0.3550000000000004,wd
0.4579999999999984,-0.05099999999999838,-0.0990000000000002,-0.22800000000000153,wd
1.2602780000000031,0.5014899999999969,0.16228500000000068,0.12936799999999948,star
1.012483999999997,0.32477200000000295,0.14348599999999934,-0.0005020000000008906,star
0.24099999999999966,0.08400000000000318,0.21499999999999986,0.1789999999999985,qso
2.4790819999999982,1.1150300000000009,0.40323700000000073,0.20483999999999902,star
-0.05900000000000105,0.12600000000000122,0.04400000000000048,0.5769999999999982,qso
0.5189999999999984,0.1650000000000027,0.3999999999999986,-0.07499999999999929,qso
0.4770000000000003,0.07199999999999918,-0.03499999999999659,-0.11900000000000333,wd
1.2496640000000028,0.40661799999999815,0.1479429999999997,0.04731100000000055,star
1.266838,-0.028106000000001075,-0.07318599999999975,-0.043690999999999036,star
0.44599999999999795,0.1440000000000019,0.021999999999998465,-0.07099999999999795,wd
1.460993000000002,0.5266399999999969,0.20094900000000138,0.07711000000000112,star
0.5279999999999987,0.2170000000000023,0.07600000000000051,0.16300000000000026,qso
1.3205050000000007,0.5253599999999992,0.23444800000000043,0.12273599999999973,star
0.3860000000000028,-0.054000000000002046,0.2680000000000007,-0.06400000000000006,qso
0.2480000000000011,0.18299999999999983,0.2789999999999999,-0.0259999999999998,qso
-0.018000000000000682,-0.33399999999999963,-0.15500000000000114,0.07600000000000051,wd
0.5130000000000017,-0.18500000000000227,-0.19200000000000017,-0.23499999999999943,wd
1.4641140000000021,0.527949999999997,0.2541159999999998,0.12713200000000313,star
0.4759999999999991,0.036999999999999034,-0.015999999999998238,-0.125,wd
0.35600000000000165,0.4869999999999983,0.0779999999999994,0.11000000000000298,qso
0.8325479999999992,0.2660139999999984,0.10514000000000223,0.0030520000000002767,star
0.21999999999999886,0.00999999999999801,0.24200000000000088,-0.030000000000001137,qso
0.28200000000000003,0.1819999999999986,0.19000000000000128,0.15200000000000102,qso
0.565999999999999,0.26699999999999946,0.35300000000000153,0.2519999999999989,qso
0.3819999999999979,-0.09699999999999775,-0.027000000000001023,0.12199999999999989,qso
1.516926999999999,0.5975900000000003,0.21374400000000016,0.10678700000000063,star
0.36499999999999844,0.13599999999999923,-0.014999999999997016,-0.3460000000000001,wd
2.6976750000000003,1.2566869999999994,0.49297400000000025,0.2606730000000006,star
1.0750540000000015,0.3796980000000012,0.10021199999999908,0.05414599999999936,star
0.5259999999999998,0.16699999999999804,0.028000000000002245,-0.14000000000000057,wd
0.013000000000001677,0.0710000000000015,0.2879999999999967,-0.019999999999999574,qso
0.379999999999999,-0.20399999999999707,-0.18599999999999994,-0.2789999999999999,wd
0.5279999999999987,0.022999999999999687,0.04600000000000293,0.2829999999999977,qso
2.2468830000000004,0.8023479999999985,0.28759799999999913,0.14157500000000134,star
1.921406000000001,0.8010139999999986,0.31929400000000285,0.09931699999999921,star
1.0817209999999982,0.3679080000000017,0.13297599999999932,0.12962700000000105,star
0.19000000000000128,-0.2190000000000012,-0.26599999999999824,-0.22100000000000009,wd
1.179711000000001,0.4238950000000017,0.16772399999999976,0.0397149999999975,star
0.37299999999999756,0.06400000000000006,-0.013999999999999346,-0.129999999999999,wd
-0.20700000000000074,-0.40700000000000003,-0.32099999999999795,-0.34800000000000253,wd
1.211818000000001,0.491124000000001,0.21853299999999898,0.017758000000000607,star
1.4656090000000006,0.5856340000000007,0.24219599999999986,0.14185499999999962,star
1.2700969999999998,0.4572490000000009,0.16869400000000212,0.043549999999999756,star
0.44899999999999807,0.054000000000002046,-0.05700000000000216,-0.09999999999999787,wd
0.20900000000000318,0.16000000000000014,-0.04600000000000293,0.045000000000001705,qso
2.574123,1.2948480000000018,0.5211119999999987,0.2835579999999993,star
1.0499790000000004,0.3457490000000014,0.1010850000000012,0.06739799999999718,star
1.7968050000000027,0.7002409999999983,0.2611120000000007,0.10839999999999961,star
0.4250000000000007,0.27199999999999847,0.047999999999998266,0.22000000000000242,qso
1.3100300000000011,0.5370099999999987,0.18374700000000033,0.07510500000000064,star
0.24399999999999977,0.021999999999998465,0.1620000000000026,0.21599999999999753,qso
0.4190000000000005,-0.028999999999999915,-0.0940000000000012,-0.125,wd
1.2046720000000004,0.40295399999999937,0.1817890000000002,0.06156200000000034,star
0.2699999999999996,0.06799999999999784,0.23400000000000176,0.17599999999999838,qso
0.379999999999999,0.39000000000000057,0.07199999999999918,0.46799999999999997,qso
0.5700000000000003,0.29199999999999804,0.25900000000000034,0.12100000000000222,qso
0.10099999999999909,0.1960000000000015,0.0010000000000012221,-0.0730000000000004,qso
0.11200000000000188,-0.32500000000000284,-0.33999999999999986,-0.3089999999999975,wd
0.27500000000000213,-0.04299999999999926,-0.08800000000000097,-0.4510000000000005,wd
1.0679180000000006,0.407665999999999,0.10512699999999953,0.04607700000000037,star
2.402006,1.0222650000000009,0.367243000000002,0.16600299999999812,star
-0.35800000000000054,-0.39000000000000057,-0.3249999999999993,-0.29299999999999926,wd
0.45800000000000196,0.32099999999999795,0.18599999999999994,0.15500000000000114,qso
1.4867109999999997,0.6078060000000001,0.24446999999999974,0.1425459999999994,star
1.0812460000000002,0.3897970000000015,0.1541940000000004,0.03815999999999775,star
0.40000000000000213,0.0799999999999983,-0.00999999999999801,-0.2190000000000012,wd
0.861896999999999,0.17797600000000102,0.19072399999999945,-0.039761000000002156,star
0.013000000000001677,0.13799999999999812,0.21199999999999974,0.1650000000000027,qso
0.477999999999998,-0.1460000000000008,-0.06400000000000006,-0.19099999999999895,wd
-0.02800000000000047,-0.34499999999999886,-0.33000000000000007,-0.3070000000000004,wd
-0.07900000000000063,0.23700000000000188,0.09099999999999753,-0.04099999999999682,qso
0.9529870000000003,0.4288540000000012,0.1755559999999985,0.05436500000000066,star
1.2469780000000021,0.4365239999999986,0.09207500000000124,0.1769319999999972,star
1.0066489999999995,0.3372250000000001,0.12988400000000055,-0.003271000000001578,star
0.14899999999999736,0.012000000000000455,0.17999999999999972,0.06500000000000128,qso
0.5229999999999997,-0.07600000000000051,0.11700000000000088,0.20899999999999963,qso
0.4159999999999968,-0.04999999999999716,-0.13200000000000145,-0.36400000000000077,wd
1.019762,0.26806200000000047,0.0707330000000006,0.012460000000000804,star
0.4759999999999991,0.34699999999999775,1.0290000000000035,0.8789999999999978,wd
0.2789999999999999,0.0329999999999977,0.18900000000000006,0.4720000000000013,qso
1.3188060000000021,0.5284480000000009,0.18614299999999773,0.058400999999999925,star
0.008000000000002672,-0.3030000000000008,-0.3760000000000012,-0.07900000000000063,wd
0.8832450000000023,0.33039099999999877,0.11323700000000159,0.02113599999999849,star
0.24399999999999977,0.22500000000000142,0.08200000000000074,0.030999999999998806,qso
0.2619999999999969,0.03400000000000247,0.3819999999999979,-0.05299999999999727,qso
0.15899999999999892,-0.07099999999999795,-0.12300000000000111,-0.18900000000000006,wd
1.4834890000000023,0.5062099999999994,0.19007500000000022,0.08423999999999765,star
1.004847999999999,0.23073199999999972,0.06087300000000084,-0.009641000000002009,star
0.4319999999999986,0.2940000000000005,0.028000000000002245,0.10899999999999821,qso
1.036009,0.30836299999999994,0.14563400000000115,0.009578999999998672,star
0.08899999999999864,-0.05099999999999838,-0.036999999999999034,0.3260000000000005,qso
0.5399999999999991,0.2170000000000023,0.053999999999998494,0.2560000000000002,qso
0.06099999999999994,-0.33999999999999986,-0.31599999999999895,-0.28699999999999903,wd
1.1898610000000005,0.4191869999999991,0.11611000000000082,0.056381000000000014,star
2.486303999999997,1.2815380000000012,0.5760050000000003,0.34584300000000034,star
2.5881390000000017,1.1424199999999978,0.4245099999999997,0.20973000000000042,star
0.16399999999999793,-0.3689999999999998,-0.24599999999999866,-0.24399999999999977,wd
0.19200000000000017,0.41999999999999815,0.21199999999999974,0.5640000000000001,qso
2.2090619999999994,1.039994,0.5140799999999999,0.03601199999999949,star
0.3569999999999993,-0.15899999999999892,-0.10200000000000031,-0.30799999999999983,wd
2.620796000000002,1.4030559999999994,0.7543869999999995,0.42993200000000087,star
0.125,0.2660000000000018,-0.004000000000001336,0.022999999999999687,qso
0.0710000000000015,0.030000000000001137,0.13899999999999935,0.27199999999999847,qso
1.1891999999999996,0.4456369999999996,0.15389799999999987,0.07081699999999991,star
0.3990000000000009,-0.04100000000000037,0.11700000000000088,0.03999999999999915,qso
1.5268230000000003,0.5685010000000013,0.1999050000000011,0.11283499999999691,star
-0.28999999999999915,-0.45600000000000307,-0.3289999999999971,-0.19400000000000261,wd
0.36299999999999955,0.047999999999998266,-0.055999999999997385,0.1369999999999969,qso
0.48200000000000287,0.2789999999999999,0.21799999999999997,0.2469999999999999,qso
-0.12899999999999778,-0.3420000000000023,-0.16300000000000026,-0.22299999999999898,wd
1.2845900000000015,0.4476099999999992,0.13889900000000033,0.046184999999999476,star
-0.19500000000000028,-0.3890000000000029,-0.26399999999999935,-0.11599999999999966,wd
0.4380000000000024,-0.1910000000000025,-0.1819999999999986,-0.22800000000000153,wd
0.9019999999999975,0.6080000000000005,0.2870000000000026,0.5380000000000003,qso
0.35100000000000264,-0.16100000000000136,-0.21300000000000097,-0.2469999999999999,wd
1.8647500000000008,0.7669440000000005,0.1419870000000003,0.14536399999999894,star
0.24099999999999966,-0.2989999999999995,-0.3069999999999986,-0.3000000000000007,wd
0.0259999999999998,0.10099999999999909,0.24200000000000088,0.0920000000000023,qso
0.06300000000000239,0.2539999999999978,0.019999999999999574,-0.07399999999999807,qso
1.15578,0.4295290000000005,0.18411000000000044,0.08544399999999897,star
0.3810000000000002,0.1269999999999989,0.5429999999999993,0.5100000000000016,wd
1.164628999999998,0.42162000000000077,0.1387780000000003,0.054700000000000415,star
0.3200000000000003,-0.054999999999999716,-0.12200000000000344,-0.16199999999999903,wd
0.12900000000000134,0.20099999999999696,0.17800000000000082,-0.08899999999999864,qso
0.02500000000000213,-0.3500000000000014,-0.29499999999999815,-0.23400000000000176,wd
-0.036000000000001364,0.20700000000000074,-0.03900000000000148,0.7149999999999999,qso
0.4740000000000002,-0.010999999999999233,-0.08600000000000207,-0.2049999999999983,wd
1.4935150000000021,0.6300939999999997,0.24204399999999993,0.10132999999999903,star
0.34199999999999875,0.3760000000000012,0.06799999999999784,0.1460000000000008,qso
0.9233539999999998,0.4878440000000026,0.14587399999999917,0.026361999999998886,star
2.500313000000002,1.1118749999999977,0.45510499999999965,0.21264700000000225,star
0.565999999999999,-0.03999999999999915,-0.054000000000002046,0.3190000000000026,qso
-0.038999999999997925,-0.027000000000001023,0.17599999999999838,0.272000000000002,qso
0.2839999999999989,0.2480000000000011,-0.01699999999999946,-0.030999999999998806,qso
1.1366080000000025,0.4254870000000004,0.14329399999999737,0.024586000000002883,star
0.0470000000000006,-0.365000000000002,-0.3460000000000001,-0.06899999999999906,wd
0.37900000000000134,0.021999999999998465,0.16499999999999915,0.3260000000000005,wd
0.16300000000000026,-0.2740000000000009,-0.2789999999999999,-0.21600000000000108,wd
0.17900000000000205,-0.3390000000000022,-0.125,-0.3539999999999992,wd
0.3620000000000019,0.06499999999999773,-0.05099999999999838,-0.05999999999999872,wd
0.2530000000000001,0.18299999999999983,0.22500000000000142,-0.08200000000000074,qso
0.39000000000000057,0.3769999999999989,0.33999999999999986,0.24599999999999866,qso
0.0779999999999994,0.038000000000000256,0.3279999999999994,0.10500000000000043,qso
1.2216839999999998,0.4512980000000013,0.1776409999999995,0.07869100000000095,star
0.10200000000000031,0.32700000000000173,0.06599999999999895,0.02400000000000091,qso
0.5720000000000027,0.2129999999999974,0.14700000000000202,-0.04899999999999949,wd
1.0649619999999977,0.4866349999999997,0.22862500000000097,0.042348000000000496,star
0.522000000000002,0.45899999999999963,0.4989999999999988,-0.021000000000000796,qso
0.15700000000000003,0.14000000000000057,0.28000000000000114,-0.16799999999999926,qso
0.9277910000000027,0.3364239999999974,0.12132899999999935,0.03344500000000039,star
1.3085139999999988,0.45805500000000166,0.16976499999999994,0.05831300000000006,star
0.35600000000000165,-0.19400000000000261,-0.17599999999999838,-0.16100000000000136,wd
-0.2989999999999995,-0.45700000000000074,-0.32099999999999795,-0.3240000000000016,wd
0.1869999999999976,0.15600000000000236,-0.05900000000000105,-0.14699999999999847,qso
1.0621800000000015,0.3913530000000005,0.15542199999999973,0.002494999999999692,star
0.14000000000000057,0.0779999999999994,0.027000000000001023,-0.0030000000000001137,qso
-0.07600000000000051,-0.24899999999999878,-0.23500000000000298,-0.14099999999999824,wd
0.4789999999999992,0.11000000000000298,0.01699999999999946,-0.08399999999999963,wd
0.620000000000001,0.0730000000000004,0.19200000000000017,-0.09499999999999886,qso
0.41300000000000026,-0.01699999999999946,-0.027000000000001023,0.23300000000000054,qso
2.152090000000001,0.9750230000000002,0.4617140000000006,0.16999799999999965,star
1.7241099999999996,0.6643259999999991,0.11527799999999999,0.22104399999999913,star
-0.23499999999999943,-0.48499999999999943,-0.2940000000000005,-0.1789999999999985,wd
0.2920000000000016,-0.23900000000000077,-0.18100000000000094,-0.21799999999999997,wd
0.6450000000000031,0.11599999999999966,0.11999999999999744,0.1750000000000007,qso
0.15399999999999991,-0.1269999999999989,-0.22900000000000276,0.04100000000000037,wd
-0.0400000000000027,-0.4029999999999987,-0.34199999999999875,-0.36100000000000065,wd
1.576121999999998,0.5975570000000019,0.22226500000000016,0.07868999999999815,star
0.9563689999999987,0.25324600000000075,0.12955499999999986,-0.01470600000000033,star
-0.16600000000000037,-0.2959999999999994,-0.2970000000000006,-0.3100000000000023,wd
0.27199999999999847,0.21000000000000085,-0.03900000000000148,0.04100000000000037,qso
0.19899999999999807,-0.11799999999999855,0.39699999999999847,0.45800000000000196,wd
0.472999999999999,0.1700000000000017,0.06500000000000128,0.22499999999999787,qso
0.43900000000000006,-0.02499999999999858,-0.04100000000000037,-0.10500000000000043,wd
1.1750030000000002,0.417037999999998,0.1630710000000022,0.014062999999996606,star
0.3719999999999999,-0.2959999999999994,-0.2840000000000025,-0.021999999999998465,wd
0.11100000000000065,0.0470000000000006,0.21099999999999852,-0.027000000000001023,qso
1.2029910000000008,0.47973400000000055,0.12903099999999768,0.07631300000000252,star
0.13800000000000168,0.21599999999999753,0.062000000000001165,-0.07199999999999918,qso
-0.4280000000000008,-0.45899999999999963,-0.3180000000000014,-0.3810000000000002,wd
0.896684999999998,0.2793840000000003,0.066554,0.009146999999998684,star
0.18599999999999994,0.19699999999999918,0.13200000000000145,0.006000000000000227,qso
0.6020000000000003,-0.021000000000000796,0.053999999999998494,0.24099999999999966,qso
0.42700000000000315,0.013999999999999346,-0.0259999999999998,-0.1460000000000008,wd
1.0498080000000023,0.4257019999999976,0.16466899999999995,0.03611700000000084,star
0.32500000000000284,-0.10400000000000276,-0.21399999999999864,-0.33500000000000085,wd
1.2134469999999986,0.5001549999999995,0.23584400000000016,0.1435430000000011,star
1.7513279999999973,0.678638000000003,0.22244999999999848,0.08758399999999966,star
-0.07899999999999707,0.007999999999999119,0.3249999999999993,-0.1460000000000008,qso
0.18599999999999994,0.09499999999999886,0.02500000000000213,0.33500000000000085,qso
1.1358470000000018,0.42013999999999996,0.09782399999999924,0.0709610000000005,star
0.05100000000000193,-0.3890000000000029,-0.3039999999999985,-0.04100000000000037,wd
0.053000000000000824,0.21300000000000097,0.0070000000000014495,-0.1410000000000018,qso
0.25400000000000134,0.09199999999999875,0.16600000000000037,-0.08299999999999841,qso
0.43000000000000327,-0.038000000000000256,-0.13100000000000023,-0.0400000000000027,wd
0.05800000000000338,-0.05800000000000338,0.18100000000000094,0.04100000000000037,qso
0.44099999999999895,0.02400000000000091,0.06700000000000017,0.16300000000000026,qso
0.1269999999999989,-0.1529999999999987,0.1269999999999989,0.26399999999999935,qso
0.3990000000000009,-0.20400000000000063,-0.28800000000000026,-0.3030000000000008,wd
0.15500000000000114,0.21899999999999764,0.08699999999999974,0.014000000000002899,qso
0.027999999999998693,0.0020000000000024443,0.22699999999999676,-0.11999999999999744,qso
0.3769999999999989,0.00999999999999801,0.08500000000000085,-0.0030000000000001137,qso
0.0779999999999994,0.12199999999999989,0.3810000000000002,-0.16499999999999915,qso
0.3219999999999992,0.07699999999999818,-0.021999999999998465,-0.1769999999999996,wd
1.0512200000000007,0.31419599999999903,0.1152380000000015,0.04253800000000041,star
0.12900000000000134,-0.35300000000000153,-0.3049999999999997,-0.3719999999999999,wd
0.2699999999999996,0.14099999999999824,0.11700000000000088,0.23900000000000077,qso
0.6039999999999992,0.11400000000000077,-0.015000000000000568,0.16600000000000037,qso
2.561433000000001,1.2957539999999987,0.48930000000000007,0.25859900000000025,star
0.38599999999999923,-0.02699999999999747,-0.03100000000000236,0.053000000000000824,wd
0.4039999999999999,-0.08999999999999986,-0.10200000000000031,-0.11500000000000199,wd
0.027999999999998693,0.2940000000000005,-0.0329999999999977,-0.04600000000000293,qso
1.204894999999997,0.43602399999999975,0.17015000000000136,0.07096800000000059,star
1.0114899999999984,0.32384899999999917,0.10651400000000066,0.02431400000000039,star
0.3710000000000022,0.0519999999999996,0.08699999999999974,0.21399999999999864,qso
0.30700000000000216,-0.03300000000000125,-0.021999999999998465,0.08399999999999963,qso
0.2519999999999989,0.16499999999999915,0.13400000000000034,0.33399999999999963,qso
0.4159999999999968,-0.05699999999999861,-0.16199999999999903,-0.1980000000000004,wd
0.9479810000000022,0.24705900000000014,0.060050999999997856,0.0026910000000022194,star
1.0768829999999987,0.37200400000000045,0.11494300000000024,0.10014699999999976,star
0.504999999999999,0.07400000000000162,-0.008000000000002672,0.5190000000000019,qso
0.657,0.254999999999999,0.11100000000000065,-0.02500000000000213,wd
0.9997669999999985,0.3704169999999998,0.13464100000000023,0.0799430000000001,star
1.1788249999999998,0.4075300000000013,0.16275799999999663,0.017295000000000726,star
1.1946500000000029,0.4298000000000002,0.12945599999999757,0.05667100000000147,star
1.372803000000001,0.4665259999999982,0.1812080000000016,0.06362099999999771,star
1.306555000000003,0.46830899999999787,0.16368300000000247,0.06236799999999931,star
-0.48900000000000077,-0.5400000000000009,-0.38400000000000034,-0.36999999999999744,wd
0.1280000000000001,0.2989999999999995,-0.03100000000000236,-0.06199999999999761,qso
0.44399999999999906,-0.2510000000000012,-0.1529999999999987,-0.3490000000000002,wd
0.11599999999999966,0.17599999999999838,0.08500000000000085,-0.0519999999999996,qso
1.6523739999999982,0.5706060000000015,0.25287799999999905,0.10969599999999957,star
0.3219999999999992,0.03900000000000148,-0.06800000000000139,-0.21899999999999764,wd
1.7436140000000009,0.6504729999999981,0.24701600000000212,0.18008499999999827,star
0.33899999999999864,-0.26599999999999824,-0.1750000000000007,-0.3520000000000003,wd
0.5779999999999994,0.18999999999999773,0.3520000000000003,0.1509999999999998,qso
0.3979999999999997,-0.010000000000001563,-0.04199999999999804,-0.11000000000000298,wd
0.20099999999999696,0.22100000000000009,-0.027999999999998693,-0.23499999999999943,qso
0.11599999999999966,-0.30900000000000105,-0.3249999999999993,-0.2240000000000002,wd
0.9206490000000009,0.2626570000000008,0.09507899999999836,0.04280900000000187,star
1.403855,0.5791689999999985,0.2215310000000006,0.07305099999999953,star
0.915811999999999,0.29497900000000143,0.10203200000000123,0.04004300000000072,star
0.4540000000000006,-0.07199999999999918,-0.2640000000000029,-0.10699999999999932,wd
0.2240000000000002,0.08999999999999986,0.05299999999999727,0.12400000000000233,qso
0.9363090000000014,0.2854600000000005,0.09867099999999951,0.13682400000000072,star
2.268689000000002,0.9687909999999977,0.2667409999999997,0.20467800000000125,star
0.04200000000000159,-0.08000000000000185,-0.17499999999999716,-0.2630000000000017,wd
0.5030000000000001,0.24199999999999733,0.48200000000000287,0.18499999999999872,qso
1.2523710000000001,0.5892869999999988,0.1843590000000006,0.10181299999999993,star
0.25700000000000145,0.2729999999999997,0.08899999999999864,0.018000000000000682,qso
-0.0009999999999976694,0.1059999999999981,0.15399999999999991,0.14000000000000057,qso
0.21199999999999974,0.12099999999999866,0.06800000000000139,0.22299999999999898,qso
0.3309999999999995,0.41600000000000037,0.07900000000000063,0.006999999999997897,qso
1.1170930000000006,0.3872370000000007,0.17029899999999998,0.016970999999999847,star
1.206754,0.46779300000000035,0.1364289999999997,0.034784000000001924,star
0.09700000000000131,0.2530000000000001,0.08099999999999952,0.012000000000000455,qso
1.0365159999999989,0.3491110000000024,0.13986499999999857,0.03996500000000047,star
1.3765350000000005,0.5281219999999998,0.1961959999999987,0.08072700000000133,star
1.6842080000000017,0.6024510000000003,0.2164609999999989,0.09888100000000044,star
0.17100000000000293,0.023999999999997357,0.1739999999999995,0.004000000000001336,qso
0.006999999999997897,-0.3550000000000004,-0.2889999999999979,-0.4430000000000014,wd
0.08599999999999852,0.24599999999999866,-0.03499999999999659,-0.11900000000000333,qso
1.2346959999999996,0.494883999999999,0.21430600000000055,0.12399500000000074,star
0.0660000000000025,-0.36299999999999955,-0.08300000000000196,-0.26599999999999824,wd
1.1817340000000023,0.46718999999999866,0.16209399999999974,0.10213099999999997,star
0.4250000000000007,-0.09299999999999997,-0.07699999999999818,-0.2270000000000003,wd
0.43799999999999883,-0.0849999999999973,-0.1620000000000026,-0.25900000000000034,wd
0.4540000000000006,-0.17999999999999972,-0.19200000000000017,-0.2759999999999998,wd
0.8024290000000001,0.35825399999999874,0.15911799999999943,0.03373900000000063,star
0.5599999999999987,-0.006999999999997897,-0.07000000000000028,-0.08399999999999963,wd
0.4220000000000006,-0.0070000000000014495,-0.012000000000000455,0.23799999999999955,qso
1.4706150000000022,0.5228229999999989,0.21838599999999886,0.09525700000000015,star
0.38899999999999935,-0.24099999999999966,-0.21499999999999986,-0.3000000000000007,wd
0.20500000000000185,0.2309999999999981,0.02499999999999858,-0.07499999999999929,qso
0.3349999999999973,0.14500000000000313,0.26399999999999935,0.11799999999999855,qso
1.1897660000000023,0.39282599999999945,0.1358239999999995,0.046161999999998926,star
0.13700000000000045,0.19000000000000128,0.1559999999999988,-0.021000000000000796,qso
-0.23600000000000065,-0.3949999999999996,-0.1039999999999992,-0.03999999999999915,wd
1.6231270000000002,0.6265889999999992,0.21246900000000224,0.11157400000000095,star
0.4609999999999985,-0.015999999999998238,0.09600000000000009,-0.028999999999999915,qso
0.3730000000000011,0.3119999999999976,0.011000000000002785,-0.09500000000000242,qso
0.40800000000000125,0.03500000000000014,-0.052000000000003155,0.1650000000000027,qso
0.35600000000000165,0.05099999999999838,0.12400000000000233,-0.12700000000000244,qso
0.625,0.13400000000000034,-0.027000000000001023,-0.06099999999999994,wd
-0.006999999999997897,-0.3719999999999999,-0.22300000000000253,-0.2710000000000008,wd
1.2616720000000008,0.4785649999999997,0.10813699999999926,0.04496899999999826,star
0.13299999999999912,-0.25400000000000134,-0.26500000000000057,-0.33699999999999974,wd
0.07500000000000284,0.19799999999999685,-0.08599999999999852,0.019999999999999574,qso
1.4789579999999987,0.3904999999999994,0.23540300000000158,0.045401999999999276,star
1.6356470000000023,0.5524769999999997,0.21216800000000013,0.0695149999999991,star
0.40700000000000003,0.19500000000000028,0.2309999999999981,-0.01899999999999835,qso
1.2477790000000013,0.44103899999999996,0.145859999999999,0.048849000000000586,star
0.14699999999999847,0.2660000000000018,0.24099999999999966,0.0519999999999996,qso
1.8655180000000016,0.750788,0.2630669999999995,0.10689999999999955,star
0.16000000000000014,0.03599999999999781,0.6490000000000009,0.6449999999999996,wd
-0.13200000000000145,-0.36599999999999966,-0.3309999999999995,-0.2469999999999999,wd
2.5229929999999996,1.455755,0.8754219999999986,0.43401399999999946,star
1.4106369999999977,0.5189100000000018,0.19939600000000013,0.09627899999999912,star
0.1700000000000017,0.1739999999999995,0.13100000000000023,-0.06800000000000139,qso
0.5399999999999991,0.2890000000000015,0.08599999999999852,0.16400000000000148,qso
-0.38400000000000034,-0.44399999999999906,-0.36100000000000065,-0.26500000000000057,wd
0.4430000000000014,-0.12300000000000111,-0.10699999999999932,-0.23799999999999955,wd
0.6460000000000008,0.1529999999999987,0.0030000000000001137,0.0030000000000001137,wd
-0.10400000000000276,-0.1819999999999986,-0.3000000000000007,-0.14899999999999736,wd
-0.32700000000000173,-0.4819999999999993,-0.3009999999999984,-0.03200000000000003,wd
0.23100000000000165,0.04199999999999804,0.23500000000000298,-0.2140000000000022,qso
2.2383679999999977,1.097448,0.4159770000000016,0.14277500000000032,star
0.3979999999999997,-0.28500000000000014,-0.18799999999999883,0.06599999999999895,wd
2.174913,0.9199760000000019,0.33984799999999815,0.22617499999999957,star
0.11700000000000088,0.17299999999999827,0.48499999999999943,0.07000000000000028,qso
-0.13600000000000279,-0.36999999999999744,-0.2989999999999995,-0.41600000000000037,wd
0.3289999999999971,-0.05999999999999872,-0.08099999999999952,-0.19000000000000128,wd
0.2539999999999978,0.005000000000002558,0.0589999999999975,0.23400000000000176,qso
0.977999999999998,0.8270000000000017,1.1630000000000003,0.5790000000000006,wd
0.9947770000000009,0.3475319999999993,0.07827499999999965,0.02280100000000118,star
0.030000000000001137,0.2660000000000018,0.036999999999999034,0.0519999999999996,qso
0.4740000000000002,-0.11700000000000088,-0.17099999999999937,-0.26399999999999935,wd
-0.2259999999999991,-0.4440000000000026,-0.35199999999999676,-0.20700000000000074,wd
-0.08099999999999952,0.13599999999999923,0.3210000000000015,0.14499999999999957,qso
-0.16300000000000026,-0.4510000000000005,-0.2989999999999995,-0.30400000000000205,wd
0.09700000000000131,0.05799999999999983,0.33699999999999974,-0.14999999999999858,qso
0.4090000000000025,0.25099999999999767,0.020000000000003126,-0.05800000000000338,wd
0.30700000000000216,-0.10200000000000031,0.1280000000000001,0.04100000000000037,qso
0.03200000000000003,0.1670000000000016,0.1789999999999985,0.0010000000000012221,qso
0.915808000000002,0.27167299999999983,0.18950299999999842,0.007094000000002154,star
-0.12900000000000134,-0.33999999999999986,-0.3069999999999986,-0.1390000000000029,wd
0.47800000000000153,0.13100000000000023,0.04400000000000048,0.0,wd
2.265796999999999,1.1529440000000015,0.42486399999999946,0.2514430000000001,star
2.4369869999999985,1.1429210000000012,0.4225650000000005,0.2511100000000006,star
2.580788000000002,1.2569439999999972,0.5922840000000029,0.2685499999999994,star
1.4027540000000016,0.500201999999998,0.19880700000000218,0.04972499999999869,star
0.4239999999999995,0.16900000000000048,0.1720000000000006,-0.09100000000000108,qso
0.15899999999999892,0.23900000000000077,0.0,0.2010000000000005,qso
0.3149999999999977,-0.08099999999999952,0.5560000000000009,0.6469999999999985,wd
2.3183969999999974,1.0055210000000017,0.338436999999999,0.18614700000000006,star
0.4870000000000019,-0.1460000000000008,-0.15399999999999991,-0.2270000000000003,wd
1.6823440000000005,0.719221000000001,0.2575669999999981,0.1260600000000025,star
1.4819999999999993,0.8290000000000006,0.5859999999999985,0.23300000000000054,qso
1.117086999999998,0.4071379999999998,0.15571399999999969,0.09414100000000047,star
0.009000000000000341,-0.3550000000000004,-0.28500000000000014,-0.30100000000000193,wd
1.196116,0.4689520000000016,0.1433940000000007,0.08873399999999876,star
0.15300000000000225,0.2309999999999981,0.17800000000000082,0.0019999999999988916,qso
1.0519730000000003,0.3998020000000011,0.15225399999999922,0.012759000000000853,star
2.4352630000000026,0.9764899999999983,0.2925350000000009,0.1928599999999996,star
1.8910060000000009,0.7483529999999998,0.288905999999999,0.13434900000000027,star
0.375,0.4230000000000018,0.33399999999999963,0.3689999999999998,qso
0.44399999999999906,-0.2010000000000005,-0.27199999999999847,-0.21499999999999986,wd
0.028999999999999915,-0.3990000000000009,-0.3249999999999993,-0.4090000000000025,wd
0.012000000000000455,0.08800000000000097,0.2589999999999968,0.06300000000000239,qso
0.15000000000000213,0.0329999999999977,0.08500000000000085,-0.13299999999999912,qso
0.8580000000000005,0.0519999999999996,0.21300000000000097,0.21499999999999986,qso
1.7571849999999998,0.6922110000000004,0.28164999999999907,-0.2871510000000015,star
0.29299999999999926,0.30900000000000105,0.6720000000000006,0.5339999999999989,wd
1.058796000000001,0.3838249999999981,0.17054800000000014,0.030754000000001724,star
0.2699999999999996,-0.07499999999999929,-0.10500000000000043,-0.254999999999999,wd
0.45700000000000074,0.2510000000000012,0.01899999999999835,0.1039999999999992,qso
0.1750000000000007,-0.3509999999999991,-0.2840000000000025,0.18400000000000105,wd
1.6010549999999988,0.612289999999998,0.28020700000000076,0.12704199999999943,star
1.5428829999999998,0.5457940000000008,0.1818649999999984,0.07922599999999846,star
1.1293279999999974,0.39664100000000246,0.15457299999999918,0.06340699999999977,star
0.3689999999999998,0.26200000000000045,0.3539999999999992,0.21499999999999986,qso
0.1960000000000015,0.1509999999999998,0.21399999999999864,0.04499999999999815,qso
0.17800000000000082,0.12299999999999756,0.2240000000000002,-0.08299999999999841,qso
-0.015999999999998238,-0.26699999999999946,-0.24099999999999966,-0.15000000000000213,wd
0.07400000000000162,-0.26500000000000057,-0.28999999999999915,-0.25900000000000034,wd
0.15800000000000125,0.023999999999997357,0.2840000000000025,-0.14700000000000202,qso
0.1039999999999992,0.33000000000000185,0.1109999999999971,-0.0329999999999977,qso
0.30900000000000105,0.5909999999999975,0.18599999999999994,0.20400000000000063,qso
0.10500000000000043,-0.2270000000000003,-0.26500000000000057,-0.29199999999999804,wd
1.240321999999999,0.44736699999999985,0.15961599999999976,0.08410300000000248,star
0.0329999999999977,0.28300000000000125,0.14699999999999847,-0.053999999999998494,qso
1.1323340000000002,0.4139330000000001,0.15450099999999978,0.05743400000000065,star
2.443885999999999,1.0729370000000014,0.36263100000000037,0.19971299999999914,star
0.4540000000000006,-0.018000000000000682,0.2729999999999997,0.09700000000000131,qso
0.14699999999999847,0.010999999999999233,0.240000000000002,-0.004999999999999005,qso
0.29199999999999804,-0.3219999999999992,-0.28500000000000014,-0.18799999999999883,wd
1.3018030000000014,0.4336450000000003,0.138795,-0.003425999999999263,star
0.14499999999999957,0.16400000000000148,0.11499999999999844,0.125,qso
0.240000000000002,0.16499999999999915,0.11899999999999977,0.1460000000000008,qso
0.28100000000000236,0.20399999999999707,-0.2069999999999972,0.16900000000000048,qso
1.732651999999998,0.7174050000000012,0.23833500000000107,0.12412400000000012,star
0.46199999999999974,0.20800000000000196,0.018000000000000682,-0.0779999999999994,wd
0.38200000000000145,-0.18499999999999872,-0.17800000000000082,-0.20400000000000063,wd
-0.07000000000000028,0.1280000000000001,0.370000000000001,0.14999999999999858,qso
0.01699999999999946,0.24899999999999878,0.026000000000003354,-0.08300000000000196,qso
-0.018000000000000682,0.1440000000000019,0.16799999999999926,0.23699999999999832,qso
0.41600000000000037,0.03599999999999781,-0.10499999999999687,0.1339999999999968,qso
0.32399999999999807,0.245000000000001,0.21399999999999864,-0.11999999999999744,qso
2.269833000000002,1.0022359999999981,0.3452169999999999,0.20486000000000004,star
0.9118050000000011,0.361895999999998,0.11335200000000256,0.05177699999999774,star
0.12900000000000134,-0.013000000000001677,0.25400000000000134,-0.05799999999999983,qso
0.15100000000000335,-0.30500000000000327,-0.25099999999999767,-0.1180000000000021,wd
1.2850360000000016,0.4578819999999979,0.14985100000000173,0.04852399999999868,star
0.0519999999999996,0.07800000000000296,0.20099999999999696,0.22000000000000242,qso
1.1340000000000003,0.9100000000000001,1.3079999999999998,0.7539999999999996,wd
0.3490000000000002,-0.21199999999999974,-0.19500000000000028,-0.3379999999999974,wd
1.4975830000000023,0.5560149999999986,0.16676299999999955,0.12966000000000122,star
-0.10500000000000043,-0.2789999999999999,-0.3210000000000015,-0.2129999999999974,wd
1.613422,0.6460909999999984,0.2092799999999997,0.11381599999999992,star
-0.23900000000000077,-0.3319999999999972,-0.24900000000000233,-0.3879999999999981,wd
1.2345250000000014,0.40978999999999743,0.151524000000002,0.08232299999999881,star
1.385583999999998,0.49508100000000077,0.15107099999999996,0.10683300000000173,star
0.08600000000000207,0.5459999999999994,0.2510000000000012,0.5169999999999995,qso
0.11700000000000088,0.2740000000000009,0.018000000000000682,-0.07400000000000162,qso
1.2581580000000017,0.5562559999999976,0.2122230000000016,0.09246599999999994,star
0.3990000000000009,-0.2220000000000013,-0.24199999999999733,0.2270000000000003,wd
0.5889999999999986,0.31099999999999994,0.2920000000000016,0.038000000000000256,qso
0.44899999999999807,0.2530000000000001,0.13000000000000256,0.2579999999999991,qso
-0.030999999999998806,-0.3520000000000003,-0.30400000000000205,-0.27199999999999847,wd
0.0020000000000024443,-0.03400000000000247,0.2920000000000016,0.022999999999999687,qso
1.6337340000000005,0.5865359999999988,0.259443000000001,0.06369199999999964,star
-0.11299999999999955,-0.39199999999999946,-0.38899999999999935,-0.22500000000000142,wd
1.553718,0.6607570000000003,0.17388400000000104,0.09956299999999985,star
1.2421659999999992,0.4828739999999989,0.1554700000000011,0.08944699999999983,star
0.1490000000000009,0.05299999999999727,0.2480000000000011,-0.1059999999999981,qso
0.517000000000003,0.5529999999999973,1.029,0.6700000000000017,wd
-0.30299999999999727,-0.4120000000000026,-0.31099999999999994,-0.34199999999999875,wd
-0.03399999999999892,0.2220000000000013,0.6159999999999997,-0.10100000000000264,qso
0.8160000000000025,0.10099999999999909,0.21999999999999886,0.32200000000000273,qso
0.17900000000000205,0.38400000000000034,0.07699999999999818,0.12399999999999878,qso
0.1769999999999996,-0.018000000000000682,-0.1269999999999989,-0.1769999999999996,wd
1.8503439999999998,0.7298319999999983,0.29254099999999994,0.11732200000000148,star
0.5070000000000014,-0.1700000000000017,-0.18700000000000117,-0.21399999999999864,wd
-0.05100000000000193,0.012000000000000455,0.21199999999999974,0.24099999999999966,qso
0.9641850000000005,0.3212440000000001,0.12370500000000106,0.0657040000000002,star
0.3810000000000002,-0.08699999999999974,0.18299999999999983,0.5249999999999986,wd
0.46399999999999864,-0.1529999999999987,-0.13800000000000168,-0.15899999999999892,wd
0.3009999999999984,0.06500000000000128,-0.004999999999999005,-0.06599999999999895,wd
2.5505940000000002,1.3531169999999975,0.7243240000000011,0.29603999999999964,star
0.0019999999999988916,-0.3550000000000004,-0.28500000000000014,-0.347999999999999,wd
1.9854470000000006,0.7159620000000011,0.3480319999999999,0.13311900000000065,star
2.435953999999999,1.1048310000000008,0.35031500000000193,0.23288899999999835,star
2.3838749999999997,0.9127140000000011,0.3544249999999991,0.1263450000000006,star
0.3440000000000012,-0.10999999999999943,0.1269999999999989,-0.2270000000000003,qso
0.03500000000000014,-0.030000000000001137,0.19399999999999906,-0.045999999999999375,qso
0.7270000000000003,0.26899999999999835,0.20500000000000185,0.09999999999999787,qso
0.8533919999999995,0.26900499999999994,0.0733499999999978,0.032256000000000284,star
0.29399999999999693,-0.0849999999999973,-0.09700000000000131,-0.16199999999999903,wd
0.365000000000002,0.010999999999999233,-0.028999999999999915,-0.14700000000000202,wd
0.5109999999999992,-0.01799999999999713,0.3409999999999975,0.5,wd
-0.013999999999999346,-0.23600000000000065,-0.1880000000000024,-0.07899999999999707,wd
0.7290000000000028,0.25,0.3949999999999996,0.04499999999999815,qso
1.829149000000001,0.629995000000001,0.20911100000000005,0.10498600000000025,star
0.15200000000000102,0.07699999999999818,0.21000000000000085,-0.01899999999999835,qso
0.14700000000000202,0.08699999999999974,0.08399999999999963,0.13899999999999935,qso
0.5009999999999977,0.31400000000000006,0.28100000000000236,0.28200000000000003,qso
0.8726960000000012,0.295577999999999,0.10240900000000153,0.04061700000000101,star
1.5524500000000003,0.614812999999998,0.18904799999999966,0.08841100000000068,star
1.3384,0.5576239999999988,0.19798600000000022,0.15582200000000057,star
0.13799999999999812,-0.16600000000000037,-0.18900000000000006,-0.1819999999999986,wd
-0.2469999999999999,-0.43299999999999983,-0.3979999999999997,-0.31200000000000117,wd
0.2799999999999976,0.5030000000000001,0.11299999999999955,0.014000000000002899,qso
1.2344399999999993,0.3444980000000015,0.2539200000000008,0.05437200000000075,star
1.3572510000000015,0.5097960000000015,0.18386100000000027,0.08955499999999716,star
0.7169999999999987,0.29299999999999926,0.40000000000000213,0.1269999999999989,qso
0.06899999999999906,-0.03399999999999892,0.28999999999999915,0.028999999999999915,qso
1.1699009999999994,0.41613200000000106,0.15067299999999761,0.048754000000002407,star
0.21899999999999764,0.13000000000000256,0.31899999999999906,0.007999999999999119,qso
0.09699999999999953,0.2789999999999999,0.057000000000000384,0.004999999999999005,qso
2.6185839999999985,1.1977080000000022,0.5014009999999978,0.259919,star
-0.11700000000000088,-0.32299999999999685,-0.37400000000000233,-0.20400000000000063,wd
1.3552670000000013,0.4952900000000007,0.162901999999999,0.03235100000000024,star
0.527000000000001,0.5920000000000023,0.1479999999999997,0.053999999999998494,qso
0.5539999999999985,-0.04899999999999949,-0.10200000000000031,-0.07000000000000028,wd
1.3854080000000017,0.5756149999999991,0.21931599999999918,0.08809200000000139,star
0.5120000000000005,0.027000000000001023,-0.006000000000000227,0.10899999999999821,qso
0.21999999999999886,0.34199999999999875,0.04200000000000159,-0.013999999999999346,qso
0.16999999999999815,-0.2989999999999995,-0.26399999999999935,-0.21000000000000085,wd
0.3019999999999996,0.053000000000000824,-0.10699999999999932,-0.19400000000000261,wd
0.4670000000000023,0.1769999999999996,-0.02400000000000091,-0.1039999999999992,wd
0.3359999999999985,-0.07399999999999807,-0.09799999999999898,-0.16400000000000148,wd
0.25400000000000134,-0.2890000000000015,-0.24799999999999756,-0.25900000000000034,wd
0.5039999999999978,-0.24499999999999744,-0.1620000000000026,-0.08099999999999952,wd
0.07200000000000273,-0.3130000000000024,-0.2989999999999995,-0.18799999999999883,wd
1.1821800000000025,0.41529299999999836,0.10975099999999927,0.04938900000000146,star
0.2710000000000008,-0.2989999999999995,-0.19399999999999906,-0.25400000000000134,wd
0.9796890000000005,0.2581939999999996,0.09055700000000044,0.05184799999999967,star
0.21600000000000108,0.19199999999999662,0.02500000000000213,0.03500000000000014,qso
0.22100000000000009,-0.15700000000000003,0.47800000000000153,0.5869999999999997,wd
0.3309999999999995,0.16499999999999915,0.18400000000000105,-0.019000000000001904,qso
1.9793480000000017,0.7595780000000012,0.29232399999999714,0.14852800000000244,star
0.021999999999998465,-0.375,-0.2579999999999991,-0.28699999999999903,wd
0.6290000000000013,0.9639999999999986,0.5579999999999998,0.26000000000000156,wd
0.44700000000000273,0.03200000000000003,-0.06800000000000139,-0.18400000000000105,wd
1.4514139999999998,0.5878620000000012,0.24779399999999896,0.12795600000000107,star
0.4789999999999992,0.1670000000000016,0.0519999999999996,-0.06800000000000139,wd
0.3410000000000011,0.1280000000000001,0.0470000000000006,0.09600000000000009,qso
-0.10000000000000142,-0.34999999999999787,-0.20500000000000185,-0.08299999999999841,wd
0.0799999999999983,-0.3299999999999983,-0.26500000000000057,-0.30799999999999983,wd
0.46799999999999997,-0.07600000000000051,-0.15600000000000236,-0.13899999999999935,wd
-0.03400000000000247,-0.2889999999999979,-0.20700000000000074,-0.18299999999999983,wd
2.808928999999999,1.4021660000000011,0.6950160000000007,0.3868139999999993,star
0.006000000000000227,-0.36299999999999955,-0.26099999999999923,-0.4200000000000017,wd
0.1509999999999998,0.17099999999999937,-0.04299999999999926,0.07099999999999795,qso
0.2809999999999988,0.0940000000000012,0.01699999999999946,0.20599999999999952,qso
0.21600000000000108,0.2839999999999989,-0.003999999999997783,-0.08900000000000219,qso
0.9358290000000018,0.3289849999999994,0.12712099999999893,0.02892800000000051,star
0.03100000000000236,0.16600000000000037,-0.006000000000000227,0.07600000000000051,qso
0.3160000000000025,-0.045000000000001705,-0.1269999999999989,-0.21799999999999997,wd
0.17600000000000193,0.2289999999999992,0.36100000000000065,-0.10700000000000287,qso
0.9718240000000016,0.223571999999999,0.06347700000000067,0.003504999999998759,star
-0.14499999999999957,-0.21100000000000207,-0.24299999999999855,-0.31599999999999895,wd
-0.054999999999999716,-0.3930000000000007,-0.19000000000000128,-0.21099999999999852,wd
0.5549999999999997,-0.24299999999999855,-0.25,-0.20200000000000173,wd
0.142000000000003,-0.15900000000000247,-0.16499999999999915,-0.38700000000000045,wd
0.2699999999999996,0.129999999999999,0.2530000000000001,-0.07499999999999929,qso
1.1456489999999988,0.4276660000000003,0.12755199999999967,-0.0064859999999988815,star
0.33899999999999864,-0.05000000000000071,0.06800000000000139,-0.03300000000000125,qso
0.2270000000000003,-0.036999999999999034,-0.054999999999999716,-0.2510000000000012,wd
0.13200000000000145,0.028999999999999915,0.22499999999999787,0.17100000000000293,qso
0.43400000000000105,-0.12199999999999989,-0.17300000000000182,-0.24799999999999756,wd
0.43700000000000117,-0.01899999999999835,0.4609999999999985,0.6340000000000003,wd
0.3349999999999973,-0.26699999999999946,-0.2789999999999999,-0.36100000000000065,wd
-0.06400000000000006,-0.2729999999999997,-0.24299999999999855,-0.21100000000000207,wd
0.3460000000000001,0.3329999999999984,0.4480000000000004,0.3150000000000013,qso
0.17599999999999838,-0.2270000000000003,0.1700000000000017,0.37099999999999866,wd
1.2890359999999994,0.427757999999999,0.1654440000000008,0.06066399999999916,star
0.8828720000000025,0.269247,0.12911199999999923,0.0052279999999989,star
0.39800000000000324,-0.2640000000000029,-0.16000000000000014,-0.2539999999999978,wd
0.8995400000000018,0.2829429999999995,0.11194799999999816,0.01556200000000274,star
0.1980000000000004,0.14300000000000068,0.26099999999999923,0.006000000000000227,qso
0.2699999999999996,0.120000000000001,0.3769999999999989,0.43299999999999983,qso
0.33999999999999986,0.14700000000000202,0.06299999999999883,0.1999999999999993,qso
0.38700000000000045,-0.0400000000000027,-0.20899999999999963,-0.19399999999999906,wd
2.0417179999999995,0.8071300000000008,0.29684699999999964,0.16529900000000097,star
0.8726309999999984,0.24244600000000105,0.11555299999999846,-0.02455599999999869,star
0.48799999999999955,-0.09999999999999787,0.0259999999999998,0.06099999999999994,qso
0.16000000000000014,0.053000000000000824,0.17999999999999972,0.1910000000000025,qso
2.802734000000001,1.3615569999999977,0.6754900000000017,0.4238920000000004,star
2.0137269999999994,0.8094520000000003,0.2303619999999995,0.15099099999999765,star
1.438677000000002,0.5190179999999991,0.17360299999999995,0.14936999999999934,star
0.41999999999999815,-0.013999999999999346,-0.047999999999998266,-0.08300000000000196,wd
0.402000000000001,0.20899999999999963,0.4339999999999975,0.004000000000001336,qso
1.0578280000000007,0.3211100000000009,0.09610799999999742,0.05319200000000279,star
-0.12900000000000134,-0.3299999999999983,-0.2950000000000017,-0.07499999999999929,wd
2.2999570000000027,0.9029999999999987,0.298527,0.15953000000000017,star
1.1616120000000016,0.41330899999999815,0.17207300000000103,0.04793399999999792,star
0.39199999999999946,-0.254999999999999,-0.33699999999999974,-0.3360000000000021,wd
1.1148800000000012,0.41010299999999944,0.11615100000000034,0.044325999999999866,star
0.09700000000000131,-0.21199999999999974,-0.18100000000000094,0.11499999999999844,wd
1.3471829999999976,0.4307370000000006,0.14619599999999977,0.09779600000000066,star
0.3009999999999984,-0.2989999999999995,-0.27199999999999847,-0.18900000000000006,wd
0.504999999999999,0.07900000000000063,0.053000000000000824,-0.021000000000000796,wd
-0.0799999999999983,-0.3490000000000002,0.007999999999999119,-0.11199999999999832,wd
0.8372339999999987,0.24401900000000154,0.09120300000000015,0.01884499999999889,star
0.26000000000000156,0.0009999999999976694,0.1440000000000019,0.2629999999999981,qso
0.9196210000000029,0.29956799999999717,0.12668000000000035,0.03630800000000178,star
0.9565889999999975,0.32818700000000334,0.10462999999999667,0.044714000000002585,star
0.3030000000000008,-0.3009999999999984,-0.17800000000000082,-0.062000000000001165,wd
-0.006000000000000227,0.1789999999999985,-0.07600000000000051,-0.0329999999999977,qso
0.38700000000000045,-0.0010000000000012221,-0.07199999999999918,-0.18100000000000094,wd
-0.25900000000000034,-0.5389999999999979,-0.33300000000000196,-0.10999999999999943,wd
-0.10000000000000142,-0.32599999999999696,-0.24099999999999966,-0.28500000000000014,wd
-0.003999999999997783,0.2749999999999986,0.0779999999999994,-0.06099999999999994,qso
2.3932590000000005,0.9447720000000004,0.303272999999999,0.1065649999999998,star
0.5039999999999978,0.08000000000000185,0.030999999999998806,-0.027999999999998693,wd
2.5626929999999994,1.1951560000000008,0.48262800000000006,0.24867099999999986,star
0.17999999999999972,0.3509999999999991,0.06700000000000017,0.008000000000002672,qso
0.26899999999999835,0.06800000000000139,0.11200000000000188,0.14099999999999824,qso
0.2359999999999971,0.005000000000002558,-0.019000000000001904,0.1960000000000015,qso
0.4640000000000022,-0.26000000000000156,-0.23999999999999844,-0.005000000000002558,wd
-0.0259999999999998,-0.3960000000000008,-0.28000000000000114,-0.3719999999999999,wd
2.077648,0.8418960000000002,0.3435220000000001,0.10802099999999903,star
0.05100000000000193,0.2289999999999992,0.5210000000000008,-0.37900000000000134,qso
1.1009370000000018,0.39700699999999856,0.14301800000000142,0.01637500000000003,star
0.2959999999999994,-0.07699999999999818,-0.120000000000001,0.129999999999999,wd
0.0990000000000002,0.17299999999999827,0.20700000000000074,0.4559999999999995,qso
0.29299999999999926,0.009000000000000341,-0.0730000000000004,0.13300000000000267,qso
0.15300000000000225,-0.29299999999999926,-0.24099999999999966,-0.22800000000000153,wd
0.6239999999999988,0.6449999999999996,0.5399999999999991,0.028999999999999915,qso
0.3160000000000025,0.08399999999999963,0.00999999999999801,0.13400000000000034,qso
2.6010240000000024,1.2091579999999986,0.4525849999999991,0.262335000000002,star
0.2970000000000006,-0.05900000000000105,0.036000000000001364,-0.0070000000000014495,qso
0.13599999999999923,-0.17299999999999827,-0.12600000000000122,-0.3509999999999991,wd
0.48999999999999844,-0.2959999999999994,-0.21199999999999974,-0.03399999999999892,wd
-0.08600000000000207,-0.14099999999999824,0.31599999999999895,0.1670000000000016,qso
0.5100000000000016,-0.03300000000000125,-0.16999999999999815,-0.10600000000000165,wd
1.251971000000001,0.4170479999999994,0.13355400000000017,0.004012000000001237,star
-0.3409999999999993,-0.42300000000000004,-0.31900000000000084,-0.26200000000000045,wd
1.1687700000000003,0.4358150000000016,0.13713399999999965,0.03295299999999912,star
0.3949999999999996,0.0400000000000027,-0.1479999999999997,-0.08800000000000097,wd
0.9979040000000019,0.339499,0.12639799999999823,0.021414000000000044,star
0.22800000000000153,0.16100000000000136,0.023999999999997357,0.2220000000000013,qso
-0.0519999999999996,-0.0799999999999983,0.34299999999999997,0.10500000000000043,qso
0.18099999999999739,0.21499999999999986,0.1930000000000014,-0.0019999999999988916,qso
0.8309999999999995,0.1960000000000015,0.14199999999999946,0.28699999999999903,qso
-0.14499999999999957,-0.4349999999999987,-0.277000000000001,-0.030999999999998806,wd
1.024829999999998,0.33441700000000196,0.15209399999999818,0.015575000000001893,star
0.9972959999999986,0.31312300000000093,0.1290130000000005,0.002327000000001078,star
0.4549999999999983,-0.10500000000000043,-0.17799999999999727,-0.21499999999999986,wd
0.4759999999999991,0.1739999999999995,-0.004000000000001336,-0.16799999999999926,wd
0.10100000000000264,0.12099999999999866,0.13800000000000168,0.21999999999999886,qso
2.066929000000002,0.8948099999999997,0.332374999999999,0.15546000000000149,star
1.9216310000000014,0.7950839999999992,0.2825640000000007,0.15245799999999932,star
1.0097790000000018,0.37895599999999874,0.15723999999999805,0.006902000000000186,star
0.0470000000000006,0.21899999999999764,0.021000000000000796,0.0259999999999998,qso
1.5598300000000016,0.5687649999999991,0.22912599999999905,0.12454800000000077,star
0.08000000000000185,0.2480000000000011,-0.021000000000000796,-0.14700000000000202,qso
1.2067890000000006,0.4407810000000012,0.17897099999999888,0.029306000000000054,star
-0.1269999999999989,-0.2630000000000017,-0.28999999999999915,-0.17599999999999838,wd
0.14300000000000068,0.07600000000000051,0.18700000000000117,0.08799999999999741,qso
-0.0779999999999994,-0.3550000000000004,-0.2959999999999994,-0.23700000000000188,wd
0.28500000000000014,0.245000000000001,0.07899999999999707,0.23000000000000043,qso
-0.053000000000000824,-0.17999999999999972,-0.21300000000000097,-0.0730000000000004,wd
0.23799999999999955,0.11799999999999855,0.34299999999999997,-0.11199999999999832,qso
-0.015000000000000568,-0.028999999999999915,0.35999999999999943,0.05099999999999838,qso
0.2980000000000018,-0.10200000000000031,-0.20800000000000196,0.045000000000001705,wd
0.16100000000000136,0.012999999999998124,0.20899999999999963,-0.46399999999999864,qso
2.337774000000003,1.187498999999999,0.4730270000000001,0.2884089999999997,star
0.5119999999999969,-0.21099999999999852,-0.1039999999999992,-0.29299999999999926,wd
1.8664799999999993,0.7448900000000016,0.28068199999999877,0.11281400000000019,star
0.4819999999999993,0.07600000000000051,-0.030999999999998806,0.05600000000000094,qso
1.3925710000000002,0.5547390000000014,0.22870599999999897,0.1621270000000017,star
0.41300000000000026,-0.13400000000000034,-0.10699999999999932,-0.2630000000000017,wd
0.07199999999999918,0.0519999999999996,0.21499999999999986,0.07600000000000051,qso
0.31099999999999994,0.4869999999999983,0.07400000000000162,0.0,qso
1.8372059999999983,0.7722650000000009,0.3145869999999995,0.19097900000000045,star
0.2989999999999995,0.21100000000000207,0.15899999999999892,0.12399999999999878,qso
0.4269999999999996,-0.2029999999999994,-0.1769999999999996,-0.22900000000000276,wd
0.13500000000000156,0.2970000000000006,0.18599999999999994,0.1869999999999976,qso
0.33200000000000074,0.1769999999999996,-0.004999999999999005,0.21999999999999886,qso
1.0028000000000006,0.40007400000000004,0.19329199999999958,0.11937199999999848,star
0.08600000000000207,0.04400000000000048,0.2539999999999978,0.053000000000000824,qso
-0.32200000000000273,-0.42799999999999727,-0.38400000000000034,-0.1670000000000016,wd
1.0901770000000006,0.3383919999999989,0.1575799999999994,0.04474199999999939,star
-0.06099999999999994,-0.4380000000000024,-0.3119999999999976,-0.3460000000000001,wd
1.6284450000000028,0.754491999999999,0.21046799999999877,0.06545799999999957,star
0.25900000000000034,-0.23300000000000054,-0.2690000000000019,-0.17199999999999704,wd
0.5,-0.2240000000000002,-0.24399999999999977,-0.3260000000000005,wd
0.06700000000000017,0.21799999999999997,0.020999999999997243,0.027000000000001023,qso
0.2220000000000013,-0.26099999999999923,-0.20400000000000063,-0.17599999999999838,wd
0.17099999999999937,-0.3550000000000004,-0.27699999999999747,-0.2140000000000022,wd
0.10699999999999932,0.11899999999999977,-0.06499999999999773,0.09999999999999787,qso
1.6937719999999992,0.6349040000000024,0.2981609999999968,0.08286500000000174,star
-0.2190000000000012,-0.003999999999997783,0.27199999999999847,0.15700000000000003,qso
0.3930000000000007,0.21099999999999852,-0.038999999999997925,0.15899999999999892,qso
-0.004999999999999005,0.17099999999999937,-0.022999999999999687,-0.21799999999999997,qso
0.4580000000000002,-0.30299999999999905,-0.20300000000000118,-0.27500000000000036,wd
0.5240000000000009,0.16899999999999693,0.04600000000000293,0.16000000000000014,qso
0.2539999999999978,0.18499999999999872,-0.038999999999997925,-0.004000000000001336,qso
0.5800000000000018,0.08599999999999852,0.02500000000000213,0.14899999999999736,qso
0.18799999999999883,0.02499999999999858,0.15600000000000236,0.08299999999999841,qso
0.15499999999999758,-0.04299999999999926,0.31599999999999895,0.038000000000000256,qso
1.7504899999999992,0.8193170000000016,0.2831629999999983,0.17384100000000302,star
0.08399999999999963,0.2240000000000002,-0.2079999999999984,0.1559999999999988,qso
0.0470000000000006,0.062000000000001165,0.3149999999999977,0.12300000000000111,qso
1.0973070000000007,0.45248399999999833,0.19083000000000183,0.11146600000000007,star
-0.08399999999999963,-0.32700000000000173,-0.27199999999999847,-0.26399999999999935,wd
0.14399999999999835,-0.011999999999996902,0.24299999999999855,-0.03500000000000014,qso
0.39099999999999824,0.20899999999999963,0.08800000000000097,0.22500000000000142,qso
0.3569999999999993,-0.26099999999999923,-0.16400000000000148,-0.2859999999999978,wd
0.49599999999999866,0.8520000000000003,0.3470000000000013,0.666999999999998,qso
0.38899999999999935,-0.2909999999999968,-0.32800000000000296,-0.21599999999999753,wd
0.24599999999999866,-0.3180000000000014,-0.2619999999999969,-0.3780000000000001,wd
0.18700000000000117,0.1509999999999998,0.23499999999999943,-0.06599999999999895,qso
1.0724149999999995,0.37081300000000184,0.12373499999999993,0.05211100000000002,star
0.3260000000000005,0.30799999999999983,0.245000000000001,0.03999999999999915,qso
0.3490000000000002,-0.028000000000002245,-0.07099999999999795,-0.12199999999999989,wd
1.9793129999999977,0.7920429999999996,0.3126380000000033,0.15441499999999664,star
0.30500000000000327,0.11399999999999721,0.25,-0.022999999999999687,qso
0.3019999999999996,0.028999999999999915,0.3410000000000011,-0.0730000000000004,qso
0.4209999999999994,-0.0940000000000012,-0.09299999999999997,-0.11599999999999966,wd
0.35300000000000153,-0.07700000000000173,-0.11999999999999744,-0.20800000000000196,wd
1.4707280000000011,0.5649329999999999,0.20355999999999952,0.08442499999999953,star
0.3620000000000019,-0.38200000000000145,-0.19699999999999918,-0.2480000000000011,wd
0.3620000000000019,-0.10600000000000165,-0.21699999999999875,-0.21000000000000085,wd
0.42299999999999827,-0.10300000000000153,-0.1839999999999975,-0.09100000000000108,wd
1.832763,0.676399,0.314076,0.1653400000000005,star
0.4140000000000015,-0.16199999999999903,-0.20599999999999952,-0.3420000000000023,wd
0.29299999999999926,0.038000000000000256,0.06700000000000017,0.09299999999999997,qso
-0.46399999999999864,-0.536999999999999,-0.38300000000000267,-0.27399999999999736,wd
0.2579999999999991,-0.1109999999999971,0.09999999999999787,0.3440000000000012,qso
2.218363,0.848276000000002,0.33730699999999914,0.16940800000000067,star
0.009000000000000341,-0.19200000000000017,-0.19799999999999685,-0.1410000000000018,wd
1.1632370000000023,0.387713999999999,0.23895299999999864,0.028455000000001007,star
0.1280000000000001,0.2629999999999981,0.0710000000000015,0.12899999999999778,qso
0.02499999999999858,-0.40700000000000003,-0.28300000000000125,-0.1280000000000001,wd
-0.010000000000001563,-0.347999999999999,-0.3230000000000004,-0.3000000000000007,wd
0.8365149999999986,0.26584800000000186,0.09291499999999964,0.021212999999999482,star
0.2240000000000002,0.3719999999999999,0.22299999999999898,0.10800000000000054,qso
0.1739999999999995,0.08399999999999963,0.4089999999999989,0.2809999999999988,qso
0.37900000000000134,0.7069999999999972,0.559000000000001,0.34499999999999886,wd
0.09499999999999886,0.05100000000000193,0.10500000000000043,0.125,qso
2.2399179999999994,0.998934000000002,0.3131719999999998,0.14064499999999924,star
1.1591330000000006,0.44914900000000024,0.1322909999999986,0.05813299999999977,star
2.365224999999999,1.0622860000000003,0.4357380000000006,0.19418899999999795,star
0.7340000000000018,0.4469999999999992,0.13299999999999912,0.2430000000000021,qso
-0.38700000000000045,-0.5279999999999987,-0.35800000000000054,-0.3569999999999993,wd
-0.16699999999999804,-0.21000000000000085,0.5670000000000002,0.6759999999999984,wd
1.4290640000000003,0.5350060000000028,0.20251599999999925,0.09498999999999924,star
-0.16499999999999915,-0.47600000000000264,-0.28699999999999903,-0.23699999999999832,wd
1.3303639999999994,0.4857219999999991,0.1588460000000005,0.06813199999999853,star
1.119565999999999,0.3667259999999999,0.16488499999999995,0.012003999999999238,star
1.343667,0.478237,0.19455699999999965,0.08788499999999999,star
0.0329999999999977,0.42400000000000304,0.10799999999999699,0.07700000000000173,qso
0.365000000000002,-0.12099999999999866,0.07699999999999818,-0.10300000000000153,qso
0.21699999999999875,0.240000000000002,0.004999999999999005,-0.08200000000000074,qso
2.4091319999999996,1.3260439999999996,0.7937650000000005,0.4020279999999996,star
0.22499999999999787,0.1750000000000007,0.16799999999999926,-0.014999999999997016,qso
0.3119999999999976,0.37400000000000233,0.3299999999999983,0.04800000000000182,qso
0.5309999999999988,-0.054999999999999716,-0.08300000000000196,-0.16499999999999915,wd
-0.021000000000000796,-0.010999999999999233,0.34399999999999764,0.25900000000000034,qso
0.49799999999999756,0.04200000000000159,-0.09700000000000131,-0.05799999999999983,wd
0.2759999999999998,0.1039999999999992,0.04200000000000159,0.22799999999999798,qso
1.1368279999999977,0.37009000000000114,0.11272699999999958,0.00804899999999975,star
-0.33300000000000196,-0.28600000000000136,0.3370000000000033,0.5479999999999983,wd
0.21600000000000108,0.10800000000000054,-0.16900000000000048,-0.13100000000000023,wd
0.6089999999999982,0.2740000000000009,0.07099999999999795,0.1700000000000017,qso
0.40500000000000114,0.02400000000000091,-0.05000000000000071,-0.12300000000000111,wd
2.371983,1.165375000000001,0.3568440000000006,0.20859699999999926,star
0.20899999999999963,0.3410000000000011,0.11299999999999955,0.3379999999999974,qso
0.2519999999999989,-0.2690000000000019,-0.3149999999999977,-0.14000000000000057,wd
-0.2309999999999981,-0.4690000000000012,-0.39199999999999946,-0.2839999999999989,wd
0.2099999999999973,0.13400000000000034,0.2140000000000022,-0.05700000000000216,qso
1.292197999999999,0.5194970000000012,0.19555599999999984,0.13789999999999836,star
0.43100000000000094,0.08099999999999952,0.17900000000000205,-0.12400000000000233,qso
0.22100000000000009,0.11700000000000088,0.2699999999999996,-0.029999999999997584,qso
0.030000000000001137,0.10899999999999821,-0.007999999999999119,-0.036000000000001364,qso
1.0271760000000008,0.37133799999999795,0.10324100000000058,0.06288699999999992,star
1.3928019999999997,0.5431090000000012,0.19569800000000015,0.08063499999999735,star
0.04999999999999716,-0.24599999999999866,-0.18499999999999872,-0.2729999999999997,wd
0.1180000000000021,0.015999999999998238,0.2220000000000013,-0.06299999999999883,qso
0.47800000000000153,-0.17100000000000293,-0.22199999999999775,-0.2680000000000007,wd
0.1039999999999992,0.16300000000000026,0.3299999999999983,0.3030000000000008,qso
1.471,0.254999999999999,0.062000000000001165,-0.062000000000001165,qso
0.19699999999999918,-0.3030000000000008,-0.1769999999999996,-0.37599999999999767,wd
1.2105940000000004,0.11524799999999757,0.043487000000002496,0.18204300000000018,star
1.4358669999999982,0.41065100000000143,0.18239799999999917,0.03688800000000114,star
1.3488870000000013,0.5525470000000006,0.26077300000000037,0.11216899999999796,star
0.4150000000000027,-0.6540000000000035,0.11400000000000077,-0.03599999999999781,wd
0.09799999999999898,-0.2579999999999991,-0.2690000000000019,-0.23199999999999932,wd
0.1670000000000016,0.3789999999999978,0.05600000000000094,-0.030000000000001137,qso
0.4980000000000011,-0.08699999999999974,-0.28000000000000114,-0.12099999999999866,wd
0.19899999999999807,0.03900000000000148,0.2749999999999986,-0.07399999999999807,qso
0.4230000000000018,0.06099999999999994,-0.028000000000002245,-0.08799999999999741,wd
2.7348099999999995,1.2854750000000017,0.6010469999999994,0.3330269999999995,star
0.9357000000000006,0.3364469999999997,0.11349099999999979,0.07589899999999972,star
2.1172289999999983,0.7893720000000002,0.30776600000000087,0.20734900000000067,star
0.1620000000000026,0.20599999999999952,-0.0070000000000014495,0.16900000000000048,qso
0.4209999999999994,-0.06700000000000017,-0.1479999999999997,-0.18400000000000105,wd
0.3190000000000026,0.2469999999999999,0.03599999999999781,0.5489999999999995,qso
0.347999999999999,0.022999999999999687,-0.07400000000000162,-0.25299999999999656,wd
0.22800000000000153,0.07699999999999818,-0.0519999999999996,0.20200000000000173,qso
1.2041809999999984,0.35322200000000237,0.13885099999999895,0.01714899999999986,star
0.18299999999999983,0.10099999999999909,-0.0779999999999994,0.19500000000000028,qso
1.3795859999999998,0.5484860000000005,0.20770100000000014,0.10248400000000046,star
0.1579999999999977,0.0030000000000001137,0.12100000000000222,-0.07199999999999918,qso
0.3219999999999992,0.125,0.16999999999999815,0.22100000000000009,qso
0.15899999999999892,-0.10500000000000043,-0.14199999999999946,-0.23999999999999844,wd
0.46399999999999864,0.05900000000000105,-0.036999999999999034,-0.129999999999999,wd
0.009000000000000341,-0.015000000000000568,-0.13299999999999912,-0.23799999999999955,wd
0.37099999999999866,0.1280000000000001,-0.0470000000000006,-0.08200000000000074,wd
1.1121990000000004,0.43116999999999805,0.1662750000000024,0.048152999999999224,star
0.5079999999999991,0.11400000000000077,-0.045000000000001705,0.13599999999999923,qso
0.4009999999999998,0.10699999999999932,-0.005000000000002558,-0.08099999999999952,wd
1.570651999999999,0.6497060000000019,0.24729199999999807,0.11995700000000298,star
2.3452449999999985,0.9619239999999998,0.38589999999999947,0.22023400000000137,star
-0.1490000000000009,-0.47199999999999775,-0.3490000000000002,-0.30799999999999983,wd
0.3780000000000001,0.060000000000002274,0.11799999999999855,0.12900000000000134,qso
1.7619860000000003,0.7288130000000024,0.25705699999999965,0.13570199999999843,star
0.43900000000000006,-0.2640000000000029,-0.2699999999999996,-0.2749999999999986,wd
1.1911689999999986,0.4488170000000018,0.2016159999999978,0.07181200000000132,star
1.3727470000000004,0.5748770000000007,0.2598439999999993,0.05769000000000091,star
0.1319999999999979,-0.3509999999999991,-0.2510000000000012,-0.19599999999999795,wd
0.17299999999999827,0.18100000000000094,0.03599999999999781,0.10000000000000142,qso
0.16900000000000048,-0.30700000000000216,-0.2779999999999987,-0.2240000000000002,wd
0.10999999999999943,0.1789999999999985,0.21499999999999986,-0.055999999999997385,qso
0.07099999999999795,0.054000000000002046,0.22799999999999798,0.13100000000000023,qso
0.5889999999999986,-0.03399999999999892,0.08899999999999864,0.30700000000000216,qso
0.09500000000000242,0.1819999999999986,0.16300000000000026,0.010000000000001563,qso
0.2289999999999992,0.2309999999999981,0.15500000000000114,0.02499999999999858,qso
1.2865809999999982,0.4544560000000022,0.16643399999999886,0.05741899999999944,star
0.38899999999999935,0.16199999999999903,-0.038000000000000256,0.14199999999999946,qso
-0.4750000000000014,-0.6119999999999983,-0.36100000000000065,-0.5749999999999993,wd
0.07900000000000063,0.25700000000000145,-0.12400000000000233,-0.09699999999999775,qso
1.0769599999999997,0.39002800000000093,0.16256500000000074,-0.014217000000000368,star
1.057363999999998,0.3677130000000002,0.13922299999999943,0.02479100000000045,star
0.10999999999999943,0.25900000000000034,0.1739999999999995,0.21699999999999875,qso
0.259999999999998,0.17400000000000304,-0.030000000000001137,0.10800000000000054,qso
-0.022000000000002018,-0.33800000000000097,-0.010999999999999233,0.240000000000002,wd
0.19399999999999906,0.04200000000000159,0.045999999999999375,-0.08900000000000219,qso
0.010000000000001563,-0.027999999999998693,0.4039999999999999,0.3549999999999969,wd
1.5508220000000001,0.6050110000000011,0.21639000000000053,0.13398400000000166,star
0.21300000000000097,0.37099999999999866,-0.006000000000000227,-0.06400000000000006,qso
1.021051,0.40510599999999997,0.16069599999999973,0.03187699999999971,star
0.23199999999999932,-0.01899999999999835,-0.08600000000000207,-0.17800000000000082,wd
-0.01699999999999946,-0.3910000000000018,-0.29799999999999827,-0.4250000000000007,wd
1.163537999999999,0.4167759999999987,0.13844900000000138,0.12052499999999888,star
0.3180000000000014,0.09999999999999787,0.2010000000000005,0.006000000000000227,qso
-0.019999999999999574,-0.30100000000000193,-0.26099999999999923,-0.3359999999999985,wd
-0.16799999999999926,-0.402000000000001,-0.3150000000000013,-0.3269999999999982,wd
-0.15899999999999892,-0.22799999999999798,-0.25200000000000244,-0.2270000000000003,wd
1.633417999999999,0.6094830000000009,0.25282900000000197,0.10312399999999755,star
0.24399999999999977,-0.3260000000000005,-0.277000000000001,-0.3299999999999983,wd
0.2480000000000011,0.08200000000000074,0.15700000000000003,0.259999999999998,qso
0.3550000000000004,0.11299999999999955,0.004000000000001336,0.14300000000000068,qso
0.030000000000001137,0.0799999999999983,0.2469999999999999,0.09800000000000253,qso
-0.09700000000000131,0.38200000000000145,0.010999999999999233,-0.18299999999999983,qso
1.5577700000000014,0.6320550000000011,0.21186900000000009,0.11857599999999735,star
0.9151190000000007,0.28762100000000146,0.12041199999999819,0.015025999999998874,star
1.218363,0.4676910000000021,0.19862999999999786,0.029569000000002177,star
2.5214919999999985,1.2561360000000015,0.4241489999999981,0.33412299999999995,star
2.418831000000001,1.121645000000001,0.2182069999999996,0.7085220000000003,star
1.7979909999999997,0.6782180000000011,0.28221399999999974,0.06552899999999973,star
0.05799999999999983,-0.28999999999999915,-0.20899999999999963,-0.23100000000000165,wd
1.1452740000000006,0.3582049999999999,0.14560100000000098,0.04047399999999968,star
0.4800000000000004,0.16499999999999915,-0.028999999999999915,-0.04100000000000037,wd
2.5429180000000002,1.232173999999997,0.4907570000000021,0.2992599999999985,star
0.15399999999999991,-0.33399999999999963,-0.3059999999999974,-0.26200000000000045,wd
1.1564270000000008,0.37992500000000007,0.1432399999999987,0.06763800000000231,star
2.2566929999999985,0.9787420000000004,0.4092659999999988,0.14740600000000015,star
1.35454,0.4541569999999986,0.14233700000000127,0.0641569999999998,star
0.8260000000000005,0.5430000000000028,0.41699999999999804,0.22500000000000142,qso
0.4740000000000002,0.05900000000000105,-0.0940000000000012,-0.07000000000000028,wd
0.8708290000000005,0.25371200000000016,0.1513440000000017,0.03582699999999761,star
1.0202560000000034,0.32566599999999823,0.11353500000000061,0.06012199999999979,star
0.559000000000001,-0.2140000000000022,-0.19199999999999662,-0.02500000000000213,wd
0.5010000000000012,0.31099999999999994,0.31700000000000017,0.3589999999999982,qso
0.2170000000000023,-0.2630000000000017,-0.24399999999999977,-0.19500000000000028,wd
2.539707,1.188639000000002,0.49549299999999974,0.3167239999999989,star
0.04800000000000182,-0.19900000000000162,-0.2560000000000002,-0.2469999999999999,wd
1.046401999999997,0.3302630000000022,0.10265000000000057,0.04193300000000022,star
0.22299999999999898,0.047999999999998266,0.12600000000000122,0.06400000000000006,qso
0.45800000000000196,0.08799999999999741,0.17900000000000205,0.045999999999999375,qso
2.0533639999999984,0.7652380000000001,0.29236600000000124,0.15590900000000119,star
0.06400000000000006,0.16000000000000014,-0.0470000000000006,0.09499999999999886,qso
-0.17999999999999972,-0.45300000000000296,-0.27399999999999736,0.019999999999999574,wd
1.6062529999999988,0.6138499999999993,0.17133300000000062,0.1270869999999995,star
1.1596920000000015,0.32012000000000107,0.07895999999999859,0.023117000000000942,star
0.10799999999999699,0.11400000000000077,0.17900000000000205,0.10200000000000031,qso
1.2434860000000008,0.4180409999999988,0.18627599999999944,0.02024399999999993,star
0.22500000000000142,-0.40300000000000225,-0.16599999999999682,-0.017000000000003013,wd
1.1206169999999993,0.42787600000000126,0.17454099999999784,0.030470000000001107,star
0.1490000000000009,0.16000000000000014,0.16399999999999793,-0.04899999999999949,qso
0.859510000000002,0.19348100000000024,0.08878399999999864,-0.00018199999999879424,star
1.3286380000000015,0.4984029999999997,0.2220299999999984,0.07363100000000067,star
1.1370740000000001,0.40531499999999987,0.13369300000000095,0.04224600000000045,star
0.08200000000000074,0.20599999999999952,0.08600000000000207,-0.021000000000000796,qso
0.13299999999999912,0.019999999999999574,-0.17099999999999937,0.10600000000000165,qso
-0.03200000000000003,0.31700000000000017,0.20599999999999952,0.006000000000000227,qso
0.13400000000000034,0.04100000000000037,0.2029999999999994,0.23699999999999832,qso
0.9464809999999986,0.2518260000000012,0.09909199999999885,-0.008620999999997991,star
-0.053000000000000824,-0.28100000000000236,-0.32599999999999696,-0.08900000000000219,wd
1.0450000000000017,0.12899999999999778,0.2220000000000013,0.2809999999999988,qso
1.8149270000000008,0.6207439999999984,0.24678600000000017,0.11547099999999944,star
0.4700000000000024,0.16699999999999804,0.004999999999999005,-0.047999999999998266,wd
2.034395,0.7555370000000003,0.2990770000000005,0.09030399999999972,star
0.9412289999999999,0.3088659999999983,0.13905200000000306,0.017001999999997963,star
0.379999999999999,-0.2829999999999977,-0.23100000000000165,-0.23999999999999844,wd
0.009000000000000341,-0.37299999999999756,-0.2930000000000028,-0.3569999999999993,wd
0.5459999999999994,0.053000000000000824,0.5259999999999998,0.6109999999999971,wd
1.7824120000000008,0.6836300000000008,0.2626729999999995,0.12138900000000064,star
1.1317820000000012,0.43224700000000027,0.02300299999999922,0.13251299999999944,star
0.07399999999999807,0.10900000000000176,0.34399999999999764,-0.0009999999999976694,qso
0.23600000000000065,0.21499999999999986,0.18799999999999883,0.03100000000000236,qso
0.48600000000000065,0.17099999999999937,0.02500000000000213,-0.054999999999999716,wd
-0.4180000000000028,0.5560000000000009,0.08000000000000185,-0.07800000000000296,qso
0.7539999999999978,0.843,1.149000000000001,0.6140000000000008,wd
0.11299999999999955,0.18100000000000094,-0.006000000000000227,0.11100000000000065,qso
0.4670000000000023,-0.0400000000000027,-0.10799999999999699,-0.13300000000000267,wd
0.46399999999999864,0.02400000000000091,-0.08600000000000207,-0.0470000000000006,wd
0.043000000000002814,-0.08800000000000097,0.33200000000000074,0.31400000000000006,wd
1.0855669999999975,0.4111670000000025,0.11785799999999824,0.030779000000000778,star
0.13100000000000023,0.047999999999998266,0.24200000000000088,0.07199999999999918,qso
0.3450000000000024,0.09099999999999753,-0.06199999999999761,-0.06400000000000006,wd
2.6298299999999983,1.2872160000000008,0.7926690000000001,0.5005649999999999,star
1.219742,0.5163499999999992,0.2181449999999998,0.10449099999999945,star
0.5339999999999989,0.3240000000000016,0.5180000000000007,0.2049999999999983,qso
0.8569999999999993,0.24899999999999878,0.4200000000000017,0.03300000000000125,qso
1.4980050000000027,0.5445569999999975,0.18594799999999978,0.09707200000000071,star
1.5752389999999998,0.6503760000000014,0.27022300000000143,0.15328799999999987,star
0.2779999999999987,0.31200000000000117,-0.05000000000000071,0.24399999999999977,qso
0.3460000000000001,0.012999999999998124,-0.13899999999999935,-0.07099999999999795,wd
0.490000000000002,-0.11500000000000199,-0.2259999999999991,-0.26500000000000057,wd
0.384999999999998,-0.15899999999999892,0.0710000000000015,-0.142000000000003,qso
0.4480000000000004,0.26699999999999946,0.15600000000000236,0.22799999999999798,qso
0.08300000000000196,-0.28200000000000003,-0.30600000000000094,-0.23199999999999932,wd
2.633222,1.2691540000000021,0.5746279999999988,0.2807019999999998,star
1.8687149999999981,0.693994,0.23271599999999992,0.1452600000000004,star
0.45700000000000074,-0.3100000000000023,-0.21499999999999986,-0.11400000000000077,wd
1.472602000000002,0.5499809999999989,0.15009799999999984,0.16998099999999994,star
-0.4980000000000011,-0.5499999999999972,-0.40800000000000125,-0.48100000000000165,wd
0.21899999999999764,0.30799999999999983,0.0,0.0470000000000006,qso
0.47600000000000264,-0.21300000000000097,-0.2970000000000006,-0.16000000000000014,wd
0.8740119999999969,0.28485200000000077,0.15127500000000182,0.04668599999999756,star
1.9878099999999996,0.8144130000000018,0.2923209999999976,0.1837040000000023,star
1.5414600000000007,0.5315399999999997,0.21270399999999867,0.06904800000000044,star
0.3269999999999982,-0.26699999999999946,-0.21199999999999974,-0.2690000000000019,wd
0.1769999999999996,0.402000000000001,0.3490000000000002,-0.015000000000000568,qso
2.5092319999999972,1.2327670000000026,0.4949419999999982,0.28528600000000104,star
1.7982760000000013,0.8036619999999992,0.259976,0.13759800000000055,star
-0.10300000000000153,-0.3949999999999996,-0.27399999999999736,-0.25800000000000267,wd
0.38700000000000045,0.17599999999999838,0.009000000000000341,-0.045999999999999375,wd
0.5570000000000022,-0.08100000000000307,-0.17499999999999716,-0.267000000000003,wd
1.8822189999999992,0.7371639999999999,0.21774800000000027,0.1554549999999999,star
0.2789999999999999,-0.027999999999998693,0.17599999999999838,0.17300000000000182,qso
0.3240000000000016,-0.11500000000000199,-0.3409999999999975,0.1819999999999986,wd
0.06999999999999673,0.31400000000000006,0.013000000000001677,0.0,qso
0.2079999999999984,-0.2789999999999999,-0.28300000000000125,-0.08299999999999841,wd
0.120000000000001,-0.12400000000000233,-0.1460000000000008,-0.23199999999999932,wd
1.1473769999999988,0.39341500000000096,0.1277609999999978,0.044814000000000576,star
1.5318900000000006,0.5640109999999972,0.17540000000000155,0.10358899999999949,star
1.9863490000000006,0.8319879999999991,0.32225400000000093,0.12556999999999974,star
1.1430760000000006,0.4678969999999989,0.15652199999999894,0.05230900000000105,star
2.0004670000000004,0.8474950000000021,0.27135399999999876,0.19153999999999982,star
0.18500000000000227,0.11499999999999844,0.26699999999999946,0.13500000000000156,qso
0.3000000000000007,0.5530000000000008,0.15899999999999892,0.02400000000000091,qso
0.1960000000000015,0.03500000000000014,0.047999999999998266,-0.009000000000000341,qso
1.1521760000000008,0.4701529999999998,0.13629800000000003,0.06368200000000002,star
0.8904749999999986,0.28603299999999976,0.10114899999999949,0.02387200000000078,star
0.16100000000000136,0.08200000000000074,0.17299999999999827,0.04899999999999949,qso
2.0209919999999997,0.791015999999999,0.2568640000000002,0.1219619999999999,star
2.6527969999999996,1.3092499999999987,0.5929600000000015,0.26704499999999953,star
1.3909949999999967,0.5843170000000022,0.2183799999999998,0.09634400000000021,star
0.4640000000000022,-0.1390000000000029,-0.29499999999999815,0.05999999999999872,wd
-0.053999999999998494,-0.20800000000000196,-0.20599999999999952,-0.16300000000000026,wd
0.8247050000000016,0.26519799999999805,0.10859500000000111,-0.011085999999998819,star
-0.038000000000000256,0.2240000000000002,-0.008000000000002672,0.13500000000000156,qso
0.08900000000000219,0.2539999999999978,0.07600000000000051,0.06700000000000017,qso
0.2170000000000023,-0.03900000000000148,0.14699999999999847,0.1700000000000017,qso
1.1732280000000017,0.48811999999999856,0.16391400000000012,0.07174499999999995,star
0.09199999999999875,-0.22799999999999798,-0.3150000000000013,-0.053999999999998494,wd
2.1141749999999995,0.8173719999999989,0.28554499999999905,0.1929949999999998,star
0.4170000000000016,0.028999999999999915,-0.060000000000002274,-0.08699999999999974,wd
-0.062000000000001165,-0.09699999999999775,0.01899999999999835,0.41300000000000026,qso
0.46199999999999974,-0.12199999999999989,-0.2240000000000002,-0.254999999999999,wd
1.4826869999999985,0.5558590000000017,0.18346000000000018,0.13898699999999664,star
1.0671309999999998,0.4510959999999997,0.15481800000000234,0.061325000000000074,star
2.5776730000000008,1.1352979999999988,0.4959680000000013,0.24433099999999897,star
0.17600000000000193,0.03599999999999781,0.1440000000000019,-0.019000000000001904,qso
0.09700000000000131,0.22100000000000009,0.045999999999999375,-0.037000000000002586,qso
0.022999999999999687,0.25099999999999767,0.07600000000000051,-0.010999999999999233,qso
2.5083780000000004,1.4077350000000024,0.8916439999999977,0.3871720000000014,star
0.3290000000000006,0.09699999999999775,0.19200000000000017,0.20800000000000196,qso
1.7061600000000006,0.6759389999999996,0.2699379999999998,0.06739800000000074,star
0.31299999999999883,0.008000000000002672,0.23799999999999955,-0.11700000000000088,qso
2.4865390000000005,1.2284049999999986,0.5192250000000005,0.2940970000000007,star
0.09199999999999875,-0.29299999999999926,-0.30900000000000105,0.10699999999999932,wd
0.3490000000000002,-0.05900000000000105,0.030999999999998806,0.20200000000000173,qso
1.3360009999999978,0.4895580000000006,0.10863499999999959,0.06855200000000039,star
0.05299999999999727,-0.08999999999999986,0.23500000000000298,0.11199999999999832,qso
1.1416520000000006,0.39422799999999825,0.15604000000000084,0.02820600000000084,star
-0.01699999999999946,-0.3309999999999995,-0.2839999999999989,-0.38200000000000145,wd
0.4170000000000016,0.13299999999999912,0.0940000000000012,0.4539999999999971,wd
0.357999999999997,-0.08899999999999864,-0.3219999999999992,-0.2140000000000022,wd
1.2584119999999999,0.47672199999999876,0.16554299999999955,0.0955200000000005,star
0.21300000000000097,-0.3949999999999996,-0.2240000000000002,-0.1739999999999995,wd
0.11299999999999955,-0.28999999999999915,-0.27199999999999847,-0.32500000000000284,wd
0.11799999999999855,-0.01699999999999946,0.23400000000000176,-0.0519999999999996,qso
0.4940000000000033,-0.25500000000000256,-0.20599999999999952,-0.43299999999999983,wd
2.289683,0.9742690000000032,0.3718479999999982,0.19720099999999974,star
1.709389999999999,0.6514020000000009,0.24183599999999927,0.12885499999999794,star
0.28200000000000003,0.2989999999999995,0.2980000000000018,-0.0400000000000027,qso
0.012000000000000455,0.08699999999999974,0.16900000000000048,0.3099999999999987,qso
0.6479999999999997,0.24600000000000222,0.2309999999999981,0.41300000000000026,qso
-0.0030000000000001137,-0.3460000000000001,-0.2480000000000011,-0.29799999999999827,wd
0.09099999999999753,-0.12199999999999989,0.11700000000000088,0.43400000000000105,qso
0.13100000000000023,0.23400000000000176,-0.10500000000000043,-0.1739999999999995,qso
0.4400000000000013,0.007999999999999119,0.21099999999999852,-0.06999999999999673,qso
0.18400000000000105,0.09699999999999775,0.20500000000000185,0.04100000000000037,qso
0.35900000000000176,-0.19200000000000017,-0.26200000000000045,-0.012000000000000455,wd
0.26399999999999935,-0.13800000000000168,-0.1789999999999985,-0.2220000000000013,wd
0.0990000000000002,0.3739999999999988,-0.015000000000000568,-0.06099999999999994,qso
1.4395260000000007,0.5638599999999983,0.2116819999999997,0.004941000000000528,star
0.8400320000000008,0.2433039999999984,0.0980450000000026,0.018062999999997942,star
0.43400000000000105,0.0519999999999996,-0.007999999999999119,-0.14099999999999824,wd
0.06400000000000006,0.20200000000000173,0.06700000000000017,0.03599999999999781,qso
0.370000000000001,0.030000000000001137,0.038999999999997925,-0.16000000000000014,wd
0.24600000000000222,0.0,0.11599999999999966,0.019999999999999574,qso
0.3810000000000002,-0.347999999999999,-0.2890000000000015,-0.2270000000000003,wd
2.013380999999999,0.7137910000000005,0.197438,0.11668599999999962,star
0.054000000000002046,0.2569999999999979,0.060000000000002274,-0.05900000000000105,qso
0.9704359999999994,0.34211999999999954,0.13679800000000064,0.0390119999999996,star
0.1769999999999996,0.22800000000000153,0.04100000000000037,-0.060000000000002274,qso
0.1460000000000008,-0.05999999999999872,-0.21799999999999997,-0.3810000000000002,wd
2.2262109999999993,1.0399080000000005,0.43639000000000117,0.2393219999999996,star
1.1471269999999976,0.4248410000000007,0.14708700000000263,0.059623999999999455,star
0.15899999999999892,-0.33899999999999864,-0.16499999999999915,-0.10400000000000276,wd
1.7308819999999976,0.7745480000000029,0.2647279999999981,0.1590769999999999,star
0.1720000000000006,0.07199999999999918,0.20899999999999963,-0.023999999999997357,qso
0.18299999999999983,0.24799999999999756,0.0,-0.04299999999999926,qso
0.02699999999999747,0.24900000000000233,0.0730000000000004,0.06999999999999673,qso
0.39599999999999724,0.013000000000001677,-0.03999999999999915,-0.060000000000002274,wd
0.02699999999999747,0.0,0.22000000000000242,0.12199999999999989,qso
1.9573920000000022,0.7195590000000003,0.24448699999999945,0.11362499999999898,star
1.4931390000000029,0.6308819999999997,0.20044599999999946,0.03787200000000013,star
0.4209999999999994,0.4770000000000003,0.1509999999999998,0.022999999999999687,qso
-0.19699999999999918,-0.4609999999999985,-0.272000000000002,-0.25,wd
0.1680000000000028,-0.2930000000000028,-0.21999999999999886,-0.3009999999999984,wd
1.142214000000001,0.41366299999999967,0.10283199999999937,0.05951199999999979,star
0.40700000000000003,-0.14999999999999858,-0.1559999999999988,-0.18599999999999994,wd
0.0470000000000006,0.030000000000001137,0.0990000000000002,-0.05799999999999983,qso
0.9956950000000013,0.32383700000000104,0.14638899999999921,0.03984699999999819,star
2.098131000000002,0.7851179999999989,0.2506869999999992,0.11547900000000055,star
0.41600000000000037,-0.1039999999999992,-0.1529999999999987,-0.0030000000000001137,wd
0.45899999999999963,0.21099999999999852,0.01600000000000179,-0.043000000000002814,wd
0.8624469999999995,0.31861900000000176,0.12005399999999966,0.03757999999999839,star
0.277000000000001,0.0,0.09199999999999875,0.1410000000000018,qso
0.45700000000000074,-0.15300000000000225,-0.15199999999999747,-0.2410000000000032,wd
0.17499999999999716,0.142000000000003,0.020999999999997243,0.05700000000000216,qso
0.42499999999999716,0.06900000000000261,0.19099999999999895,0.06299999999999883,qso
0.5650000000000013,0.13500000000000156,0.06199999999999761,-0.02699999999999747,wd
0.5479999999999983,-0.09699999999999775,-0.1479999999999997,-0.125,wd
1.125713000000001,0.38893099999999947,0.17691800000000057,0.054967999999998796,star
1.2981480000000012,0.48379699999999914,0.2190429999999992,0.08985200000000049,star
0.3780000000000001,-0.03200000000000003,0.20400000000000063,0.01699999999999946,qso
1.0188750000000013,0.3616010000000003,0.1553229999999992,0.03896500000000103,star
0.477999999999998,-0.12899999999999778,-0.18400000000000105,-0.1930000000000014,wd
0.46999999999999886,0.4029999999999987,0.3000000000000007,0.2729999999999997,qso
0.5019999999999989,0.05600000000000094,0.2749999999999986,-0.003999999999997783,qso
1.5187910000000002,0.5456950000000003,0.1996539999999989,0.06421900000000136,star
0.16300000000000026,0.06799999999999784,0.12700000000000244,-0.060000000000002274,qso
2.5797589999999992,1.1852650000000011,0.4166450000000008,0.22555399999999892,star
0.11100000000000065,-0.2959999999999994,-0.245000000000001,-0.036000000000001364,wd
1.261978000000001,0.474005,0.2042230000000007,0.032675999999998595,star
-0.07399999999999807,-0.21699999999999875,-0.1700000000000017,-0.2190000000000012,wd
0.036999999999999034,0.2220000000000013,-0.005000000000002558,0.04800000000000182,qso
0.05999999999999872,-0.03999999999999915,-0.21799999999999997,-0.20199999999999818,wd
0.29699999999999704,0.11200000000000188,0.3099999999999987,-0.06199999999999761,qso
2.473680999999999,1.1538199999999996,0.4540520000000008,0.21745599999999854,star
2.221869999999999,0.8752429999999976,0.2759990000000023,0.1723189999999981,star
0.3490000000000002,-0.120000000000001,-0.18799999999999883,-0.10200000000000031,wd
0.352999999999998,-0.2829999999999977,-0.19000000000000128,0.04199999999999804,wd
1.4178510000000024,0.5038489999999989,0.20143999999999807,0.07135400000000303,star
1.8714440000000003,0.7122039999999998,0.29460599999999815,0.16303200000000118,star
1.2042179999999973,0.48349800000000087,0.2175350000000016,0.09773799999999966,star
-0.04400000000000048,-0.22299999999999898,-0.23400000000000176,-0.31899999999999906,wd
1.017633,0.5333369999999995,0.21027300000000082,0.11048899999999762,star
1.3711020000000005,0.5185320000000004,0.1907059999999987,0.09073600000000148,star
0.9348220000000005,0.3284070000000021,0.11284299999999803,0.044388000000001426,star
0.25800000000000267,0.0799999999999983,0.2530000000000001,-0.08299999999999841,qso
0.7260000000000026,0.2789999999999999,0.4309999999999974,0.32500000000000284,qso
-0.1579999999999977,-0.2190000000000012,-0.3619999999999983,-0.23300000000000054,wd
0.24599999999999866,-0.29299999999999926,-0.2729999999999997,-0.2889999999999979,wd
0.3099999999999987,-0.3500000000000014,-0.15899999999999892,-0.2510000000000012,wd
-0.11700000000000088,-0.26500000000000057,-0.33699999999999974,0.05000000000000071,wd
0.23600000000000065,0.1819999999999986,0.18299999999999983,0.18400000000000105,qso
0.5920000000000023,0.0779999999999994,0.0259999999999998,0.2129999999999974,qso
0.245000000000001,-0.240000000000002,-0.27699999999999747,-0.24900000000000233,wd
0.4599999999999973,0.06400000000000006,0.06900000000000261,0.1479999999999997,qso
1.219971000000001,0.46541899999999714,0.15109100000000097,0.025228000000002027,star
1.5619610000000002,0.6271160000000009,0.2269420000000011,0.13934899999999928,star
0.1440000000000019,0.23999999999999844,-0.08200000000000074,0.17099999999999937,qso
-0.4800000000000004,-0.4690000000000012,-0.3819999999999979,-0.31400000000000006,wd
0.26399999999999935,0.012999999999998124,-0.03399999999999892,0.022000000000002018,wd
-0.05799999999999983,-0.2959999999999994,-0.26899999999999835,0.03999999999999915,wd
0.4859999999999971,-0.11699999999999733,0.129999999999999,-0.10500000000000043,qso
0.2749999999999986,0.11700000000000088,0.13799999999999812,0.3260000000000005,qso
0.5500000000000007,-0.10600000000000165,-0.13899999999999935,-0.08099999999999952,wd
0.4029999999999987,0.028000000000002245,-0.06400000000000006,-0.0990000000000002,wd
0.9489819999999973,0.282427000000002,0.10038600000000031,0.011481999999997328,star
1.1873709999999988,0.4980220000000024,0.14714000000000027,0.10398399999999874,star
0.5779999999999994,-0.011999999999996902,-0.15100000000000335,-0.1869999999999976,wd
0.2740000000000009,0.23699999999999832,0.12399999999999878,-0.023999999999997357,qso
0.3219999999999992,-0.2560000000000002,-0.21099999999999852,-0.3420000000000023,wd
-0.0519999999999996,0.2190000000000012,0.004000000000001336,-0.10500000000000043,qso
1.8011879999999998,0.6254439999999981,0.25115000000000265,0.1082599999999978,star
1.0701959999999993,0.3823509999999999,0.10266500000000178,0.06249599999999944,star
1.556252999999998,0.5323260000000012,0.1669079999999994,0.0485919999999993,star
0.5139999999999993,0.06299999999999883,-0.02499999999999858,-0.027999999999998693,wd
-0.11499999999999844,-0.41000000000000014,-0.33000000000000185,-0.20700000000000074,wd
0.8786430000000003,0.24548499999999862,0.09577900000000028,0.06017000000000294,star
1.8716089999999994,0.727328,0.21347300000000047,0.22578099999999957,star
2.3998750000000015,1.3352509999999995,0.6499609999999993,0.3912230000000001,star
0.09199999999999875,-0.3719999999999999,-0.2859999999999978,-0.2980000000000018,wd
0.3829999999999991,0.08599999999999852,0.045000000000001705,-0.015000000000000568,wd
1.710557999999999,0.6379379999999983,0.27777599999999936,0.11868700000000132,star
0.25,0.17499999999999716,0.2710000000000008,0.1490000000000009,qso
0.347999999999999,0.1319999999999979,0.10300000000000153,0.14499999999999957,qso
0.4089999999999989,0.03999999999999915,-0.028999999999999915,-0.05000000000000071,wd
0.03900000000000148,0.20200000000000173,0.028999999999999915,-0.10500000000000043,qso
0.5010000000000012,0.375,0.3619999999999983,0.19000000000000128,qso
0.3979999999999997,0.1739999999999995,0.03100000000000236,-0.05799999999999983,wd
0.05799999999999983,0.0329999999999977,0.25900000000000034,0.05700000000000216,qso
0.5030000000000001,-0.10600000000000165,-0.19900000000000162,-0.10799999999999699,wd
0.4809999999999981,-0.13799999999999812,-0.13100000000000023,-0.17999999999999972,wd
0.13500000000000156,-0.2950000000000017,-0.23300000000000054,-0.22199999999999775,wd
0.47600000000000264,0.1479999999999997,0.30600000000000094,0.6099999999999994,wd
0.22299999999999898,0.3509999999999991,0.13899999999999935,0.2700000000000031,qso
0.4510000000000005,0.04499999999999815,0.005000000000002558,-0.08900000000000219,wd
1.0076059999999991,0.3447720000000025,0.12519499999999795,-0.006011999999998352,star
-0.04100000000000037,-0.3470000000000013,-0.27199999999999847,-0.30700000000000216,wd
2.569907999999998,1.1628170000000004,0.4771239999999999,0.24417200000000072,star
0.254999999999999,0.3049999999999997,0.1880000000000024,0.036999999999999034,qso
0.0990000000000002,0.20700000000000074,-0.06900000000000261,-0.09199999999999875,qso
0.3319999999999972,0.18500000000000227,0.09199999999999875,0.17800000000000082,qso
0.21799999999999997,-0.254999999999999,-0.28500000000000014,-0.06099999999999994,wd
1.1907880000000013,0.46517199999999903,0.15995999999999988,0.053622999999999976,star
1.5247019999999978,0.5359580000000008,0.19988700000000037,0.05044499999999985,star
1.3753930000000025,0.5641859999999994,0.24835999999999814,0.10560000000000258,star
0.3810000000000002,-0.31700000000000017,-0.23199999999999932,-0.2710000000000008,wd
0.4759999999999991,0.5689999999999991,0.4590000000000032,-0.05800000000000338,qso
0.2690000000000019,0.01799999999999713,-0.06700000000000017,0.11400000000000077,qso
0.2660000000000018,0.11799999999999855,0.23900000000000077,0.2049999999999983,qso
1.4100579999999994,0.482031000000001,0.18563899999999833,0.07559200000000033,star
-0.08399999999999963,0.26500000000000057,0.12299999999999756,0.10900000000000176,qso
0.09299999999999997,-0.2629999999999981,-0.2010000000000005,-0.4400000000000013,wd
0.34299999999999997,0.1980000000000004,0.03200000000000003,0.15899999999999892,qso
0.16600000000000037,0.1789999999999985,0.26200000000000045,0.2029999999999994,qso
0.4009999999999998,-0.16900000000000048,-0.15399999999999991,-0.2759999999999998,wd
0.4720000000000013,0.04499999999999815,-0.01799999999999713,-0.05700000000000216,wd
1.3410489999999982,0.5190149999999996,0.24191500000000232,0.08243699999999876,star
0.27199999999999847,0.1410000000000018,0.046999999999997044,0.5660000000000025,qso
0.34399999999999764,-0.08199999999999719,0.14699999999999847,-0.09600000000000009,qso
1.4515669999999972,0.5084340000000012,0.1668030000000016,0.08150299999999966,star
0.28500000000000014,0.6729999999999983,1.0700000000000003,0.6380000000000017,wd
0.38400000000000034,-0.15399999999999991,-0.21399999999999864,-0.028999999999999915,wd
0.0920000000000023,-0.06099999999999994,-0.1670000000000016,0.19000000000000128,qso
0.4969999999999999,0.1460000000000008,-0.07400000000000162,0.3260000000000005,qso
1.2805880000000016,0.41162299999999874,0.14409500000000008,0.045394999999999186,star
0.08399999999999963,0.3410000000000011,0.5939999999999976,0.40000000000000213,wd
0.28100000000000236,-0.2740000000000009,-0.2699999999999996,-0.2469999999999999,wd
0.3550000000000004,0.3890000000000029,0.14299999999999713,0.006000000000000227,qso
0.240000000000002,-0.2640000000000029,-0.23899999999999721,-0.026000000000003354,wd
0.44200000000000017,-0.20200000000000173,-0.19299999999999784,-0.3760000000000012,wd
0.2809999999999988,0.18999999999999773,-0.08299999999999841,0.04299999999999926,qso
-0.05699999999999861,-0.38500000000000156,-0.31700000000000017,-0.30600000000000094,wd
0.019000000000001904,0.33399999999999963,-0.05900000000000105,-0.08300000000000196,qso
-0.06400000000000006,-0.38599999999999923,-0.33999999999999986,-0.2980000000000018,wd
-0.003999999999997783,0.1769999999999996,-0.14199999999999946,0.7639999999999993,qso
1.736065,0.7294809999999998,0.32510699999999915,0.12886299999999906,star
0.054999999999999716,0.09499999999999886,0.46300000000000097,-0.24299999999999855,qso
0.12300000000000111,0.21699999999999875,-0.0329999999999977,-0.05700000000000216,qso
0.4029999999999987,-0.04400000000000048,-0.055999999999997385,-0.13300000000000267,wd
0.7299999999999969,0.6630000000000003,0.3940000000000019,0.3490000000000002,qso
2.462928999999999,1.2220680000000002,0.5103060000000017,0.2695399999999992,star
0.4339999999999975,-0.038000000000000256,-0.13799999999999812,-0.20899999999999963,wd
1.3720019999999984,0.5718379999999996,0.1798169999999999,0.07637599999999978,star
0.16799999999999926,-0.3000000000000007,-0.26399999999999935,-0.2660000000000018,wd
0.1620000000000026,0.134999999999998,0.03900000000000148,0.23799999999999955,qso
0.38200000000000145,0.09600000000000009,-0.04299999999999926,-0.10300000000000153,wd
1.3433069999999994,0.44045300000000154,0.24154399999999754,0.09421599999999941,star
0.08899999999999864,0.18000000000000327,-0.07000000000000028,-0.03100000000000236,qso
1.5210349999999977,0.6241950000000003,0.2531770000000009,0.097961999999999,star
0.0990000000000002,0.11299999999999955,0.08200000000000074,0.3620000000000019,qso
-0.3780000000000001,-0.48600000000000065,-0.2839999999999989,-0.23400000000000176,wd
1.0787849999999999,0.3965219999999974,0.14367900000000233,0.07205399999999784,star
0.13599999999999923,-0.1930000000000014,-0.15199999999999747,-0.3000000000000007,wd
0.5530000000000008,0.05999999999999872,-0.134999999999998,0.29699999999999704,qso
0.021000000000000796,-0.08900000000000219,0.20700000000000074,0.07700000000000173,qso
2.4626309999999982,1.362594999999999,0.6441740000000014,0.39848399999999984,star
-0.08299999999999841,-0.3470000000000013,-0.20200000000000173,-0.22999999999999687,wd
1.1635020000000011,0.39605299999999843,0.12123900000000276,0.02259600000000006,star
0.13400000000000034,0.0710000000000015,0.16199999999999903,0.3260000000000005,qso
0.3150000000000013,0.1269999999999989,0.5749999999999993,0.18900000000000006,qso
-0.08999999999999986,-0.2889999999999979,-0.2950000000000017,-0.26599999999999824,wd
0.4510000000000005,-0.04299999999999926,-0.09700000000000131,-0.2270000000000003,wd
-0.1980000000000004,-0.5389999999999979,-0.29100000000000037,0.04100000000000037,wd
1.3763579999999997,0.3710780000000007,0.2440640000000016,0.10832299999999861,star
0.3460000000000001,0.12199999999999989,0.08000000000000185,0.14899999999999736,qso
2.6127129999999994,1.3156110000000005,0.4156739999999992,0.7271630000000009,star
0.9338930000000012,0.29174700000000087,0.11143099999999961,0.055438999999999794,star
2.662441000000001,1.207538999999997,0.5395680000000027,0.3093119999999985,star
0.19200000000000017,0.32200000000000273,0.0259999999999998,-0.027000000000001023,qso
0.08399999999999963,0.30799999999999983,0.23799999999999955,0.3230000000000004,qso
0.43100000000000094,-0.10500000000000043,-0.054999999999999716,-0.08800000000000097,wd
1.6796609999999994,0.6965560000000011,0.2225230000000007,0.1024320000000003,star
0.46799999999999997,-0.2029999999999994,-0.17599999999999838,-0.25,wd
0.48200000000000287,-0.03500000000000014,-0.10500000000000043,-0.28200000000000003,wd
1.070416999999999,0.5205500000000001,0.22231899999999882,0.08142700000000147,star
1.1682999999999986,0.45644600000000146,0.2227769999999989,-0.07168899999999923,star
0.18700000000000117,0.14099999999999824,-0.030999999999998806,0.06599999999999895,qso
0.37599999999999767,0.0920000000000023,-0.11600000000000321,0.10700000000000287,qso
0.5499999999999972,0.08800000000000097,0.06099999999999994,0.1999999999999993,qso
1.2370170000000016,0.48248999999999853,0.17826499999999967,0.06606999999999985,star
0.3670000000000009,0.055999999999997385,-0.08399999999999963,-0.13799999999999812,wd
1.5590489999999981,0.6881489999999992,0.27520900000000204,0.1474139999999995,star
1.2656150000000004,0.4173050000000007,0.14851099999999917,-0.0009630000000004912,star
0.40600000000000236,0.1319999999999979,-0.030999999999998806,0.03500000000000014,wd
0.9237059999999992,0.299430000000001,0.10892800000000058,0.017629999999998702,star
0.43200000000000216,0.09699999999999775,-0.022999999999999687,-0.23000000000000043,wd
0.3880000000000017,0.39000000000000057,0.1479999999999997,-0.010999999999999233,qso
0.030999999999998806,0.13100000000000023,-0.0010000000000012221,-0.26399999999999935,qso
0.2740000000000009,0.07900000000000063,-0.015000000000000568,0.1280000000000001,qso
1.226471,0.4064179999999986,0.15986100000000292,0.07537599999999856,star
0.28300000000000125,0.015999999999998238,0.33500000000000085,0.007999999999999119,qso
0.2889999999999979,-0.09699999999999775,0.21499999999999986,0.3059999999999974,qso
1.8318830000000013,0.6352249999999984,0.2777729999999998,0.13642500000000268,star
0.03100000000000236,0.05999999999999872,0.17800000000000082,0.3099999999999987,qso
0.5479999999999983,0.33100000000000307,0.11699999999999733,0.5010000000000012,qso
-0.3240000000000016,-0.43400000000000105,-0.3719999999999999,-0.21499999999999986,wd
0.9009999999999998,0.7369999999999983,1.0600000000000023,0.6219999999999999,wd
0.25700000000000145,0.0,0.11999999999999744,0.2240000000000002,qso
0.8989429999999992,0.2847980000000021,0.11232000000000042,-0.014921000000001072,star
2.1409640000000003,0.8992679999999993,0.34503099999999876,0.17774900000000216,star
0.20700000000000074,-0.015000000000000568,0.10699999999999932,-0.018000000000000682,qso
0.8881429999999995,0.3138100000000019,0.08180199999999971,0.03030099999999969,star
0.45700000000000074,0.038000000000000256,-0.05700000000000216,-0.09600000000000009,wd
-0.17999999999999972,-0.38400000000000034,-0.3520000000000003,-0.39599999999999724,wd
0.3219999999999992,0.030999999999998806,0.24399999999999977,-0.07399999999999807,qso
0.25700000000000145,-0.13400000000000034,0.29199999999999804,0.2560000000000002,qso
1.5674860000000024,0.5367729999999966,0.2451350000000012,0.013099000000000416,star
0.35999999999999943,-0.03900000000000148,-0.1819999999999986,0.11200000000000188,wd
1.1471020000000003,0.41587200000000024,0.16690900000000042,0.044760999999999385,star
0.09699999999999775,0.27800000000000225,0.08200000000000074,-0.08100000000000307,qso
1.0659440000000018,0.4879669999999976,0.19993200000000044,0.08570900000000137,star
1.6808949999999996,0.5372960000000013,0.21471000000000018,0.08521499999999804,star
0.2729999999999997,0.16100000000000136,0.24200000000000088,0.254999999999999,qso
1.344539000000001,0.578635000000002,0.22003499999999931,0.11078699999999841,star
0.10600000000000165,-0.09299999999999997,0.5679999999999978,0.5660000000000025,wd
2.3543780000000005,1.0099009999999993,0.32554199999999867,0.1982980000000012,star
0.23900000000000077,0.15500000000000114,0.022999999999999687,-0.0920000000000023,qso
1.4137880000000003,0.5308239999999991,0.20152900000000074,0.12017799999999923,star
0.4150000000000027,-0.6540000000000035,0.11400000000000077,-0.03599999999999781,wd
0.2789999999999999,0.4839999999999982,0.19400000000000261,0.10699999999999932,qso
0.0470000000000006,0.37099999999999866,0.03999999999999915,-0.006999999999997897,qso
0.9288199999999982,0.2917330000000007,0.07368200000000158,-0.004995000000000971,star
0.2190000000000012,0.08399999999999963,0.19899999999999807,0.04899999999999949,qso
0.16899999999999693,-0.07199999999999918,0.09800000000000253,0.1039999999999992,qso
1.354267,0.4801579999999994,0.1686659999999982,0.04233600000000237,star
-0.11700000000000088,0.0779999999999994,-0.03200000000000003,0.13000000000000256,qso
0.3760000000000012,0.03200000000000003,0.05699999999999861,-0.16399999999999793,wd
1.3150750000000002,0.3625279999999975,0.08545700000000167,0.02145799999999909,star
0.2900000000000027,0.5449999999999982,0.21699999999999875,0.14700000000000202,qso
-0.12400000000000233,-0.41199999999999903,-0.3619999999999983,-0.1479999999999997,wd
1.3878829999999986,0.5453450000000011,0.23570099999999883,0.06703100000000006,star
0.18999999999999773,0.16499999999999915,0.16400000000000148,0.11899999999999977,qso
0.1789999999999985,-0.36599999999999966,-0.19099999999999895,-0.30600000000000094,wd
0.09600000000000009,-0.20000000000000284,-0.12899999999999778,-0.21100000000000207,wd
0.5749999999999993,0.1529999999999987,0.054000000000002046,-0.04400000000000048,wd
-0.13299999999999912,0.26899999999999835,0.008000000000002672,0.29999999999999716,qso
1.0722099999999983,0.42279800000000023,0.12012,0.05034400000000261,star
0.19599999999999795,-0.18700000000000117,-0.14199999999999946,-0.2530000000000001,wd
0.4299999999999997,0.11299999999999955,0.04200000000000159,-0.15000000000000213,wd
0.8497249999999994,0.3061779999999992,0.15300099999999972,-0.01693300000000164,star
1.8920379999999994,0.7271479999999997,0.2543930000000003,0.15351800000000182,star
0.2920000000000016,0.15399999999999991,0.1750000000000007,-0.054999999999999716,qso
1.459818000000002,0.6527549999999991,0.27739000000000047,0.1252519999999997,star
0.18499999999999872,0.2759999999999998,0.125,0.010999999999999233,qso
0.4789999999999992,0.0940000000000012,-0.006000000000000227,0.22500000000000142,qso
0.17600000000000193,-0.3410000000000011,-0.33500000000000085,-0.24899999999999878,wd
0.13999999999999702,0.16300000000000026,-0.03399999999999892,0.20500000000000185,qso
0.1980000000000004,0.12300000000000111,0.2270000000000003,0.038000000000000256,qso
0.18299999999999983,0.06300000000000239,0.08999999999999986,0.2809999999999988,qso
0.17999999999999972,0.3739999999999988,0.15200000000000102,0.5120000000000005,qso
0.18100000000000094,-0.019000000000001904,0.10200000000000031,-0.0470000000000006,qso
0.39000000000000057,-0.054000000000002046,-0.07600000000000051,-0.18299999999999983,wd
0.1059999999999981,0.4750000000000014,0.4289999999999985,-0.027999999999998693,qso
0.35600000000000165,0.02499999999999858,0.14499999999999957,-0.08200000000000074,qso
2.134730000000001,0.8039049999999985,0.29375900000000144,0.12799499999999853,star
1.3281519999999993,0.455209,0.164083999999999,0.014755000000000962,star
0.264999999999997,0.33800000000000097,-0.05799999999999983,-0.004000000000001336,qso
2.012341000000003,0.804352999999999,0.30707400000000007,0.15669499999999914,star
0.3230000000000004,-0.2740000000000009,-0.26200000000000045,-0.39899999999999736,wd
0.20600000000000307,-0.12100000000000222,0.11899999999999977,0.04200000000000159,qso
1.2624610000000018,0.47879199999999855,0.18259699999999945,0.06876900000000141,star
0.2029999999999994,0.09399999999999764,0.20800000000000196,0.010999999999999233,qso
0.34299999999999997,-0.012000000000000455,-0.11400000000000077,-0.12900000000000134,wd
2.2437760000000004,0.9009229999999988,0.2807510000000004,0.15816500000000033,star
0.16100000000000136,0.06899999999999906,0.08699999999999974,0.15700000000000003,qso
2.458769,1.084775999999998,0.4246010000000009,0.23029400000000066,star
1.0157699999999998,0.18807800000000086,0.08621600000000029,-0.0337600000000009,star
0.39599999999999724,-0.26599999999999824,-0.24299999999999855,-0.4380000000000024,wd
0.013000000000001677,0.26500000000000057,0.04999999999999716,0.8719999999999999,qso
1.340683000000002,0.4698329999999977,0.17199400000000153,0.03261199999999853,star
0.7786249999999981,0.3523139999999998,0.15844700000000245,0.10147299999999859,star
0.5770000000000017,0.22100000000000009,-0.0070000000000014495,0.1930000000000014,qso
0.14999999999999858,0.13300000000000267,0.3559999999999981,-0.04199999999999804,qso
0.012000000000000455,0.1750000000000007,0.05699999999999861,-0.053999999999998494,qso
1.9882810000000006,0.7619490000000013,0.27930100000000024,0.14657000000000053,star
0.3940000000000019,0.16199999999999903,0.17900000000000205,0.03499999999999659,qso
0.4450000000000003,0.022999999999999687,-0.045999999999999375,-0.0010000000000012221,wd
0.21499999999999986,0.10800000000000054,0.24200000000000088,-0.0519999999999996,qso
1.0548870000000008,0.4089780000000012,0.1624850000000002,0.054030999999998386,star
0.509999999999998,-0.2519999999999989,-0.19200000000000017,-0.18499999999999872,wd
0.30600000000000094,-0.2779999999999987,-0.08999999999999986,0.11899999999999977,wd
1.3451199999999979,0.5374970000000001,0.1331370000000014,0.06434499999999943,star
1.0494769999999995,0.3924089999999989,0.12683999999999962,-0.0027849999999993713,star
1.1452290000000005,0.3739879999999971,0.1740320000000004,0.0475209999999997,star
-0.028999999999999915,-0.3260000000000005,-0.18100000000000094,-0.21799999999999997,wd
0.40500000000000114,0.20199999999999818,0.12600000000000122,0.0019999999999988916,qso
-0.28999999999999915,-0.46000000000000085,-0.3359999999999985,-0.30700000000000216,wd
2.394943999999999,1.1031019999999998,0.36308000000000007,0.2384649999999997,star
-0.021999999999998465,-0.4450000000000003,-0.18599999999999994,-0.5259999999999998,wd
0.20300000000000296,-0.2960000000000029,-0.2569999999999979,-0.09500000000000242,wd
1.883503000000001,0.809469,0.28159300000000087,0.156092000000001,star
-0.036000000000001364,0.10200000000000031,0.35999999999999943,-0.07199999999999918,qso
0.254999999999999,0.1410000000000018,0.3119999999999976,-0.12099999999999866,qso
-0.07900000000000063,-0.23600000000000065,-0.3279999999999994,-0.25500000000000256,wd
1.3064169999999997,0.4237409999999997,0.15538600000000002,0.06039800000000284,star
-0.030000000000001137,-0.30900000000000105,-0.1739999999999995,-0.379999999999999,wd
2.3451369999999976,1.098987000000001,0.4005200000000002,0.2332769999999993,star
1.2841000000000022,0.42844899999999875,0.15666199999999897,0.07230900000000062,star
0.3539999999999992,0.07900000000000063,0.3219999999999992,-0.0259999999999998,qso
-0.3230000000000004,-0.44399999999999906,-0.3260000000000005,-0.3269999999999982,wd
1.8329200000000014,0.6117039999999996,0.26020499999999913,0.12718200000000124,star
0.5510000000000019,0.14699999999999847,-0.07199999999999918,0.06400000000000006,qso
0.45000000000000284,0.5399999999999991,0.41199999999999903,0.3689999999999998,qso
0.06299999999999883,0.23900000000000077,0.0030000000000001137,0.4430000000000014,qso
-0.06900000000000261,-0.37099999999999866,-0.29799999999999827,-0.3260000000000005,wd
0.5730000000000004,0.08099999999999952,0.04100000000000037,0.42199999999999704,qso
0.062000000000001165,0.2359999999999971,-0.10899999999999821,0.14499999999999957,qso
0.03999999999999915,0.24899999999999878,0.06099999999999994,-0.2079999999999984,qso
0.06099999999999994,0.05999999999999872,0.32800000000000296,-0.07900000000000063,qso
1.2914349999999999,0.4786399999999986,0.23297700000000177,0.07311599999999885,star
0.8363869999999984,0.24830599999999947,0.09702899999999914,0.03484000000000265,star
-0.1980000000000004,-0.04199999999999804,0.36599999999999966,0.0990000000000002,qso
-0.23100000000000165,-0.4540000000000006,-0.31400000000000006,-0.33699999999999974,wd
1.3401180000000004,0.519956999999998,0.19968200000000103,0.09156099999999867,star
0.16699999999999804,0.142000000000003,0.011999999999996902,0.006000000000000227,qso
0.21199999999999974,-0.3180000000000014,-0.2629999999999981,-0.26200000000000045,wd
0.3730000000000011,-0.23600000000000065,-0.129999999999999,0.10800000000000054,wd
1.0030000000000001,-0.05600000000000094,0.10500000000000043,0.35700000000000287,qso
0.26500000000000057,0.018000000000000682,0.20700000000000074,0.0519999999999996,qso
0.740000000000002,-0.20500000000000185,0.15600000000000236,0.5829999999999984,wd
0.2989999999999995,-0.05100000000000193,-0.11699999999999733,-0.1130000000000031,wd
1.2129779999999997,0.5369279999999996,0.18536000000000286,0.09033200000000008,star
-0.07600000000000051,-0.46799999999999997,-0.39699999999999847,-0.24399999999999977,wd
0.4969999999999999,0.18499999999999872,0.03500000000000014,-0.01699999999999946,wd
0.038000000000000256,-0.16000000000000014,-0.16600000000000037,-0.49099999999999966,wd
0.3879999999999999,-0.06700000000000017,-0.06799999999999962,-0.1850000000000005,wd
0.5279999999999987,0.19200000000000017,0.038000000000000256,-0.3619999999999983,wd
1.6096059999999994,0.6767439999999993,0.29209200000000024,0.15672500000000156,star
0.11400000000000077,-0.347999999999999,-0.2839999999999989,-0.28800000000000026,wd
0.2970000000000006,-0.2989999999999995,-0.19000000000000128,-0.28500000000000014,wd
0.13299999999999912,0.07199999999999918,0.2690000000000019,-0.06700000000000017,qso
0.3089999999999975,-0.15199999999999747,0.0730000000000004,-0.06800000000000139,qso
0.5200000000000031,0.08999999999999986,-0.07800000000000296,0.19200000000000017,qso
0.3210000000000015,0.3670000000000009,0.08899999999999864,0.09499999999999886,qso
0.028000000000002245,-0.379999999999999,-0.2740000000000009,-0.20500000000000185,wd
0.46699999999999875,0.045999999999999375,-0.030999999999998806,-0.004000000000001336,wd
0.31899999999999906,0.2010000000000005,0.15200000000000102,0.4039999999999999,qso
0.4710000000000001,0.08399999999999963,0.6499999999999986,0.5500000000000007,wd
2.43234,1.0232470000000013,0.30711399999999855,0.18296899999999994,star
-0.08399999999999963,-0.23499999999999943,-0.3150000000000013,-0.20599999999999952,wd
0.11100000000000065,-0.3760000000000012,-0.3150000000000013,-0.10999999999999943,wd
1.764688999999997,0.6736740000000019,0.25732400000000055,0.14463399999999993,star
0.0799999999999983,-0.31599999999999895,-0.053999999999998494,0.15199999999999747,wd
2.3938720000000018,0.895490999999998,0.24439600000000006,0.21156599999999948,star
0.3730000000000011,-0.2560000000000002,-0.17300000000000182,-0.21199999999999974,wd
0.26000000000000156,-0.3279999999999994,-0.2579999999999991,-0.16400000000000148,wd
1.2896460000000012,0.5403500000000001,0.14116599999999835,0.08977700000000155,star
-0.11000000000000298,-0.26799999999999713,-0.2840000000000025,-0.2759999999999998,wd
1.6135020000000004,0.6676069999999985,0.2739080000000005,0.13978100000000104,star
1.384999999999998,0.16100000000000136,0.09499999999999886,0.10300000000000153,qso
1.2949319999999993,0.4581710000000001,0.17142999999999908,0.032747000000000526,star
-0.2259999999999991,-0.44200000000000017,-0.3520000000000003,-0.2190000000000012,wd
0.3710000000000022,0.7029999999999994,0.24899999999999878,0.6469999999999985,qso
1.037240999999998,0.36320200000000114,0.13191299999999906,-0.004811000000000121,star
0.02400000000000091,0.40199999999999747,0.01600000000000179,0.015000000000000568,qso
-0.1739999999999995,-0.28500000000000014,-0.18499999999999872,-0.2560000000000002,wd
0.36100000000000065,-0.2680000000000007,-0.3550000000000004,0.012000000000000455,wd
1.9469349999999999,0.8034120000000016,0.2907459999999986,0.15111100000000022,star
0.44399999999999906,0.004000000000001336,-0.09199999999999875,-0.038000000000000256,wd
2.516309999999997,1.3233010000000007,0.6726070000000011,0.3508879999999994,star
0.7539999999999978,0.843,1.149000000000001,0.6140000000000008,wd
0.0990000000000002,-0.3420000000000023,-0.24799999999999756,-0.2240000000000002,wd
1.6531699999999994,0.5990140000000004,0.16779099999999758,0.08892700000000175,star
0.9718079999999993,0.35639799999999866,0.09191300000000169,0.05432300000000012,star
1.307457000000003,0.46017499999999956,0.1963279999999994,0.005331999999999226,star
0.24099999999999966,0.004000000000001336,0.2530000000000001,-0.013999999999999346,qso
1.476535000000002,0.5818200000000004,0.19835799999999892,0.1269859999999987,star
0.23900000000000077,-0.27500000000000213,-0.20899999999999963,-0.36799999999999855,wd
-0.02500000000000213,0.08600000000000207,0.3829999999999991,0.11700000000000088,qso
0.05699999999999861,-0.3960000000000008,-0.23600000000000065,0.030000000000001137,wd
0.4209999999999994,0.2240000000000002,0.2940000000000005,0.26699999999999946,qso
1.139159000000003,0.45302899999999724,0.11159500000000122,0.16395199999999832,star
0.8999999999999986,0.8550000000000004,1.2560000000000002,0.7910000000000004,wd
0.2579999999999991,0.42700000000000315,0.01899999999999835,-0.07400000000000162,qso
0.7629999999999981,0.8070000000000022,1.131999999999998,0.6920000000000002,wd
-0.3049999999999997,-0.5300000000000011,-0.352999999999998,-0.2920000000000016,wd
0.9964100000000009,0.42193599999999876,0.11868000000000123,0.04125900000000016,star
2.2797739999999997,0.9615690000000008,0.3552129999999991,0.20937500000000142,star
0.1479999999999997,0.05799999999999983,0.7639999999999993,0.5920000000000023,wd
2.3442799999999977,0.9531080000000003,0.3340810000000012,0.18700199999999967,star
1.1013529999999996,0.3586369999999981,0.15841100000000097,0.0502830000000003,star
0.13799999999999812,-0.0010000000000012221,0.1390000000000029,0.05999999999999872,qso
1.400504999999999,0.5415060000000018,0.20943999999999896,0.06204400000000021,star
0.4289999999999985,-0.012999999999998124,-0.1490000000000009,-0.23799999999999955,wd
1.6412559999999985,0.6252830000000031,0.27074299999999774,0.1271350000000009,star
0.12099999999999866,-0.14999999999999858,0.357999999999997,-0.15700000000000003,qso
0.14499999999999957,0.2940000000000005,-0.03500000000000014,-0.120000000000001,qso
0.3760000000000012,-0.31400000000000006,-0.3030000000000008,-0.16399999999999793,wd
0.5700000000000003,0.03500000000000014,-0.07000000000000028,-0.08099999999999952,wd
1.074265999999998,0.2384510000000013,-0.003586000000000311,0.05848399999999998,star
-0.11999999999999744,0.0799999999999983,0.11200000000000188,0.16799999999999926,qso
-0.07500000000000284,-0.44899999999999807,-0.34800000000000253,0.28800000000000026,wd
0.33800000000000097,0.07900000000000063,-0.13500000000000156,0.14699999999999847,qso
0.14700000000000202,0.25900000000000034,0.1280000000000001,-0.01699999999999946,qso
1.7905589999999982,0.6326370000000026,0.24911699999999826,0.08177599999999963,star
2.110861,0.8809639999999987,0.27020299999999864,0.14736100000000185,star
0.21300000000000097,0.16100000000000136,0.3249999999999993,0.10899999999999821,qso
0.16400000000000148,0.11899999999999977,0.21899999999999764,-0.053999999999998494,qso
0.1559999999999988,-0.37099999999999866,-0.29499999999999815,-0.40300000000000225,wd
1.1020959999999995,0.3230339999999998,0.18638500000000136,0.03317999999999799,star
0.4209999999999994,-0.3149999999999977,-0.2289999999999992,-0.23000000000000043,wd
0.42900000000000205,0.0019999999999988916,0.16600000000000037,0.021999999999998465,qso
0.3549999999999969,-0.2539999999999978,-0.25900000000000034,-0.40000000000000213,wd
0.4490000000000016,0.0849999999999973,-0.18499999999999872,0.062000000000001165,wd
1.3113059999999983,0.5153280000000002,0.15036399999999972,0.08591800000000127,star
0.4789999999999992,-0.07600000000000051,-0.15800000000000125,-0.15199999999999747,wd
0.43900000000000006,0.21699999999999875,0.05900000000000105,0.062000000000001165,qso
0.4029999999999987,-0.16000000000000014,-0.17799999999999727,-0.14500000000000313,wd
-0.11499999999999844,0.13599999999999923,0.3099999999999987,0.29100000000000037,wd
0.4920000000000009,0.12300000000000111,-0.01600000000000179,-0.1559999999999988,wd
1.8536010000000012,0.7167189999999977,0.32353800000000277,0.05052699999999888,star
0.45800000000000196,0.010999999999999233,-0.17600000000000193,0.125,wd
0.21499999999999986,0.11100000000000065,0.12899999999999778,0.13400000000000034,qso
0.9873499999999993,0.2803650000000033,0.14007599999999698,-0.00414299999999912,star
1.0960029999999996,0.36216899999999796,0.19741199999999992,0.07086200000000176,star
0.12700000000000244,0.16300000000000026,0.08899999999999864,0.1039999999999992,qso
1.3815900000000028,0.5089019999999991,0.23573100000000125,0.042577999999998895,star
1.3134699999999988,0.49569600000000236,0.18346700000000027,0.07785299999999751,star
0.3509999999999991,-0.03999999999999915,-0.12199999999999989,-0.027000000000001023,wd
1.7400970000000022,0.637435,0.185692999999997,0.10776400000000308,star
0.402000000000001,0.006999999999997897,0.23900000000000077,0.036000000000001364,qso
0.0470000000000006,0.18299999999999983,-0.021999999999998465,0.006999999999997897,qso
0.04200000000000159,0.08699999999999974,0.22800000000000153,0.045999999999999375,qso
1.1253759999999993,0.45186999999999955,0.16199800000000053,0.10284100000000151,star
0.4480000000000004,-0.11500000000000199,-0.1509999999999998,-0.006000000000000227,wd
-0.027999999999998693,0.10299999999999798,0.3470000000000013,0.1440000000000019,qso
1.958786,0.7227519999999998,0.24477499999999885,0.1593309999999999,star
-0.08299999999999841,-0.36100000000000065,-0.25,-0.18400000000000105,wd
0.26000000000000156,0.09399999999999764,0.29100000000000037,0.01699999999999946,qso
0.4440000000000026,-0.18400000000000105,-0.18900000000000006,-0.2950000000000017,wd
1.3353540000000024,0.46317499999999967,0.29908,0.012147999999999826,star
1.1278259999999989,0.3276090000000025,0.13680599999999998,0.016866999999997745,star
1.0868210000000005,0.3400059999999989,0.1146160000000016,0.049730000000000274,star
0.11499999999999844,0.13300000000000267,0.028999999999999915,0.09199999999999875,qso
0.11499999999999844,-0.1109999999999971,0.3780000000000001,0.232999999999997,qso
0.28999999999999915,0.12199999999999989,-0.09799999999999898,0.46699999999999875,qso
-0.03200000000000003,-0.4029999999999987,-0.2740000000000009,-0.3490000000000002,wd
0.2029999999999994,0.09699999999999775,0.2610000000000028,-0.06900000000000261,qso
1.1671809999999994,0.49519100000000194,0.20684900000000006,0.054847999999999786,star
1.975595000000002,0.8331119999999981,0.2738410000000009,0.1435929999999992,star
1.4020200000000003,0.5099310000000017,0.20206099999999694,0.03825700000000154,star
0.43299999999999983,0.1039999999999992,0.03200000000000003,-0.11299999999999955,wd
1.1792160000000003,0.5088259999999991,0.19779000000000124,0.10324299999999909,star
0.4690000000000012,0.1789999999999985,-0.030999999999998806,0.15899999999999892,qso
0.3440000000000012,-0.2940000000000005,-0.4239999999999995,0.1280000000000001,wd
1.2992539999999977,0.392710000000001,0.1644799999999993,0.011060000000000514,star
1.2608940000000004,0.565256999999999,0.2194420000000008,0.09658499999999925,star
0.4450000000000003,0.03500000000000014,-0.05600000000000094,-0.1609999999999978,wd
1.9510529999999981,0.7427370000000018,0.3214290000000002,0.08808799999999906,star
0.19699999999999918,0.129999999999999,-0.12099999999999866,0.3930000000000007,qso
1.8860639999999975,0.7254870000000011,0.27609499999999976,0.15820700000000087,star
1.6495689999999996,0.5998669999999997,0.21002299999999963,0.08594599999999986,star
0.375,0.0779999999999994,0.25200000000000244,0.05299999999999727,qso
1.1592780000000005,0.45833299999999966,0.19262299999999755,0.103746000000001,star
0.26200000000000045,0.3019999999999996,-0.06400000000000006,0.018000000000000682,qso
-0.019999999999999574,-0.33999999999999986,-0.2940000000000005,-0.2680000000000007,wd
2.1890329999999985,0.8798110000000019,0.34523699999999913,0.08617700000000106,star
1.2573110000000014,0.3658619999999999,0.17885000000000062,0.04470999999999847,star
2.5061719999999994,1.2765769999999996,0.5458850000000002,0.32112799999999986,star
0.2729999999999997,0.14199999999999946,-0.07600000000000051,0.18900000000000006,qso
0.0470000000000006,-0.2890000000000015,-0.2940000000000005,-0.39599999999999724,wd
0.5430000000000028,0.49199999999999733,0.9100000000000001,0.5990000000000002,wd
0.4269999999999996,-0.028999999999999915,0.11799999999999855,-0.0010000000000012221,qso
0.4089999999999989,-0.03500000000000014,0.4789999999999992,0.5790000000000006,wd
-0.5249999999999986,-0.4710000000000001,-0.3309999999999995,-0.43599999999999994,wd
0.30600000000000094,0.21300000000000097,0.00999999999999801,0.1479999999999997,qso
0.3260000000000005,-0.1509999999999998,-0.24200000000000088,-0.16799999999999926,wd
-0.06599999999999895,-0.36299999999999955,-0.25900000000000034,-0.13899999999999935,wd
0.43200000000000216,0.5389999999999979,-0.06199999999999761,-0.0020000000000024443,qso
0.05700000000000216,0.3309999999999995,-0.12700000000000244,0.06500000000000128,qso
0.39699999999999847,-0.0030000000000001137,-0.09100000000000108,-0.1319999999999979,wd
0.2759999999999998,0.0259999999999998,0.12600000000000122,-0.036999999999999034,qso
0.19200000000000017,0.12100000000000222,0.2049999999999983,-0.06899999999999906,qso
1.3529850000000003,0.5411169999999998,0.18890200000000235,0.10491699999999682,star
0.16799999999999926,0.3299999999999983,0.03400000000000247,-0.05100000000000193,qso
1.335843999999998,0.5300140000000013,0.16829099999999997,0.06609399999999965,star
0.1620000000000026,0.2339999999999982,-0.1039999999999992,-0.0030000000000001137,qso
0.21999999999999886,-0.2839999999999989,-0.2789999999999999,-0.27300000000000324,wd
0.5960000000000001,0.6120000000000019,0.19899999999999807,-0.038999999999997925,qso
1.2047259999999973,0.41084999999999994,0.14059100000000058,0.08748200000000139,star
0.16400000000000148,-0.36100000000000065,-0.20400000000000063,-0.532,wd
0.44599999999999795,-0.2469999999999999,0.008000000000002672,0.31899999999999906,wd
0.5549999999999997,0.15600000000000236,-0.03400000000000247,0.1479999999999997,qso
0.2940000000000005,-0.2699999999999996,-0.28000000000000114,-0.2970000000000006,wd
1.483383,0.6564960000000006,0.2358399999999996,0.10192299999999932,star
0.48999999999999844,0.129999999999999,0.0259999999999998,-0.047999999999998266,wd
0.41100000000000136,0.012000000000000455,0.12799999999999656,-0.12199999999999989,qso
1.8054239999999986,0.8607140000000015,0.3140520000000002,0.19478399999999851,star
0.134999999999998,-0.37099999999999866,-0.3219999999999992,-0.3240000000000016,wd
1.1041910000000001,0.3360410000000016,0.15220199999999906,0.026116000000001804,star
0.17099999999999937,0.33000000000000185,0.03500000000000014,-0.0470000000000006,qso
1.7278580000000012,0.6735299999999995,0.27480899999999764,0.12340000000000018,star
0.21000000000000085,0.054999999999999716,0.18599999999999994,-0.11899999999999977,qso
0.060000000000002274,0.0030000000000001137,0.7539999999999978,0.559000000000001,wd
0.21999999999999886,-0.24199999999999733,-0.25,-0.18599999999999994,wd
-0.04200000000000159,-0.3730000000000011,-0.2959999999999994,-0.2680000000000007,wd
0.2680000000000007,-0.2240000000000002,-0.14199999999999946,-0.2699999999999996,wd
0.45000000000000284,-0.21199999999999974,-0.2380000000000031,-0.18999999999999773,wd
0.3099999999999987,0.19399999999999906,0.1960000000000015,-0.18700000000000117,qso
0.17299999999999827,0.019999999999999574,0.2240000000000002,0.0779999999999994,qso
0.33100000000000307,0.25099999999999767,0.30700000000000216,0.11599999999999966,qso
1.4977230000000006,0.5912860000000002,0.28079199999999815,-0.0005170000000003228,star
1.367055999999998,0.538494,0.19196700000000178,0.12112700000000132,star
0.44200000000000017,-0.18599999999999994,-0.1999999999999993,-0.31700000000000017,wd
0.3249999999999993,0.31400000000000006,-0.01899999999999835,0.062000000000001165,qso
0.3589999999999982,0.713000000000001,0.6050000000000004,0.39099999999999824,wd
0.014000000000002899,-0.23100000000000165,-0.16000000000000014,-0.2789999999999999,wd
0.0259999999999998,0.2049999999999983,-0.06899999999999906,-0.053000000000000824,qso
0.15600000000000236,-0.120000000000001,0.49599999999999866,0.5500000000000007,wd
0.4190000000000005,0.15500000000000114,-0.13300000000000267,0.18200000000000216,qso
0.24599999999999866,0.18900000000000006,0.3500000000000014,0.10200000000000031,qso
0.07099999999999795,0.17900000000000205,-0.07800000000000296,0.043000000000002814,qso
-0.0030000000000001137,0.2840000000000025,0.003999999999997783,-0.1739999999999995,qso
0.22500000000000142,0.4089999999999989,0.10000000000000142,-0.0030000000000001137,qso
1.0153099999999995,-0.11303900000000056,-0.1004889999999996,-0.10904700000000034,star
0.5069999999999979,0.43299999999999983,0.3219999999999992,0.062000000000001165,qso
0.10600000000000165,0.2069999999999972,-0.07399999999999807,0.03500000000000014,qso
0.13899999999999935,0.015000000000000568,0.21399999999999864,-0.053999999999998494,qso
-0.0849999999999973,0.5809999999999995,-0.0940000000000012,0.006000000000000227,qso
0.6490000000000009,-0.21699999999999875,-0.24900000000000233,-0.3119999999999976,wd
0.020999999999997243,-0.4029999999999987,-0.3559999999999981,-0.240000000000002,wd
0.26899999999999835,-0.030999999999998806,0.17599999999999838,-0.07899999999999707,qso
0.03300000000000125,-0.4980000000000011,-0.2270000000000003,-0.5269999999999975,wd
2.298758999999997,1.0145690000000016,0.42891300000000143,0.23859799999999787,star
1.2158470000000001,0.4054109999999973,0.1389370000000021,0.0539670000000001,star
1.4470060000000018,0.4959169999999986,0.11000800000000055,0.10081600000000002,star
2.540840000000003,1.2141209999999987,0.44622900000000065,0.2526079999999986,star
-0.3680000000000021,-0.3719999999999999,-0.44899999999999807,-0.3890000000000029,wd
2.060913000000003,0.8454549999999994,0.21983399999999875,0.17402799999999985,star
0.06799999999999784,-0.31599999999999895,-0.30600000000000094,-0.5439999999999969,wd
2.4879809999999978,1.2438760000000002,0.4306830000000019,0.24376399999999876,star
0.2799999999999976,0.06400000000000006,0.31400000000000006,0.012000000000000455,qso
1.7740480000000005,0.6637999999999984,0.2728950000000019,0.11299899999999852,star
0.2270000000000003,0.1410000000000018,0.32099999999999795,0.0990000000000002,qso
0.9887669999999993,0.38758900000000196,0.1749299999999998,0.07235199999999864,star
1.7660750000000007,0.6372129999999991,0.25579700000000116,0.12831100000000006,star
0.15500000000000114,0.2289999999999992,0.15399999999999991,0.2959999999999994,qso
1.894871000000002,0.7439539999999987,0.21863400000000155,0.14244199999999907,star
1.3296829999999993,0.5225849999999994,0.1813260000000021,0.07426099999999991,star
1.824546999999999,0.7154180000000014,0.23512000000000022,0.1342629999999989,star
0.31200000000000117,-0.019999999999999574,-0.027000000000001023,-0.16300000000000026,wd
0.11200000000000188,0.17999999999999972,-0.021000000000000796,-0.07600000000000051,qso
1.4414750000000005,0.5588680000000004,0.2363180000000007,0.10262700000000002,star
0.37700000000000244,0.11899999999999977,0.32099999999999795,0.13400000000000034,qso
0.9984189999999984,0.33684900000000084,0.08595299999999995,0.032254999999999256,star
0.4210000000000029,-0.20800000000000196,-0.1529999999999987,-0.03500000000000014,wd
0.25099999999999767,0.0020000000000024443,-0.11100000000000065,-0.04899999999999949,wd
2.133146,0.8513439999999974,0.25407200000000074,0.23851799999999912,star
1.5598770000000002,0.558292999999999,0.20269700000000057,0.0741429999999994,star
1.061041000000003,0.3685399999999994,0.12139599999999895,0.05788899999999941,star
0.41199999999999903,-0.20899999999999963,-0.1739999999999995,-0.17800000000000082,wd
0.8810270000000031,0.31834399999999974,0.11337299999999928,0.0806939999999976,star
0.4480000000000004,0.3099999999999987,0.06700000000000017,0.06099999999999994,qso
0.03400000000000247,0.10999999999999943,-0.015000000000000568,-0.08500000000000085,qso
2.7315429999999985,1.3634350000000008,0.49176600000000015,0.3301480000000012,star
0.4710000000000001,0.1839999999999975,0.25400000000000134,-0.21699999999999875,qso
1.7539580000000008,0.684076000000001,0.22874399999999895,0.09527100000000033,star
0.34699999999999775,0.07600000000000051,-0.08800000000000097,0.1720000000000006,qso
0.2569999999999979,0.04800000000000182,0.18900000000000006,0.26699999999999946,qso
1.1259830000000015,0.38736699999999935,0.13738200000000056,0.013370999999999356,star
-0.1880000000000024,-0.4399999999999977,-0.3190000000000026,-0.3249999999999993,wd
0.09399999999999764,0.120000000000001,0.3000000000000007,0.11700000000000088,qso
0.5999999999999979,0.20800000000000196,0.06500000000000128,-0.005000000000002558,wd
1.6252989999999983,0.6472180000000005,0.24392400000000158,0.10737099999999877,star
0.15600000000000236,0.19899999999999807,0.0470000000000006,-0.09100000000000108,qso
0.022999999999999687,-0.254999999999999,-0.36299999999999955,0.0019999999999988916,wd
0.4490000000000016,-0.25,-0.26000000000000156,-0.31400000000000006,wd
1.3955059999999975,0.46328100000000205,0.1441669999999995,0.072734999999998,star
1.4573540000000023,0.592689,0.201117,0.1104939999999992,star
-0.352999999999998,-0.4939999999999998,-0.3470000000000013,-0.2710000000000008,wd
0.0019999999999988916,-0.3269999999999982,-0.2480000000000011,-0.2240000000000002,wd
0.07500000000000284,-0.23799999999999955,-0.3400000000000034,-0.2359999999999971,wd
0.19000000000000128,-0.09800000000000253,0.240000000000002,-0.0020000000000024443,qso
-0.05900000000000105,-0.3069999999999986,-0.21799999999999997,-0.125,wd
1.3021569999999976,0.46384800000000226,0.1834239999999987,0.07497599999999949,star
0.43900000000000006,-0.1280000000000001,0.11700000000000088,0.3409999999999975,qso
0.24200000000000088,-0.29299999999999926,-0.1769999999999996,-0.11700000000000088,wd
0.1280000000000001,0.27199999999999847,-0.09699999999999775,-0.04400000000000048,qso
1.6241800000000026,0.6000769999999989,0.21997599999999906,0.09699100000000271,star
1.2187149999999995,0.435020999999999,0.14570499999999953,0.057349000000000316,star
1.1624659999999984,0.3923520000000007,0.15205299999999866,0.004850000000001131,star
0.2530000000000001,-0.30900000000000105,-0.30600000000000094,-0.26399999999999935,wd
0.13899999999999935,0.24200000000000088,-0.04899999999999949,-0.13700000000000045,qso
1.0942049999999988,0.35438999999999865,0.12785099999999971,0.025972000000002993,star
0.20400000000000063,0.1960000000000015,0.06299999999999883,0.08699999999999974,wd
0.4140000000000015,-0.10500000000000043,-0.16300000000000026,-0.2240000000000002,wd
-0.0019999999999988916,0.1579999999999977,-0.09099999999999753,-0.14700000000000202,qso
0.2660000000000018,-0.2480000000000011,-0.379999999999999,-0.10900000000000176,wd
0.18900000000000006,-0.22000000000000242,-0.31099999999999994,-0.24799999999999756,wd
0.26099999999999923,0.0400000000000027,0.23999999999999844,-0.022999999999999687,qso
0.8625320000000016,0.3047770000000014,0.13447599999999937,0.030162999999998164,star
1.0359230000000004,0.4397529999999996,0.13495799999999747,0.06357200000000063,star
1.4092729999999989,0.5774840000000019,0.2114869999999982,0.11098300000000094,star
0.3279999999999994,0.18499999999999872,0.16799999999999926,0.037000000000002586,qso
1.6285289999999968,0.6193490000000033,0.2055579999999999,0.10366699999999796,star
0.3069999999999986,0.004000000000001336,0.01899999999999835,-0.22100000000000009,wd
1.928606000000002,0.8029170000000008,0.31675599999999804,0.20602700000000063,star
0.29799999999999827,0.21399999999999864,-0.014999999999997016,0.2989999999999995,qso
0.41600000000000037,0.03500000000000014,0.0010000000000012221,-0.1720000000000006,wd
-0.11599999999999966,-0.13800000000000168,0.3240000000000016,0.062000000000001165,qso
1.3355810000000012,0.46145199999999775,0.15601500000000001,0.08075400000000243,star
1.1206340000000026,0.534395,0.2784099999999974,0.11164899999999989,star
0.1559999999999988,0.1739999999999995,0.3279999999999994,0.07400000000000162,qso
2.1894799999999996,0.8925289999999997,0.3057339999999993,0.12878599999999985,star
0.1390000000000029,0.14399999999999835,-0.038000000000000256,0.12400000000000233,qso
-0.36599999999999966,0.47499999999999787,0.03500000000000014,0.009000000000000341,qso
0.4969999999999999,-0.11299999999999955,0.2010000000000005,0.1720000000000006,qso
0.5720000000000027,-0.10600000000000165,-0.0779999999999994,0.28200000000000003,qso
1.220516,0.3533079999999984,0.10439100000000323,0.047356999999998095,star
0.19000000000000128,0.038000000000000256,0.134999999999998,0.18400000000000105,qso
0.9103569999999976,0.2532899999999998,0.10281700000000171,0.0597379999999994,star
1.4799410000000002,0.47011499999999984,0.2848120000000005,0.03439700000000023,star
0.0,0.31700000000000017,0.0,0.04400000000000048,qso
1.1859000000000002,0.40563599999999767,0.15156300000000122,0.04523199999999861,star
0.5060000000000002,0.1670000000000016,-0.021000000000000796,0.054999999999999716,wd
0.12600000000000122,0.1509999999999998,0.036999999999999034,-0.08399999999999963,qso
0.4519999999999982,0.18500000000000227,-0.009000000000000341,-0.02400000000000091,wd
0.16900000000000048,0.05999999999999872,0.277000000000001,-0.04400000000000048,qso
1.571434,0.6008679999999984,0.23758499999999927,0.12554400000000143,star
1.2995,0.5256760000000007,0.14181899999999992,0.04442099999999982,star
2.276892,0.9263800000000018,0.43880499999999856,0.2510930000000009,star
0.1769999999999996,0.6240000000000023,0.3000000000000007,0.4809999999999981,qso
1.146024999999998,0.4129080000000016,0.16507199999999855,0.03031299999999959,star
1.302213,0.46222099999999955,0.1088129999999996,0.07308599999999998,star
0.8460000000000001,0.21199999999999974,0.10200000000000031,0.26399999999999935,qso
0.28800000000000026,-0.17499999999999716,-0.18400000000000105,-0.33899999999999864,wd
1.1571169999999995,0.3604529999999997,0.13658099999999962,-0.0076979999999995385,star
0.11700000000000088,0.2539999999999978,-0.00999999999999801,-0.1440000000000019,qso
0.05299999999999905,-0.3169999999999984,-0.30400000000000205,-0.29100000000000037,wd
0.4690000000000012,0.12399999999999878,-0.054000000000002046,0.04600000000000293,wd
0.38599999999999923,-0.2829999999999977,-0.24600000000000222,-0.28800000000000026,wd
0.277000000000001,0.12399999999999878,0.2560000000000002,0.12199999999999989,qso
0.30600000000000094,0.5510000000000019,0.21699999999999875,0.053000000000000824,qso
2.526254999999999,1.2560119999999984,0.5943330000000007,0.3462069999999997,star
0.2170000000000023,0.36599999999999966,0.012000000000000455,0.04199999999999804,qso
0.4190000000000005,0.10000000000000142,-0.0259999999999998,-0.07200000000000273,wd
1.2947600000000001,0.4701519999999988,0.14944300000000155,0.085722999999998,star
1.3471319999999984,0.4613440000000004,0.14860300000000137,0.06805299999999903,star
0.21899999999999764,0.26099999999999923,0.03100000000000236,0.10299999999999798,qso
-0.10800000000000054,-0.379999999999999,-0.3200000000000003,-0.38700000000000045,wd
0.43200000000000216,-0.2530000000000001,-0.2660000000000018,-0.10800000000000054,wd
2.1488629999999986,0.7882410000000029,0.26373399999999947,0.1778279999999981,star
0.4059999999999988,-0.0519999999999996,-0.10200000000000031,-0.10500000000000043,wd
0.3960000000000008,0.0329999999999977,-0.06099999999999994,-0.35999999999999943,wd
1.0465089999999968,0.4102490000000003,0.12390200000000107,0.023417999999999495,star
0.4920000000000009,0.16600000000000037,0.6409999999999982,0.6069999999999993,wd
0.21000000000000085,-0.2989999999999995,-0.28800000000000026,-0.33399999999999963,wd
0.4989999999999988,0.08999999999999986,-0.019999999999999574,-0.03399999999999892,wd
0.4170000000000016,-0.07600000000000051,-0.0259999999999998,0.0589999999999975,wd
1.1005629999999975,0.26435100000000133,0.10760900000000007,0.010580000000000922,star
0.4009999999999998,-0.17600000000000193,-0.21099999999999852,-0.30700000000000216,wd
1.5422569999999993,0.6423340000000017,0.24205399999999955,0.13318600000000202,star
0.3360000000000021,0.10999999999999943,-0.04299999999999926,-0.07400000000000162,wd
0.3200000000000003,-0.24200000000000088,-0.1839999999999975,-0.41799999999999926,wd
1.5021839999999997,0.5336949999999998,0.20820999999999934,0.07465799999999945,star
0.045999999999999375,-0.23699999999999832,-0.11200000000000188,0.09799999999999898,wd
0.06199999999999761,-0.15499999999999758,-0.2029999999999994,-0.2510000000000012,wd
0.1460000000000008,-0.09199999999999875,0.21099999999999852,0.0799999999999983,qso
0.37299999999999756,0.06500000000000128,-0.06800000000000139,-0.05699999999999861,wd
0.2220000000000013,0.09700000000000131,0.15399999999999991,-0.0259999999999998,qso
0.08599999999999852,0.14699999999999847,-0.0329999999999977,0.0779999999999994,qso
0.20899999999999963,-0.04200000000000159,0.010999999999999233,0.10700000000000287,qso
0.5410000000000004,-0.15700000000000003,-0.1509999999999998,-0.1960000000000015,wd
0.43100000000000094,-0.2430000000000021,-0.16000000000000014,-0.2339999999999982,wd
0.28600000000000136,-0.03399999999999892,0.16600000000000037,0.4819999999999993,qso
0.4469999999999992,-0.18100000000000094,-0.1319999999999979,-0.23799999999999955,wd
1.3635599999999997,0.5134989999999995,0.17666799999999938,0.09206700000000012,star
0.4250000000000007,-0.21599999999999753,-0.15000000000000213,-0.3219999999999992,wd
-0.36100000000000065,-0.48300000000000054,-0.3000000000000007,-0.277000000000001,wd
1.2677949999999996,0.48685700000000054,0.19448799999999977,0.07260199999999983,star
-0.019999999999999574,0.2140000000000022,-0.03400000000000247,-0.0030000000000001137,qso
0.018000000000000682,-0.29299999999999926,-0.2930000000000028,-0.04499999999999815,wd
-0.04100000000000037,-0.010000000000001563,0.33000000000000185,0.054999999999999716,qso
0.2909999999999968,-0.07899999999999707,0.17099999999999937,0.23300000000000054,qso
0.1180000000000021,-0.16900000000000048,-0.08000000000000185,-0.19200000000000017,wd
1.4657319999999991,0.5466429999999995,0.21469499999999897,0.07575100000000035,star
0.5670000000000002,0.09199999999999875,0.267000000000003,0.16599999999999682,qso
0.3689999999999998,0.33500000000000085,0.29199999999999804,0.07200000000000273,qso
-0.07900000000000063,0.010000000000001563,0.28800000000000026,-0.0259999999999998,qso
0.34299999999999997,-0.09399999999999764,0.3219999999999992,0.13799999999999812,qso
2.0860540000000007,0.8236489999999996,0.32613500000000073,0.1561230000000009,star
2.5796460000000003,1.4474809999999998,0.8473819999999996,0.4693120000000004,star
0.14399999999999835,0.3240000000000016,0.11699999999999733,0.532,qso
1.0877039999999987,0.37331199999999853,0.16694999999999993,0.08002700000000118,star
0.4559999999999995,-0.10200000000000031,-0.14099999999999824,-0.2430000000000021,wd
-0.07400000000000162,-0.18499999999999872,-0.23799999999999955,-0.14000000000000057,wd
0.22100000000000009,0.29799999999999827,0.5579999999999998,0.4170000000000016,wd
0.24499999999999744,-0.3569999999999993,-0.2240000000000002,-0.1750000000000007,wd
0.37900000000000134,-0.01699999999999946,-0.2010000000000005,-0.18700000000000117,wd
0.4800000000000004,0.2920000000000016,0.2889999999999979,0.06800000000000139,qso
0.3299999999999983,-0.2569999999999979,-0.23600000000000065,-0.38200000000000145,wd
0.3180000000000014,0.013000000000001677,-0.10700000000000287,-0.20399999999999707,wd
0.3149999999999977,0.18400000000000105,0.20899999999999963,0.03399999999999892,qso
0.1960000000000015,-0.31400000000000006,-0.20700000000000074,-0.30700000000000216,wd
-0.14399999999999835,-0.28100000000000236,-0.3230000000000004,-0.42799999999999727,wd
1.3221150000000002,0.5492609999999978,0.26350800000000163,0.10493999999999915,star
1.782005999999999,0.696472,0.2145140000000012,0.14208400000000054,star
1.2412440000000018,0.5448389999999996,0.16923200000000094,0.06925599999999932,star
-0.11100000000000065,-0.4299999999999997,-0.2940000000000005,-0.2469999999999999,wd
0.870237999999997,0.36467000000000027,0.13890400000000014,0.07577300000000164,star
1.1767459999999978,0.46716900000000017,0.13092800000000082,0.07050899999999949,star
0.1670000000000016,0.18999999999999773,0.11899999999999977,-0.011999999999996902,qso
0.4480000000000004,-0.018000000000000682,-0.003999999999997783,-0.15300000000000225,wd
1.1769269999999992,0.2562639999999998,0.04068200000000033,-0.03539699999999968,star
0.3810000000000002,-0.2920000000000016,-0.26399999999999935,-0.2240000000000002,wd
2.682960999999999,1.4131660000000004,0.770548999999999,0.3860930000000007,star
0.3539999999999992,-0.021000000000000796,-0.06599999999999895,-0.10800000000000054,wd
0.43799999999999883,-0.027999999999998693,-0.08500000000000085,-0.0990000000000002,wd
0.6389999999999993,0.18100000000000094,0.10699999999999932,0.14300000000000068,qso
0.4150000000000027,0.06799999999999784,-0.0010000000000012221,0.03400000000000247,wd
0.07399999999999807,0.3160000000000025,-0.005000000000002558,0.272000000000002,qso
0.6070000000000029,0.18099999999999739,0.11200000000000188,0.0019999999999988916,wd
0.7210000000000001,0.2560000000000002,0.26599999999999824,0.25900000000000034,qso
2.0320680000000024,0.7617139999999996,0.23324799999999968,0.10524500000000003,star
1.386136999999998,0.5324489999999997,0.23665400000000147,0.09977400000000003,star
0.9990559999999995,0.34133500000000083,0.11705599999999805,0.07372100000000259,star
1.9774709999999978,0.8263390000000008,0.30484700000000053,0.153829,star
1.5403340000000014,0.6020069999999986,0.2771370000000015,0.0982189999999985,star
0.45700000000000074,-0.0990000000000002,-0.2190000000000012,-0.3119999999999976,wd
2.592761999999997,1.261997000000001,0.5876040000000007,0.2550220000000003,star
0.9263820000000003,0.24931300000000078,0.08083799999999997,0.010623999999999967,star
0.9100459999999977,0.2326119999999996,0.09268800000000255,-0.01763700000000057,star
0.3470000000000013,-0.32700000000000173,-0.23199999999999932,-0.3049999999999997,wd
1.521566,0.5841940000000001,0.19857600000000275,0.04252699999999976,star
0.4299999999999997,-0.23100000000000165,-0.16999999999999815,-0.2890000000000015,wd
0.19000000000000128,0.0589999999999975,0.23900000000000077,-0.009000000000000341,qso
0.2129999999999974,0.022000000000002018,0.3149999999999977,-0.04499999999999815,qso
0.053000000000000824,0.13599999999999923,0.14499999999999957,0.0400000000000027,qso
0.23799999999999955,0.18599999999999994,0.08099999999999952,0.5410000000000004,qso
0.8775520000000014,0.25021199999999766,0.10430700000000215,0.04206100000000035,star
0.8120000000000012,0.08899999999999864,0.05999999999999872,-0.01899999999999835,qso
1.465446,0.569856999999999,0.2010890000000014,0.07160399999999889,star
0.2629999999999981,0.6330000000000027,0.4469999999999992,0.16600000000000037,qso
2.0020039999999995,0.8664679999999993,0.2977989999999995,0.18432000000000137,star
2.451858999999999,1.1018950000000025,0.39527999999999963,0.18169599999999875,star
0.027999999999998693,0.25700000000000145,0.045999999999999375,-0.045000000000001705,qso
0.43400000000000105,0.13599999999999923,-0.01899999999999835,-0.019999999999999574,wd
1.1120629999999991,0.4171730000000018,0.18716500000000025,0.04457599999999928,star
0.5180000000000007,0.14299999999999713,0.1700000000000017,0.019999999999999574,qso
1.7657249999999998,0.6785600000000009,0.2063309999999987,0.11192099999999883,star
2.590849000000002,1.0968379999999982,0.38698499999999925,0.2067130000000006,star
1.3321679999999994,0.5029079999999997,0.1936479999999996,0.05772600000000061,star
1.043165000000002,0.0591029999999968,-0.001606999999999914,-0.06894699999999787,star
0.23799999999999955,0.05799999999999983,-0.036999999999999034,-0.16400000000000148,wd
0.5100000000000016,0.04200000000000159,0.0379999999999967,-0.12099999999999866,wd
1.8738600000000005,0.7464389999999987,0.3020060000000022,0.11091199999999901,star
1.5864769999999986,0.6557519999999997,0.041182000000002716,0.21795399999999887,star
0.11900000000000333,0.254999999999999,0.010999999999999233,-0.15700000000000003,qso
0.4250000000000007,-0.22300000000000253,-0.24299999999999855,-0.30700000000000216,wd
1.8128810000000009,0.6345739999999989,0.26039800000000035,0.15714900000000043,star
0.44099999999999895,0.07600000000000051,0.013999999999999346,-0.04199999999999804,wd
1.2597179999999994,0.4657250000000026,0.1557639999999978,0.11674500000000165,star
2.2705079999999995,0.9802680000000024,0.31024999999999814,0.1959970000000002,star
0.045999999999999375,0.1999999999999993,0.15000000000000213,0.29299999999999926,qso
0.17599999999999838,0.120000000000001,0.2660000000000018,0.09399999999999764,qso
0.31799999999999784,-0.17999999999999972,-0.17299999999999827,-0.13300000000000267,wd
-0.3620000000000019,-0.4079999999999977,-0.32800000000000296,-0.22299999999999898,wd
0.28200000000000003,0.39199999999999946,0.009000000000000341,0.015000000000000568,qso
0.2530000000000001,0.14199999999999946,0.12900000000000134,0.16999999999999815,qso
0.22100000000000009,-0.2809999999999988,-0.22100000000000009,-0.3200000000000003,wd
0.9486579999999982,0.227329000000001,0.3317510000000006,-0.005859000000000947,star
0.4800000000000022,-0.02000000000000135,-0.0519999999999996,-0.11100000000000065,wd
0.1609999999999978,0.1750000000000007,0.11500000000000199,0.0019999999999988916,qso
1.060658,0.41334999999999944,0.14545599999999936,0.008549000000000362,star
0.4610000000000021,0.07199999999999918,-0.1039999999999992,0.053999999999998494,wd
0.3949999999999996,-0.15200000000000102,-0.2049999999999983,-0.38300000000000267,wd
-0.06400000000000006,-0.24200000000000088,-0.20899999999999963,-0.31700000000000017,wd
0.1559999999999988,0.021000000000000796,0.1410000000000018,0.0030000000000001137,qso
0.5450000000000017,-0.12200000000000344,-0.25099999999999767,-0.1670000000000016,wd
1.1662959999999991,0.45236700000000063,0.17295499999999997,0.07446399999999898,star
0.1819999999999986,-0.036999999999999034,0.21600000000000108,0.07899999999999707,qso
0.08899999999999864,-0.12899999999999778,-0.15200000000000102,-0.365000000000002,wd
-0.24600000000000222,-0.12099999999999866,0.6030000000000015,0.5079999999999991,wd
0.5229999999999997,0.1999999999999993,-0.010000000000001563,-0.04199999999999804,wd
-0.09600000000000009,-0.28500000000000014,-0.19200000000000017,-0.29799999999999827,wd
0.15899999999999892,0.3359999999999985,0.0020000000000024443,-0.06900000000000261,qso
0.4710000000000001,0.03399999999999892,-0.04099999999999859,-0.0730000000000004,wd
1.6974389999999993,0.6858039999999974,0.2547340000000027,0.15970300000000037,star
0.42900000000000205,0.1559999999999988,0.05100000000000193,0.23699999999999832,qso
0.38400000000000034,0.1479999999999997,0.036000000000001364,-0.15000000000000213,wd
0.5030000000000001,-0.010000000000001563,-0.10699999999999932,-0.12300000000000111,wd
0.2560000000000002,0.25400000000000134,0.011999999999996902,0.07800000000000296,qso
1.4271460000000005,0.5250069999999987,0.1406179999999999,0.07509699999999953,star
-0.05999999999999872,-0.504999999999999,-0.31400000000000006,-0.2920000000000016,wd
1.2942199999999993,0.4217949999999995,0.1696610000000014,0.07174299999999967,star
0.9914360000000002,0.334360000000002,0.13348599999999955,0.019762000000000057,star
0.2129999999999974,-0.12299999999999756,-0.1750000000000007,-0.13200000000000145,wd
0.054999999999999716,0.012999999999998124,0.18100000000000094,0.2190000000000012,qso
1.4124649999999974,0.564071000000002,0.20505199999999846,0.10484500000000097,star
0.036999999999999034,0.013999999999999346,0.23799999999999955,0.08900000000000219,qso
1.2229399999999977,0.4415879999999994,0.20948900000000137,0.04045500000000146,star
-0.3960000000000008,-0.4499999999999993,-0.18400000000000105,0.07900000000000063,wd
2.209896999999998,0.9482570000000017,0.3600329999999978,0.19109300000000218,star
0.06099999999999994,0.16899999999999693,-0.006999999999997897,0.01899999999999835,qso
0.45700000000000074,-0.013000000000001677,-0.13299999999999912,0.0070000000000014495,qso
0.24099999999999966,-0.06099999999999994,0.21100000000000207,0.19699999999999918,qso
0.6700000000000017,0.06499999999999773,0.027000000000001023,0.29100000000000037,qso
1.0121059999999993,0.21969100000000097,0.11361499999999936,-0.07627700000000104,star
0.9880050000000011,0.5269940000000002,0.10608400000000096,0.04405599999999943,star
0.036000000000001364,-0.1880000000000024,-0.26399999999999935,-0.2270000000000003,wd
0.509999999999998,0.06500000000000128,-0.10600000000000165,-0.17299999999999827,wd
0.5420000000000016,-0.1490000000000009,-0.1819999999999986,-0.3930000000000007,wd
2.1999559999999967,0.9286880000000011,0.3539210000000015,0.1825309999999991,star
1.0648819999999972,0.3661770000000004,0.12031599999999898,0.05739600000000067,star
0.4059999999999988,0.06599999999999895,-0.015000000000000568,-0.06400000000000006,wd
1.531994000000001,0.5424849999999992,0.21765100000000004,0.07236699999999985,star
1.2192930000000004,0.4489920000000005,0.1274860000000011,0.08790499999999923,star
-0.11500000000000199,-0.38599999999999923,-0.28999999999999915,-0.30900000000000105,wd
-0.15899999999999892,0.32599999999999696,0.6380000000000017,0.6499999999999986,wd
0.13400000000000034,0.07199999999999918,0.26099999999999923,-0.003999999999997783,qso
0.37900000000000134,0.11699999999999733,-0.05099999999999838,-0.1700000000000017,wd
0.36100000000000065,-0.010999999999999233,-0.06500000000000128,-0.23199999999999932,wd
0.11299999999999955,0.2150000000000034,-0.029000000000003467,-0.06799999999999784,qso
0.19299999999999784,0.28200000000000003,0.0259999999999998,0.019999999999999574,qso
0.21699999999999875,0.08599999999999852,0.3260000000000005,-0.05699999999999861,qso
0.38700000000000045,-0.3260000000000005,-0.19299999999999784,-0.17999999999999972,wd
1.8619270000000014,0.6585959999999993,0.28136899999999976,0.15181500000000092,star
2.008209000000001,0.7037080000000007,0.25684799999999974,0.07696800000000081,star
0.4640000000000022,-0.15000000000000213,-0.1869999999999976,-0.12900000000000134,wd
0.18400000000000105,-0.028999999999999915,-0.08500000000000085,-0.2940000000000005,wd
0.4339999999999975,-0.05099999999999838,-0.10999999999999943,-0.12199999999999989,wd
0.45000000000000284,0.25,0.003999999999997783,0.12700000000000244,qso
0.3030000000000008,0.3569999999999993,0.036999999999999034,-0.10299999999999798,qso
0.33200000000000074,-0.06299999999999883,0.23999999999999844,0.010000000000001563,qso
1.0617389999999993,0.2359100000000005,-0.005159000000000802,-0.06947499999999884,star
0.20700000000000074,0.28999999999999915,0.003999999999997783,-0.0329999999999977,qso
0.22199999999999775,0.16600000000000037,0.12700000000000244,0.22100000000000009,qso
0.4180000000000028,-0.20700000000000074,-0.25900000000000034,-0.13599999999999923,wd
0.006000000000000227,-0.36299999999999955,-0.26099999999999923,-0.4200000000000017,wd
1.1575980000000001,0.4620760000000015,0.1486800000000006,0.06344199999999844,star
1.6897509999999976,0.6179260000000006,0.22358499999999992,0.04843500000000134,star
1.0036750000000012,0.3629819999999988,0.11464400000000019,0.01094599999999879,star
0.18900000000000006,-0.3739999999999988,-0.25400000000000134,-0.1109999999999971,wd
2.6545660000000026,1.1463939999999972,0.4487240000000021,0.22057799999999972,star
0.5620000000000012,0.22100000000000009,0.3049999999999997,-0.03999999999999915,qso
0.038999999999997925,-0.18599999999999994,-0.1789999999999985,0.19099999999999895,wd
2.7123649999999984,1.3091310000000007,0.5688060000000004,0.28413499999999914,star
0.45899999999999963,0.06299999999999883,-0.0019999999999988916,-0.060000000000002274,wd
0.19200000000000017,0.13899999999999935,0.04499999999999815,0.17400000000000304,qso
-0.34299999999999997,-0.5240000000000009,-0.33500000000000085,-0.1579999999999977,wd
-0.05100000000000193,-0.3769999999999989,-0.28300000000000125,-0.23799999999999955,wd
0.08600000000000207,-0.4350000000000023,-0.2909999999999968,-0.392000000000003,wd
1.0009180000000022,0.20952699999999957,0.1420969999999997,0.0193449999999995,star
0.4660000000000011,-0.0920000000000023,-0.1819999999999986,-0.062000000000001165,wd
0.6449999999999996,0.23500000000000298,0.06700000000000017,-0.015000000000000568,wd
0.4059999999999988,-0.06400000000000006,-0.24599999999999866,-0.24399999999999977,wd
0.21999999999999886,-0.125,0.14399999999999835,0.019000000000001904,qso
1.6980359999999983,0.5912550000000003,0.1663800000000002,0.09200300000000183,star
0.21999999999999886,0.6159999999999997,-0.036999999999999034,0.8060000000000009,qso
0.11500000000000199,0.06700000000000017,0.10799999999999699,0.2940000000000005,qso
0.03399999999999892,-0.4049999999999976,-0.33999999999999986,-0.2710000000000008,wd
0.5719999999999992,0.37400000000000233,0.23899999999999721,-0.020999999999997243,qso
0.2740000000000009,-0.10800000000000054,0.22500000000000142,0.14299999999999713,qso
-0.030000000000001137,0.38899999999999935,0.1280000000000001,0.17099999999999937,qso
0.5530000000000008,0.08399999999999963,0.21399999999999864,0.04299999999999926,qso
-0.21899999999999764,-0.07500000000000284,0.14000000000000057,0.12600000000000122,wd
0.5549999999999997,0.1559999999999988,0.030999999999998806,0.012000000000000455,wd
0.07099999999999795,-0.22100000000000009,-0.11399999999999721,-0.2469999999999999,wd
0.43400000000000105,0.07699999999999818,-0.005999999999996675,-0.028999999999999915,wd
0.036000000000001364,0.24099999999999966,0.0470000000000006,0.6529999999999987,qso
2.6120599999999996,1.1876130000000025,0.4578439999999979,0.2782909999999994,star
0.3979999999999997,0.11100000000000065,-0.013999999999999346,-0.18599999999999994,wd
0.24399999999999977,-0.14000000000000057,0.21799999999999997,-0.019999999999999574,qso
0.09699999999999775,0.370000000000001,0.004999999999999005,0.015000000000000568,qso
1.4196029999999986,0.5771730000000002,0.29663599999999946,0.11402800000000113,star
0.4579999999999984,-0.05099999999999838,-0.0990000000000002,-0.22800000000000153,wd
1.2584459999999993,0.5434470000000005,0.2455580000000026,0.1533089999999966,star
1.9646320000000017,0.9280919999999995,0.34734399999999965,0.19611300000000043,star
1.5509960000000014,0.5856479999999991,0.2488369999999982,-0.06219899999999967,star
0.36599999999999966,-0.17999999999999972,-0.2710000000000008,-0.20199999999999818,wd
0.33500000000000085,0.10999999999999943,0.28500000000000014,0.0010000000000012221,qso
2.526881999999997,1.076550000000001,0.37495799999999946,0.19531000000000098,star
0.40700000000000003,0.027999999999998693,0.5869999999999997,0.5560000000000009,wd
0.5389999999999979,-0.11199999999999832,0.3569999999999993,0.4609999999999985,wd
0.5309999999999988,0.0020000000000024443,-0.01699999999999946,-0.05700000000000216,wd
1.7280060000000006,0.6736560000000011,0.23633399999999938,0.15990000000000038,star
-0.11499999999999844,-0.08500000000000085,0.472999999999999,0.028999999999999915,qso
0.504999999999999,0.4710000000000001,0.29100000000000037,0.12199999999999989,qso
1.162627999999998,0.4137820000000012,0.22235299999999825,0.06918699999999944,star
0.15700000000000003,0.25500000000000256,0.10799999999999699,0.005000000000002558,qso
0.3359999999999985,-0.07000000000000028,0.12600000000000122,0.0070000000000014495,qso
1.1073459999999997,0.45192100000000224,0.2032109999999996,0.06883600000000101,star
2.2051750000000006,0.9907240000000002,0.3356659999999998,0.2904859999999996,star
-0.09299999999999997,-0.40500000000000114,-0.3049999999999997,-0.31200000000000117,wd
0.1269999999999989,0.2680000000000007,0.0010000000000012221,-0.06099999999999994,qso
0.1999999999999993,0.34299999999999997,0.0799999999999983,0.2740000000000009,qso
0.3409999999999975,-0.06599999999999895,0.11599999999999966,0.10500000000000043,qso
2.3010079999999995,0.9792360000000002,0.299353,0.19086299999999845,star
0.3880000000000017,-0.240000000000002,-0.21799999999999997,-0.21899999999999764,wd
0.46899999999999764,-0.2970000000000006,-0.08399999999999963,-0.22499999999999787,wd
0.10000000000000142,0.06899999999999906,0.25,-0.05700000000000216,qso
2.1123469999999998,0.9403380000000006,0.3456539999999997,0.20346999999999937,star
1.661999999999999,0.2140000000000022,0.0519999999999996,0.10299999999999798,qso
0.4009999999999998,0.07099999999999795,0.20800000000000196,0.02499999999999858,qso
1.3225599999999993,0.47398700000000105,0.16486299999999865,0.05681400000000103,star
0.030999999999998806,0.3309999999999995,0.20899999999999963,0.495000000000001,qso
0.4109999999999996,0.13700000000000045,0.032999999999999474,-0.04699999999999882,wd
0.29299999999999926,-0.2530000000000001,-0.22299999999999898,0.015000000000000568,wd
1.7023490000000017,0.6594510000000007,0.2626109999999997,0.1564709999999998,star
-0.0779999999999994,-0.4200000000000017,-0.2779999999999987,0.03900000000000148,wd
0.666999999999998,0.13200000000000145,0.004000000000001336,0.19899999999999807,qso
-0.14000000000000057,-0.4710000000000001,-0.31200000000000117,-0.33699999999999974,wd
1.5530000000000008,0.027999999999998693,0.010000000000001563,0.08500000000000085,qso
0.036000000000001364,0.04199999999999804,0.31899999999999906,-0.04199999999999804,qso
0.49599999999999866,-0.12300000000000111,-0.17999999999999972,-0.2129999999999974,wd
1.6978930000000005,0.6664169999999991,0.27291800000000066,0.11772599999999755,star
1.7036249999999988,0.6530100000000019,0.2453889999999994,0.15274299999999918,star
0.2690000000000019,-0.2789999999999999,-0.240000000000002,-0.3219999999999992,wd
0.3309999999999995,0.12299999999999756,-0.0259999999999998,-0.09799999999999898,wd
0.26000000000000156,0.04299999999999926,-0.07699999999999818,-0.07700000000000173,wd
0.3299999999999983,0.20800000000000196,0.20899999999999963,0.2989999999999995,qso
-0.03400000000000247,-0.21799999999999997,-0.23899999999999721,-0.27800000000000225,wd
1.1399669999999986,0.44397900000000234,0.14167600000000036,0.13107300000000066,star
0.18400000000000105,-0.23700000000000188,-0.2839999999999989,0.16399999999999793,wd
0.46799999999999997,-0.1039999999999992,-0.09799999999999898,-0.2980000000000018,wd
2.1931819999999966,0.9156530000000025,0.35355200000000053,0.1885679999999983,star
1.1210350000000027,0.46837400000000073,0.1578899999999983,0.12008700000000161,star
0.3049999999999997,0.05600000000000094,-0.013000000000001677,-0.03200000000000003,wd
0.021999999999998465,0.28200000000000003,0.045000000000001705,-0.05600000000000094,qso
0.3670000000000009,0.129999999999999,0.06800000000000139,0.26399999999999935,qso
0.4009999999999998,0.047999999999998266,0.0,-0.09499999999999886,wd
2.289638,0.9489649999999976,0.4095600000000026,0.21111099999999894,star
0.09099999999999753,-0.07199999999999918,-0.16699999999999804,-0.17600000000000193,wd
0.11299999999999955,0.38700000000000045,0.18799999999999883,0.3520000000000003,qso
0.125,0.19500000000000028,0.010999999999999233,-0.036999999999999034,qso
0.06899999999999906,0.21600000000000108,0.06099999999999994,-0.045999999999999375,qso
0.09199999999999875,-0.10999999999999943,0.3999999999999986,0.527000000000001,wd
0.12199999999999989,-0.06599999999999895,0.2270000000000003,-0.11899999999999977,qso
1.380271999999998,0.4921950000000024,0.24536299999999756,0.12814000000000192,star
0.20500000000000185,0.3039999999999985,0.05999999999999872,0.011000000000002785,qso
0.43400000000000105,-0.010000000000001563,-0.18900000000000006,-0.05099999999999838,wd
0.4969999999999999,0.2629999999999981,0.045999999999999375,0.03900000000000148,qso
0.2699999999999996,-0.07400000000000162,-0.1059999999999981,-0.16100000000000136,wd
0.4469999999999992,0.2660000000000018,0.03599999999999781,0.07499999999999929,qso
0.44099999999999895,0.004000000000001336,-0.07000000000000028,-0.0730000000000004,qso
-0.053999999999998494,-0.3180000000000014,-0.3049999999999997,-0.4499999999999993,wd
1.1757980000000003,0.4186729999999983,0.1277310000000007,0.03298799999999957,star
0.4400000000000013,-0.0020000000000024443,-0.06400000000000006,-0.09799999999999898,wd
0.42799999999999727,0.11000000000000298,0.1819999999999986,0.009000000000000341,qso
0.16100000000000136,-0.3200000000000003,-0.2729999999999997,-0.23600000000000065,wd
0.9376940000000005,0.3218350000000001,0.09728600000000043,0.04421299999999917,star
1.078291,0.4045450000000024,0.10268899999999803,0.06187100000000001,star
-0.3289999999999971,-0.35700000000000287,-0.06400000000000006,0.1680000000000028,wd
0.41000000000000014,-0.13400000000000034,0.15000000000000213,-0.028999999999999915,qso
0.5779999999999994,0.7270000000000003,0.17099999999999937,0.09199999999999875,qso
1.0396210000000021,0.24560999999999922,0.029365000000000308,0.014889000000000152,star
1.0260410000000029,0.26468500000000006,0.16350299999999862,0.05087699999999984,star
-0.03300000000000125,0.054000000000002046,0.1559999999999988,0.11299999999999955,qso
0.13899999999999935,-0.2989999999999995,-0.1999999999999993,-0.3019999999999996,wd
0.3670000000000009,0.0589999999999975,-0.022999999999999687,0.06500000000000128,wd
0.09600000000000009,0.23000000000000043,0.029999999999997584,-0.03999999999999915,qso
2.38101,1.059673,0.4268529999999995,0.22121600000000008,star
1.1500050000000002,0.4155920000000002,0.15749899999999784,0.001709000000001737,star
0.054000000000002046,-0.27500000000000213,-0.36499999999999844,-0.532,wd
-0.05000000000000071,0.24399999999999977,-0.06400000000000006,-0.15800000000000125,qso
0.6859999999999999,0.15899999999999892,0.1269999999999989,0.32500000000000284,qso
1.4580780000000004,0.5872099999999989,0.22024900000000258,0.1418319999999973,star
-0.14000000000000057,-0.4710000000000001,-0.31200000000000117,-0.33699999999999974,wd
1.4475669999999994,0.48461900000000213,0.17661799999999772,0.06556700000000149,star
0.10999999999999943,-0.019999999999999574,-0.019999999999999574,0.13400000000000034,qso
0.2749999999999986,0.06700000000000017,-0.015000000000000568,0.05600000000000094,qso
1.973703999999998,0.7533470000000015,0.25353799999999893,0.12571000000000154,star
0.06800000000000139,0.18599999999999994,-0.06299999999999883,0.08699999999999974,qso
-0.04400000000000048,-0.2289999999999992,-0.22800000000000153,-0.10899999999999821,wd
0.4059999999999988,0.010000000000001563,-0.04899999999999949,-0.10000000000000142,wd
2.531542999999999,1.0582850000000015,0.41402500000000053,0.191535,star
0.532,0.2680000000000007,0.134999999999998,-0.003999999999997783,qso
0.4049999999999976,-0.047999999999998266,0.1769999999999996,-0.036000000000001364,qso
0.5530000000000008,0.07600000000000051,0.08199999999999719,0.0070000000000014495,qso
0.2579999999999991,0.11500000000000199,0.24199999999999733,0.03400000000000247,qso
0.3409999999999975,0.0400000000000027,0.14999999999999858,-0.08699999999999974,qso
0.0730000000000004,0.27199999999999847,0.10699999999999932,0.45500000000000185,qso
0.3200000000000003,0.21599999999999753,0.21600000000000108,0.18799999999999883,qso
0.5160000000000018,-0.17999999999999972,-0.1999999999999993,-0.1860000000000035,wd
1.171171000000001,0.42199600000000004,0.18879799999999847,0.009102000000002164,star
0.2789999999999999,0.045999999999999375,0.04400000000000048,0.038999999999997925,qso
0.4440000000000026,-0.25700000000000145,-0.21600000000000108,0.10000000000000142,wd
0.3049999999999997,-0.2989999999999995,-0.2789999999999999,-0.2289999999999992,wd
-0.10999999999999943,-0.277000000000001,-0.1579999999999977,0.3359999999999985,wd
0.2699999999999996,0.16300000000000026,0.015000000000000568,0.18999999999999773,qso
0.5380000000000003,0.19200000000000017,0.0470000000000006,-0.22500000000000142,wd
1.1482729999999997,0.386060999999998,0.15221200000000046,0.05851700000000015,star
1.5693839999999994,0.6504960000000022,0.3324119999999997,0.11389799999999894,star
1.1060890000000008,0.49848400000000126,0.19689100000000082,0.13690899999999928,star
1.269200999999999,0.4793460000000014,0.20813499999999863,0.10660400000000081,star
0.120000000000001,0.18499999999999872,0.37400000000000233,0.06700000000000017,qso
2.1713699999999996,0.8365860000000005,0.3045689999999972,0.1832250000000002,star
0.277000000000001,0.06599999999999895,0.05600000000000094,0.18299999999999983,qso
-0.10899999999999821,-0.2710000000000008,-0.2579999999999991,-0.25200000000000244,wd
0.2259999999999991,-0.047999999999998266,-0.10800000000000054,0.07000000000000028,qso
0.5350000000000001,-0.030000000000001137,-0.1529999999999987,-0.12300000000000111,wd
0.04400000000000048,0.036999999999999034,0.2710000000000008,-0.045999999999999375,qso
-0.14099999999999824,-0.38000000000000256,-0.26099999999999923,-0.3739999999999988,wd
0.49099999999999966,0.022000000000002018,0.37299999999999756,0.5470000000000006,wd
0.472999999999999,0.012000000000000455,-0.08500000000000085,-0.1529999999999987,wd
0.04200000000000159,-0.4690000000000012,-0.2699999999999996,-0.31700000000000017,wd
-0.1490000000000009,-0.021999999999998465,-0.12900000000000134,0.3739999999999988,qso
-0.028999999999999915,-0.26699999999999946,0.3710000000000022,0.5090000000000003,wd
2.230810999999999,0.8867600000000007,0.31124800000000086,0.15994999999999848,star
2.249647999999997,0.9678730000000009,0.40917600000000043,0.18981600000000043,star
1.1117589999999993,0.3683890000000005,0.13173499999999905,0.039187999999999334,star
0.41999999999999815,0.10600000000000165,0.019999999999999574,-0.10200000000000031,wd
1.6698149999999998,0.6320060000000005,0.2524040000000003,0.10332899999999867,star
-0.09600000000000009,-0.3290000000000006,-0.24099999999999966,-0.31200000000000117,wd
-0.053999999999998494,-0.39199999999999946,-0.28600000000000136,-0.27699999999999747,wd
0.06499999999999773,-0.34499999999999886,-0.2839999999999989,-0.31400000000000006,wd
0.18900000000000006,0.06099999999999994,0.277000000000001,-0.23500000000000298,qso
0.4789999999999992,0.48900000000000077,0.3440000000000012,0.1559999999999988,qso
0.07400000000000162,0.18700000000000117,0.05699999999999861,-0.010000000000001563,qso
1.4400000000000013,0.18700000000000117,0.2240000000000002,0.029999999999997584,qso
-0.21000000000000085,-0.44599999999999795,-0.3290000000000006,-0.3880000000000017,wd
1.6464919999999985,0.5881390000000017,0.20411499999999805,0.16201399999999921,star
0.39000000000000057,0.1960000000000015,0.07199999999999918,-0.02500000000000213,wd
2.605335,1.1638580000000012,0.4390180000000008,0.23563899999999904,star
0.980316000000002,0.4303920000000012,0.1948309999999971,0.05765799999999999,star
0.8739999999999988,0.09100000000000108,0.09299999999999997,0.3009999999999984,qso
0.259999999999998,0.42900000000000205,0.29100000000000037,0.03399999999999892,qso
2.0051060000000014,0.7315699999999996,0.21640200000000043,0.0310889999999997,star
0.1880000000000024,0.2519999999999989,-0.06599999999999895,-0.14000000000000057,qso
2.3613,1.0904310000000024,0.4365009999999998,0.20593599999999945,star
2.505887999999999,1.161411000000001,0.48348100000000116,0.2866729999999986,star
2.4050179999999983,1.0353180000000002,0.3916700000000013,0.20890599999999893,star
0.23600000000000065,0.4190000000000005,0.1490000000000009,0.0329999999999977,qso
1.4804110000000001,0.571788999999999,0.20670600000000228,0.1008110000000002,star
0.41499999999999915,0.7989999999999995,0.3230000000000004,0.26500000000000057,qso
0.18900000000000006,0.10299999999999798,0.11100000000000065,0.1819999999999986,qso
0.1670000000000016,-0.3910000000000018,-0.07699999999999818,-0.21300000000000097,wd
0.07600000000000051,0.06099999999999994,0.2259999999999991,0.11599999999999966,qso
0.4440000000000026,-0.25700000000000145,-0.21600000000000108,0.10000000000000142,wd
0.9494080000000018,0.29414899999999733,0.12403900000000334,0.023057999999998913,star
1.0579999999999998,0.7439999999999998,0.5650000000000013,0.24399999999999977,qso
1.2371499999999997,0.4597990000000003,0.2070079999999983,0.010245999999998645,star
0.35600000000000165,0.29199999999999804,0.13400000000000034,0.02400000000000091,qso
0.29900000000000304,-0.21600000000000108,-0.20800000000000196,-0.20899999999999963,wd
2.1282919999999983,0.8486600000000024,0.3373600000000003,0.14899099999999876,star
0.27399999999999736,0.011000000000002785,-0.0730000000000004,0.21699999999999875,qso
1.5661319999999996,0.6368289999999988,0.22972700000000046,0.06288100000000085,star
2.4974230000000013,1.0955949999999994,0.372204,0.26238400000000084,star
-0.4059999999999988,-0.4960000000000022,-0.18100000000000094,0.125,wd
1.0780829999999995,0.3693350000000031,0.13785000000000025,0.0028549999999967213,star
0.3780000000000001,-0.15000000000000213,-0.2240000000000002,-0.09499999999999886,wd
-0.0030000000000001137,-0.012999999999998124,0.13400000000000034,0.12599999999999767,qso
0.5670000000000002,0.397000000000002,0.4609999999999985,0.2430000000000021,qso
0.19299999999999784,-0.2569999999999979,-0.2680000000000007,-0.2530000000000001,wd
-0.021000000000000796,-0.32700000000000173,-0.2699999999999996,-0.15399999999999991,wd
0.08000000000000185,-0.0070000000000014495,0.06299999999999883,0.45200000000000173,qso
0.1280000000000001,0.38500000000000156,-0.1460000000000008,0.05900000000000105,qso
0.17499999999999716,0.33000000000000185,-0.06400000000000006,0.0019999999999988916,qso
0.34299999999999997,0.3550000000000004,0.022999999999999687,-0.010999999999999233,qso
-0.015000000000000568,0.22299999999999898,0.054999999999999716,-0.10099999999999909,qso
0.4430000000000014,-0.11400000000000077,-0.13799999999999812,-0.21000000000000085,wd
0.21699999999999875,0.08999999999999986,-0.11499999999999844,-0.07700000000000173,wd
0.4480000000000004,-0.011000000000002785,-0.06299999999999883,-0.09299999999999997,wd
1.405151,0.5057979999999986,0.19206799999999902,0.09205100000000144,star
0.3999999999999986,0.05000000000000071,-0.030999999999998806,-0.08300000000000196,wd
0.6859999999999999,0.3049999999999997,-0.11599999999999966,-0.21399999999999864,wd
1.2497499999999988,0.41183499999999995,0.09294500000000028,0.06211800000000167,star
1.3809989999999992,0.5142059999999979,0.18162500000000037,0.05954200000000043,star
1.8101289999999999,0.798724,0.3010710000000003,0.1689070000000008,star
0.03200000000000003,0.14199999999999946,0.16000000000000014,-0.010999999999999233,qso
0.1280000000000001,0.370000000000001,-0.0660000000000025,-0.20099999999999696,qso
1.3972590000000018,0.5783379999999987,0.2273549999999993,0.06519700000000128,star
0.23300000000000054,0.04499999999999815,0.14700000000000202,-0.03100000000000236,qso
0.4250000000000007,0.05999999999999872,-0.01699999999999946,0.1980000000000004,qso
0.05099999999999838,0.25500000000000256,0.06599999999999895,-0.03500000000000014,qso
0.2029999999999994,0.10100000000000264,0.19200000000000017,0.1579999999999977,qso
0.19000000000000128,-0.09199999999999875,-0.12400000000000233,-0.29100000000000037,wd
0.3149999999999977,0.18599999999999994,0.2699999999999996,-0.04899999999999949,qso
-0.06099999999999994,-0.25900000000000034,-0.32500000000000284,-0.05799999999999983,wd
0.6119999999999983,0.713000000000001,1.1739999999999995,0.7480000000000011,wd
0.4939999999999998,0.15399999999999991,0.6880000000000024,0.5939999999999976,wd
1.0015009999999975,0.37671100000000024,0.12649899999999903,0.07220600000000132,star
0.26399999999999935,0.24900000000000233,-0.125,0.0779999999999994,qso
-0.245000000000001,-0.38400000000000034,-0.21300000000000097,-0.03999999999999915,wd
1.4072440000000022,0.593709999999998,0.22314400000000134,0.10150900000000007,star
1.0885670000000012,0.31098799999999827,0.14614500000000064,0.04514700000000005,star
-0.3440000000000012,-0.5030000000000001,-0.4289999999999985,-0.23500000000000298,wd
0.3219999999999992,-0.14499999999999957,-0.23900000000000077,-0.18099999999999739,wd
0.38500000000000156,0.11100000000000065,0.015999999999998238,0.15200000000000102,qso
0.37900000000000134,0.21399999999999864,0.16600000000000037,0.03500000000000014,qso
0.3279999999999994,-0.3409999999999975,-0.2190000000000012,-0.11700000000000088,wd
0.4250000000000007,-0.08300000000000196,-0.07099999999999795,-0.15700000000000003,wd
0.09499999999999886,-0.26599999999999824,-0.3539999999999992,0.2519999999999989,wd
0.8243249999999982,0.2892530000000022,0.1424929999999982,0.0065400000000011005,star
1.8136900000000011,0.6893770000000004,0.2548940000000002,0.10634299999999897,star
0.48600000000000065,-0.0259999999999998,0.08999999999999986,0.33200000000000074,qso
0.04899999999999949,-0.16499999999999915,-0.22100000000000009,-0.12300000000000111,wd
1.3826140000000002,0.5861780000000003,0.24161199999999994,0.08713300000000146,star
-0.22299999999999898,0.3230000000000004,0.053999999999998494,-0.05699999999999861,qso
1.502286999999999,0.6003179999999997,0.2634109999999996,0.12945599999999935,star
0.4549999999999983,0.0010000000000012221,-0.062000000000001165,-0.1509999999999998,wd
0.14199999999999946,0.0010000000000012221,0.3019999999999996,0.01699999999999946,qso
0.2889999999999979,0.2519999999999989,-0.004999999999999005,0.04400000000000048,qso
2.368314999999999,0.996258000000001,0.3405009999999997,0.2359379999999991,star
1.515077999999999,0.5385740000000006,0.24160399999999882,0.13152700000000195,star
0.42900000000000205,-0.028000000000002245,0.6410000000000018,0.6750000000000007,wd
0.38400000000000034,0.21999999999999886,0.0470000000000006,0.18299999999999983,qso
0.3460000000000001,-0.06099999999999994,-0.10999999999999943,-0.27300000000000324,wd
2.4956970000000034,1.3298109999999994,0.5481119999999997,0.3256439999999987,star
0.21199999999999974,0.1039999999999992,-0.11399999999999721,0.08299999999999841,qso
0.3940000000000019,0.08099999999999952,-0.07600000000000051,-0.07199999999999918,wd
0.39199999999999946,-0.05799999999999983,0.2729999999999997,0.23300000000000054,qso
2.4429869999999987,1.0060019999999987,0.35318800000000117,0.17170800000000064,star
1.176869,0.3744960000000006,0.18488299999999924,0.031463999999999714,star
0.3710000000000022,-0.022999999999999687,0.0730000000000004,0.027999999999998693,qso
0.09100000000000108,0.3470000000000013,-0.0010000000000012221,0.1529999999999987,qso
0.44899999999999807,0.24400000000000333,0.2859999999999978,0.07900000000000063,qso
0.33200000000000074,-0.2530000000000001,-0.23900000000000077,-0.31200000000000117,wd
0.3780000000000001,-0.2289999999999992,-0.2240000000000002,-0.5030000000000001,wd
-0.0730000000000004,-0.26099999999999923,-0.21600000000000108,-0.23000000000000043,wd
2.506832000000003,1.1457639999999998,0.39770399999999917,0.2830589999999997,star
0.3569999999999993,0.2270000000000003,-0.00999999999999801,0.18299999999999983,qso
0.3760000000000012,0.038999999999997925,0.07199999999999918,0.09100000000000108,qso
1.133263999999997,0.38375500000000073,0.142393000000002,0.04094299999999862,star
0.3940000000000019,-0.22100000000000009,-0.2140000000000022,-0.21499999999999986,wd
-0.15499999999999758,-0.3620000000000019,-0.16900000000000048,-0.254999999999999,wd
0.11199999999999832,0.2980000000000018,0.003999999999997783,0.014000000000002899,qso
1.5757960000000004,0.5576439999999998,0.19013400000000047,0.09073199999999915,star
0.5730000000000004,0.21699999999999875,0.0730000000000004,0.05600000000000094,wd
1.7368089999999974,0.6699669999999998,0.16555600000000226,0.14507899999999907,star
0.5120000000000005,-0.08099999999999952,-0.08899999999999864,-0.14700000000000202,wd
1.1344659999999998,0.4820670000000007,0.19677100000000003,0.07489200000000018,star
0.49099999999999966,0.045999999999999375,0.05799999999999983,0.2190000000000012,qso
-0.2579999999999991,-0.3719999999999999,-0.3620000000000019,-0.22100000000000009,wd
-0.30900000000000105,-0.352999999999998,-0.36599999999999966,-0.19700000000000273,wd
-0.09199999999999875,0.004000000000001336,0.3359999999999985,0.05799999999999983,qso
2.0596309999999995,0.7749099999999984,0.24710000000000143,0.11909799999999926,star
0.4430000000000014,-0.1460000000000008,-0.1559999999999988,-0.19900000000000162,wd
0.39699999999999847,0.4930000000000021,0.20599999999999952,0.26500000000000057,qso
0.45899999999999963,-0.26399999999999935,-0.18299999999999983,-0.17599999999999838,wd
0.5169999999999995,0.16300000000000026,0.010999999999999233,0.0030000000000001137,wd
2.537457,1.175879000000002,0.48944799999999944,0.27884899999999924,star
1.2561229999999988,0.48650900000000163,0.18313999999999808,0.08203300000000269,star
0.015999999999998238,-0.3249999999999993,-0.3099999999999987,-0.2890000000000015,wd
0.4280000000000008,0.18700000000000117,0.01699999999999946,-0.04899999999999949,wd
-0.08399999999999963,-0.12400000000000233,-0.20099999999999696,-0.17900000000000205,wd
0.32700000000000173,0.07699999999999818,-0.11499999999999844,0.023999999999997357,qso
0.5620000000000012,0.1369999999999969,0.036000000000001364,0.021000000000000796,wd
0.0940000000000012,0.24899999999999878,0.052000000000003155,-0.05100000000000193,qso
0.5530000000000008,0.22299999999999898,0.10699999999999932,-0.06899999999999906,wd
1.4728279999999998,0.5815499999999982,0.21345999999999954,0.08785500000000113,star
0.5330000000000013,0.3219999999999992,0.125,0.23499999999999943,qso
0.45700000000000074,-0.05799999999999983,-0.10700000000000287,0.13800000000000168,qso
2.2056369999999994,0.8203369999999985,0.31063100000000077,0.13590699999999956,star
0.8885140000000007,0.25548900000000074,0.08618599999999965,0.031363000000000696,star
0.43799999999999883,0.10200000000000031,0.1280000000000001,-0.03599999999999781,qso
0.9288139999999991,0.30179000000000045,0.10297800000000024,-0.010381999999999891,star
0.04100000000000037,0.35300000000000153,0.06400000000000006,-0.045999999999999375,qso
0.2970000000000006,-0.2890000000000015,-0.1490000000000009,-0.29299999999999926,wd
0.9080000000000013,0.8290000000000006,0.352999999999998,0.24600000000000222,qso
1.6016419999999982,0.5447830000000025,0.19090499999999722,0.08500400000000141,star
0.6089999999999982,0.47900000000000276,0.3009999999999984,0.28500000000000014,qso
2.381461999999999,1.0909459999999989,0.3907570000000007,0.2537400000000005,star
0.33999999999999986,-0.21699999999999875,-0.2010000000000005,-0.3999999999999986,wd
0.43900000000000006,-0.02499999999999858,-0.04100000000000037,-0.10500000000000043,wd
0.4009999999999998,-0.1839999999999975,-0.1880000000000024,-0.029999999999997584,wd
-0.26200000000000045,-0.41799999999999926,-0.1739999999999995,-0.05600000000000094,wd
1.1957419999999992,0.4253580000000028,0.15556899999999985,0.06796800000000047,star
-0.15899999999999892,-0.25400000000000134,-0.29299999999999926,-0.16600000000000037,wd
2.3691700000000004,0.915420000000001,0.29011400000000087,0.13683900000000015,star
0.41799999999999926,0.04200000000000159,0.01899999999999835,-0.14499999999999957,wd
1.0273700000000012,0.4190429999999985,0.13975900000000152,0.07877500000000026,star
-0.019999999999999574,0.03500000000000014,0.09899999999999665,0.24700000000000344,qso
-0.35900000000000176,-0.565999999999999,-0.1509999999999998,-0.45000000000000284,wd
-0.006000000000000227,0.2859999999999978,-0.1039999999999992,0.4450000000000003,qso
0.1839999999999975,0.13400000000000034,-0.0470000000000006,0.0990000000000002,qso
0.49700000000000344,-0.22600000000000264,-0.17299999999999827,-0.3680000000000021,wd
0.46999999999999886,-0.16600000000000037,-0.18299999999999983,0.027000000000001023,wd
0.477999999999998,0.04200000000000159,-0.09100000000000108,0.18100000000000094,qso
1.3706439999999986,0.5145400000000002,0.20022799999999918,0.10031999999999996,star
0.36799999999999855,0.2940000000000005,0.0,0.036000000000001364,qso
0.7149999999999999,0.08099999999999952,0.2049999999999983,0.09600000000000009,qso
-0.20399999999999707,-0.35300000000000153,-0.3069999999999986,-0.2950000000000017,wd
0.48300000000000054,-0.04800000000000182,0.028999999999999915,-0.2309999999999981,wd
0.9641219999999997,0.32998000000000083,0.16415800000000047,-0.023115999999999914,star
0.4759999999999991,0.0940000000000012,-0.0070000000000014495,-0.038000000000000256,wd
1.8386180000000003,0.7590059999999994,0.2674650000000014,0.12969000000000008,star
0.4519999999999982,0.11700000000000088,-0.03399999999999892,-0.06099999999999994,wd
1.775700999999998,0.675967,0.3626400000000025,0.14744899999999816,star
-0.34699999999999775,-0.42900000000000205,-0.46199999999999974,-0.18499999999999872,wd
0.17099999999999937,0.06400000000000006,0.4289999999999985,-0.09399999999999764,qso
0.22500000000000142,0.34699999999999775,0.18200000000000216,0.16600000000000037,qso
0.4349999999999987,0.021999999999998465,-0.09399999999999764,-0.20599999999999952,wd
0.013000000000001677,0.055999999999997385,0.26000000000000156,0.10999999999999943,qso
0.5839999999999996,0.1479999999999997,0.06400000000000006,-0.047999999999998266,wd
0.01899999999999835,0.018000000000000682,0.3030000000000008,-0.07600000000000051,qso
1.7456049999999976,0.6447540000000007,0.20890700000000173,0.09756499999999946,star
1.3464020000000012,0.4838540000000009,0.12437299999999851,0.02850900000000145,star
1.2176639999999992,0.47032199999999946,0.1400160000000028,0.050004999999998745,star
0.4090000000000025,-0.011000000000002785,-0.08399999999999963,-0.08999999999999986,wd
-0.10100000000000264,-0.3689999999999998,-0.24299999999999855,0.21499999999999986,wd
-0.20899999999999963,-0.46999999999999886,-0.41000000000000014,-0.2789999999999999,wd
0.3119999999999976,-0.12199999999999989,-0.1280000000000001,-0.29100000000000037,wd
0.3009999999999984,-0.24799999999999756,-0.24200000000000088,-0.30799999999999983,wd
0.10200000000000031,0.05099999999999838,0.06700000000000017,0.022000000000002018,qso
0.31899999999999906,-0.11899999999999977,-0.24900000000000233,-0.1999999999999993,wd
2.7060969999999998,1.2759719999999994,0.5489449999999998,0.26306700000000127,star
-0.0019999999999988916,0.25900000000000034,0.11700000000000088,0.29199999999999804,qso
-0.01699999999999946,-0.26699999999999946,-0.16000000000000014,-0.2710000000000008,wd
0.3329999999999984,0.15900000000000247,0.18299999999999983,0.045999999999999375,qso
1.3944079999999985,0.486263000000001,0.17090299999999914,0.07515400000000128,star
0.08300000000000196,0.029999999999997584,0.24399999999999977,-0.0009999999999976694,qso
-0.37099999999999866,-0.5190000000000019,-0.3099999999999987,-0.7669999999999995,wd
1.746137000000001,0.7075120000000013,0.2511829999999975,0.15560900000000188,star
1.4771119999999982,0.619251000000002,0.2390309999999971,0.14825000000000088,star
-0.08300000000000196,0.20600000000000307,0.14599999999999724,0.4230000000000018,qso
-0.1410000000000018,-0.4039999999999999,-0.23499999999999943,0.038000000000000256,wd
0.3930000000000007,0.12600000000000122,-0.0030000000000001137,0.07099999999999795,wd
0.29499999999999815,-0.21599999999999753,-0.28000000000000114,-0.2240000000000002,wd
0.5160000000000018,-0.10699999999999932,-0.5719999999999992,0.07099999999999795,wd
0.43700000000000117,-0.08099999999999952,-0.11100000000000065,-0.16600000000000037,wd
0.14499999999999957,-0.277000000000001,-0.2740000000000009,-0.3069999999999986,wd
1.3913989999999998,0.5221530000000012,0.20256900000000044,0.09791499999999864,star
0.0070000000000014495,-0.054999999999999716,0.23000000000000043,0.1720000000000006,qso
0.15399999999999991,-0.07099999999999795,0.06400000000000006,-0.0030000000000001137,qso
0.7339999999999982,0.41100000000000136,0.09199999999999875,0.1789999999999985,qso
0.4720000000000013,0.03999999999999915,-0.053000000000000824,-0.13799999999999812,wd
0.8893969999999989,0.23958400000000069,0.07885900000000134,0.016181999999997032,star
1.2462060000000008,0.45481300000000147,0.17218799999999845,0.05204399999999865,star
0.26899999999999835,0.12300000000000111,-0.054999999999999716,0.11599999999999966,qso
0.42499999999999716,-0.045999999999999375,-0.125,-0.1579999999999977,wd
1.3560049999999997,0.48277199999999887,0.13580100000000073,0.028845000000000454,star
0.6370000000000005,0.8769999999999989,0.26699999999999946,0.052000000000003155,qso
0.9703750000000007,0.346232999999998,0.15679900000000302,0.014434999999998865,star
0.18700000000000117,-0.0259999999999998,0.19699999999999918,0.24099999999999966,qso
0.3279999999999994,-0.10300000000000153,-0.1319999999999979,-0.2660000000000018,wd
0.26000000000000156,0.34399999999999764,0.16400000000000148,0.36599999999999966,qso
0.5599999999999987,0.20899999999999963,0.08500000000000085,0.018000000000000682,wd
1.182575,0.4902490000000004,0.18184999999999896,0.05294199999999982,star
0.3319999999999972,-0.27199999999999847,-0.1490000000000009,-0.11899999999999977,wd
0.40700000000000003,0.26000000000000156,0.1789999999999985,-0.13299999999999912,qso
0.23200000000000287,-0.03300000000000125,0.13500000000000156,-0.05900000000000105,qso
0.23100000000000165,0.3359999999999985,0.1130000000000031,-0.13700000000000045,qso
1.4000199999999996,0.5132889999999986,0.21258400000000144,0.08193099999999909,star
0.1130000000000031,-0.28600000000000136,-0.3949999999999996,-0.3829999999999991,wd
0.1529999999999987,-0.06899999999999906,0.18599999999999994,0.10099999999999909,qso
0.35800000000000054,-0.25700000000000145,-0.2049999999999983,-0.2710000000000008,wd
1.2803989999999992,0.5030500000000018,0.19510999999999967,0.062134000000000356,star
2.1237160000000017,0.8878409999999981,0.3450620000000022,0.1904369999999993,star
0.5040000000000013,-0.24600000000000222,-0.23300000000000054,-0.007999999999999119,wd
0.29999999999999716,-0.2469999999999999,-0.2749999999999986,-0.23799999999999955,wd
0.3719999999999999,0.33200000000000074,0.09700000000000131,0.006000000000000227,qso
0.14499999999999957,-0.020999999999997243,0.21999999999999886,0.03900000000000148,qso
2.1896270000000015,0.8506070000000001,0.2968630000000001,0.15920799999999957,star
0.23500000000000298,-0.02400000000000091,0.23300000000000054,0.5479999999999983,qso
0.37700000000000244,0.08299999999999841,0.2259999999999991,0.022000000000002018,qso
0.3509999999999991,-0.004000000000001336,-0.0779999999999994,-0.20199999999999818,wd
1.2748680000000014,0.4688680000000005,0.13131899999999952,0.05091499999999982,star
1.6270500000000006,0.6555119999999981,0.24792900000000273,0.08831599999999895,star
0.03999999999999915,-0.22299999999999898,-0.2579999999999991,0.07699999999999818,wd
0.6419999999999995,-0.19699999999999918,0.2259999999999991,0.29299999999999926,qso
0.5090000000000003,0.40700000000000003,0.48999999999999844,0.02500000000000213,qso
0.27500000000000213,0.44399999999999906,0.0470000000000006,-0.01600000000000179,qso
0.13400000000000034,0.004000000000001336,0.2270000000000003,-0.030000000000001137,qso
0.3619999999999983,-0.10500000000000043,-0.2789999999999999,-0.5479999999999983,wd
0.19099999999999895,0.0799999999999983,0.1960000000000015,-0.13299999999999912,qso
1.012556,0.31833199999999984,0.12274099999999954,0.03014399999999995,star
0.4499999999999993,0.620000000000001,0.45700000000000074,0.3509999999999991,wd
0.4150000000000027,-0.16900000000000048,-0.24200000000000088,-0.4400000000000013,wd
0.4209999999999994,-0.09100000000000108,-0.11299999999999955,-0.12099999999999866,wd
0.3100000000000023,0.06400000000000006,-0.07200000000000273,0.0990000000000002,qso
1.9251709999999989,0.7813060000000007,0.3166189999999993,0.16451800000000105,star
0.9760509999999982,0.08263800000000288,-0.001354000000002742,-0.04459400000000002,star
0.370000000000001,0.15700000000000003,-0.12900000000000134,-0.04400000000000048,qso
0.38599999999999923,-0.1490000000000009,-0.2049999999999983,-0.32800000000000296,wd
0.3359999999999985,-0.08999999999999986,-0.14499999999999957,-0.17999999999999972,wd
0.15700000000000003,-0.36299999999999955,-0.2710000000000008,0.013999999999999346,wd
1.0915260000000018,0.3877360000000003,0.13975199999999965,0.0797239999999988,star
1.9427120000000002,0.7201660000000007,0.28803800000000024,0.17962900000000026,star
0.19099999999999895,-0.3949999999999996,-0.21999999999999886,-0.18299999999999983,wd
1.3405879999999968,0.49788400000000266,0.15185799999999716,0.07467600000000019,star
1.4569319999999983,0.561065000000001,0.18861500000000042,0.08187700000000042,star
0.25400000000000134,0.1700000000000017,0.20899999999999963,0.012999999999998124,qso
0.267000000000003,-0.3340000000000032,-0.2339999999999982,-0.21699999999999875,wd
0.21399999999999864,-0.29399999999999693,-0.2870000000000026,-0.004999999999999005,wd
1.7118369999999992,0.6639809999999997,0.2262190000000004,0.10398500000000155,star
0.08299999999999841,0.1700000000000017,-0.028999999999999915,-0.1509999999999998,qso
1.8727359999999997,0.6644180000000013,0.3100829999999988,0.15284500000000278,star
0.4690000000000012,0.18700000000000117,0.03500000000000014,0.020999999999997243,wd
2.577037999999998,1.0955010000000023,0.3882009999999987,0.16772800000000032,star
-0.036999999999999034,-0.16600000000000037,-0.28800000000000026,-0.21000000000000085,wd
0.35800000000000054,-0.19200000000000017,-0.1869999999999976,-0.17700000000000315,wd
0.6610000000000014,0.05799999999999983,-0.019000000000001904,0.16900000000000048,qso
1.9422340000000027,0.7779769999999999,0.3308329999999984,0.18832800000000205,star
0.22100000000000009,0.06400000000000006,0.14000000000000057,0.245000000000001,qso
1.910537999999999,0.7590080000000015,0.28523999999999816,0.21086000000000027,star
0.3000000000000007,-0.11599999999999966,-0.16199999999999903,-0.15899999999999892,wd
0.14399999999999835,-0.3089999999999975,-0.28100000000000236,-0.23000000000000043,wd
0.15800000000000125,-0.35400000000000276,-0.26699999999999946,-0.32099999999999795,wd
0.08800000000000097,-0.134999999999998,-0.23700000000000188,0.07000000000000028,wd
0.2510000000000012,-0.32700000000000173,-0.24899999999999878,-0.28200000000000003,wd
0.01699999999999946,0.15000000000000213,-0.2220000000000013,-0.05999999999999872,qso
1.9074269999999984,0.6598170000000021,0.2501850000000001,0.062389999999998835,star
-0.07899999999999707,-0.3210000000000015,-0.2749999999999986,-0.35600000000000165,wd
-0.1460000000000008,-0.46399999999999864,-0.33200000000000074,-0.49299999999999855,wd
0.3509999999999991,-0.2289999999999992,-0.1769999999999996,-0.33300000000000196,wd
0.9570070000000008,0.25174300000000116,0.17536699999999783,0.0018659999999997012,star
-0.09700000000000131,0.30600000000000094,0.06199999999999761,-0.0589999999999975,qso
1.931329999999999,0.6294590000000007,0.2370839999999994,0.049818000000001916,star
0.41600000000000037,-0.0519999999999996,0.0009999999999976694,-0.24799999999999756,wd
0.42299999999999827,0.10200000000000031,0.07400000000000162,0.32399999999999807,qso
1.1915820000000004,0.5517770000000013,0.1592269999999978,0.040224000000002036,star
0.3009999999999984,0.46699999999999875,0.4800000000000004,0.24900000000000233,qso
0.42299999999999827,0.027000000000001023,0.0030000000000001137,-0.0010000000000012221,wd
0.14499999999999957,0.16399999999999793,0.21799999999999997,0.11000000000000298,qso
0.5040000000000013,-0.24600000000000222,-0.23300000000000054,-0.007999999999999119,wd
0.1769999999999996,-0.29100000000000037,-0.2240000000000002,-0.3279999999999994,wd
0.25200000000000244,0.07099999999999795,0.17300000000000182,-0.19500000000000028,qso
-0.015999999999998238,0.3409999999999975,0.0010000000000012221,-0.1440000000000019,qso
1.201898,0.3800699999999999,0.14116299999999882,0.007587000000000899,star
0.14299999999999713,0.2140000000000022,0.0019999999999988916,-0.07199999999999918,qso
2.417769,0.9511310000000002,0.34747600000000034,0.17852900000000105,star
1.380520999999998,0.5304070000000003,0.21525200000000133,0.07854799999999962,star
0.4239999999999995,-0.05699999999999861,-0.07699999999999818,-0.12300000000000111,wd
1.0179989999999997,0.35020099999999843,0.1256850000000007,0.006060999999998984,star
2.5377270000000003,1.4605029999999992,0.9277640000000016,0.42527399999999993,star
0.31099999999999994,-0.21999999999999886,-0.23000000000000043,-0.3000000000000007,wd
1.243431000000001,0.48551300000000097,0.15692999999999913,0.0696159999999999,star
1.6290760000000013,0.5986419999999981,0.201075000000003,0.075213999999999,star
1.3035049999999977,0.529262000000001,0.241401999999999,0.1020840000000014,star
-0.07899999999999707,-0.4009999999999998,-0.30400000000000205,-0.28699999999999903,wd
0.9693879999999986,0.29996200000000073,0.14728900000000067,-0.02153600000000111,star
2.072558000000001,0.8631250000000001,0.37007499999999993,0.15614100000000164,star
1.5035319999999999,0.6055700000000019,0.26467199999999913,0.15230700000000041,star
-0.053999999999998494,-0.30400000000000205,-0.31899999999999906,-0.1819999999999986,wd
0.6240000000000023,0.5789999999999971,0.17300000000000182,0.2270000000000003,qso
2.2464779999999998,0.9391440000000006,0.3559979999999996,0.13375000000000092,star
0.04899999999999949,-0.365000000000002,-0.42499999999999716,0.11299999999999955,wd
0.21599999999999753,-0.29299999999999926,-0.21000000000000085,-0.3230000000000004,wd
-0.08399999999999963,-0.4510000000000005,-0.2950000000000017,-0.08099999999999952,wd
0.23700000000000188,0.22799999999999798,0.27900000000000347,-0.045000000000001705,qso
0.44399999999999906,0.08300000000000196,-0.0010000000000012221,-0.09700000000000131,wd
1.6835570000000004,0.697341999999999,0.22313600000000022,0.13540099999999988,star
1.1794779999999996,0.4608319999999999,0.17705199999999977,0.03620800000000024,star
0.2900000000000027,0.3739999999999988,0.3039999999999985,-0.028999999999999915,qso
2.078453000000003,0.7635419999999975,0.27530499999999947,0.16698200000000085,star
1.485000000000003,0.13899999999999935,0.06700000000000017,0.07499999999999929,qso
2.2618329999999993,0.8665710000000004,0.3483970000000003,0.18546000000000085,star
0.1739999999999995,0.09700000000000131,0.22799999999999798,0.04100000000000037,qso
0.19500000000000028,-0.1769999999999996,0.4009999999999998,0.5640000000000001,wd
0.5090000000000003,-0.15399999999999991,-0.19899999999999807,-0.30500000000000327,wd
0.5909999999999975,-0.15499999999999758,-0.11400000000000077,0.0010000000000012221,wd
0.07000000000000028,0.19399999999999906,0.0990000000000002,0.12900000000000134,qso
0.1720000000000006,0.10500000000000043,0.06599999999999895,0.11799999999999855,qso
0.25700000000000145,-0.28100000000000236,-0.2530000000000001,-0.37299999999999756,wd
1.1295400000000022,0.408852999999997,0.13978600000000085,0.04338500000000067,star
0.245000000000001,-0.20500000000000185,-0.2270000000000003,-0.2099999999999973,wd
0.1670000000000016,-0.3910000000000018,-0.07699999999999818,-0.21300000000000097,wd
0.25900000000000034,-0.14399999999999835,-0.17100000000000293,-0.22299999999999898,wd
0.5960000000000001,-0.012000000000000455,0.0400000000000027,0.2629999999999981,qso
0.2980000000000018,0.120000000000001,-0.06900000000000261,0.06900000000000261,qso
0.19000000000000128,-0.18900000000000006,0.08099999999999952,-0.03300000000000125,qso
0.31700000000000017,-0.022000000000002018,-0.08299999999999841,-0.12700000000000244,wd
0.09600000000000009,-0.1559999999999988,-0.2190000000000012,-0.2140000000000022,wd
1.4538440000000001,0.6427990000000001,0.2552039999999991,0.15607200000000176,star
1.1021460000000012,0.4146439999999991,0.13582500000000053,0.009610999999999592,star
0.16900000000000048,0.09299999999999997,0.2430000000000021,0.0379999999999967,qso
0.39000000000000057,-0.13700000000000045,-0.15899999999999892,-0.21300000000000097,wd
0.33300000000000196,0.2519999999999989,0.384999999999998,0.04900000000000304,qso
0.3879999999999999,-0.06700000000000017,-0.06799999999999962,-0.1850000000000005,wd
1.8514809999999997,0.8230300000000028,0.2972869999999972,0.1697500000000005,star
0.5069999999999979,0.14199999999999946,0.014000000000002899,0.04299999999999926,wd
1.2601259999999996,0.45189900000000094,0.15003600000000006,0.0622929999999986,star
0.3019999999999996,0.07099999999999795,0.045000000000001705,0.2989999999999995,qso
0.05100000000000193,-0.3810000000000002,-0.3219999999999992,-0.42600000000000193,wd
0.4059999999999988,-0.09100000000000108,0.3569999999999993,0.4640000000000022,wd
1.0487830000000002,0.5077940000000005,0.13365199999999966,0.04423700000000075,star
0.29999999999999716,-0.19099999999999895,-0.28800000000000026,-0.1039999999999992,wd
0.6739999999999995,0.0329999999999977,0.038000000000000256,0.06800000000000139,qso
0.4480000000000004,-0.10999999999999943,-0.21199999999999974,-0.365000000000002,wd
1.3921620000000026,0.5257619999999985,0.16890600000000155,0.037960999999999245,star
0.8960799999999978,0.2911619999999999,0.10146900000000159,0.007079999999998421,star
0.3309999999999995,0.28200000000000003,0.13400000000000034,0.01699999999999946,qso
1.134836,0.3316990000000004,0.1046510000000005,0.04286000000000101,star
0.20400000000000063,0.30400000000000205,0.10200000000000031,0.06999999999999673,qso
0.40800000000000125,-0.009000000000000341,-0.11400000000000077,0.0,wd
-0.05799999999999983,-0.36100000000000065,-0.3059999999999974,-0.5120000000000005,wd
1.7282109999999982,0.6429670000000023,0.23299199999999942,0.112286000000001,star
0.3539999999999992,-0.2240000000000002,-0.19399999999999906,-0.23900000000000077,wd
2.3023719999999983,1.163539,0.41843700000000084,0.2566120000000005,star
2.0864849999999997,0.8882019999999997,0.3622690000000013,0.18050199999999883,star
0.26899999999999835,0.11199999999999832,0.20400000000000063,-0.038000000000000256,qso
0.1039999999999992,0.2430000000000021,-0.16400000000000148,0.05799999999999983,qso
2.4969040000000007,1.109147,0.43492,0.22808599999999934,star
0.48799999999999955,0.23700000000000188,0.24299999999999855,-0.02400000000000091,qso
0.1980000000000004,0.11700000000000088,-0.03500000000000014,0.08999999999999986,qso
0.24899999999999878,0.09299999999999997,-0.05699999999999861,0.06799999999999784,qso
0.48999999999999844,0.1180000000000021,0.2029999999999994,0.19500000000000028,qso
0.4800000000000004,0.629999999999999,0.6170000000000009,0.3999999999999986,wd
0.2579999999999991,-0.027999999999998693,0.0019999999999988916,-0.02400000000000091,qso
0.11599999999999966,0.04899999999999949,0.23999999999999844,0.045999999999999375,qso
1.257441,0.45414000000000065,0.15781200000000162,0.06672299999999964,star
0.16600000000000037,-0.054999999999999716,0.2579999999999991,0.2140000000000022,qso
0.527000000000001,0.15899999999999892,0.004000000000001336,-0.11200000000000188,wd
0.2259999999999991,-0.13500000000000156,-0.13899999999999935,-0.027000000000001023,wd
0.43599999999999994,-0.12199999999999989,-0.18500000000000227,-0.2530000000000001,wd
0.08200000000000074,0.1440000000000019,0.11199999999999832,-0.08699999999999974,qso
1.1642130000000002,0.378228,-0.08832199999999979,0.2507809999999999,star
1.456275999999999,0.6061019999999999,0.23547199999999968,0.1752640000000003,star
0.38899999999999935,-0.006000000000000227,0.16000000000000014,-0.16100000000000136,qso
1.2363459999999975,0.4152470000000008,0.1604100000000006,0.08467599999999997,star
0.43900000000000006,-0.0400000000000027,0.16600000000000037,0.06800000000000139,qso
0.23400000000000176,-0.34199999999999875,-0.21300000000000097,-0.375,wd
0.6230000000000011,-0.013000000000001677,0.07800000000000296,0.31099999999999994,qso
0.3039999999999985,-0.1490000000000009,-0.22199999999999775,-0.1440000000000019,wd
-0.28699999999999903,-0.43400000000000105,-0.34299999999999997,-0.47199999999999775,wd
0.21000000000000085,-0.2680000000000007,-0.22300000000000253,-0.30299999999999727,wd
0.4480000000000004,0.09100000000000108,0.027999999999998693,-0.0589999999999975,wd
-0.2920000000000016,-0.13299999999999912,0.29299999999999926,0.2579999999999991,wd
0.35800000000000054,0.23199999999999932,0.1769999999999996,0.0730000000000004,qso
0.39399999999999835,-0.07199999999999918,-0.20199999999999818,-0.08100000000000307,wd
1.6008309999999994,0.6496220000000008,0.26776800000000023,0.13724399999999903,star
0.4339999999999975,0.13100000000000023,-0.08500000000000085,-0.12299999999999756,wd
0.541999999999998,0.22100000000000009,0.32800000000000296,0.08199999999999719,qso
0.12900000000000134,-0.33300000000000196,-0.26099999999999923,-0.30100000000000193,wd
0.3059999999999974,0.07600000000000051,0.18900000000000006,0.0010000000000012221,qso
1.340909,0.5243909999999996,0.24848099999999995,0.07535899999999884,star
0.4269999999999996,-0.036999999999999034,0.2759999999999998,0.14299999999999713,qso
0.4540000000000006,0.10800000000000054,-0.0070000000000014495,-0.1039999999999992,wd
0.44200000000000017,-0.045000000000001705,-0.06799999999999784,-0.08699999999999974,wd
0.3719999999999999,0.0940000000000012,0.28999999999999915,0.1509999999999998,qso
1.1239530000000002,0.40602499999999964,0.11831100000000205,0.035796999999998746,star
2.0963649999999987,0.7625330000000012,0.33278299999999916,0.123977,star
1.3329239999999984,0.5123619999999995,0.15793600000000296,0.08085599999999715,star
1.4589999999999996,0.13800000000000168,0.11799999999999855,0.19000000000000128,qso
0.4490000000000016,-0.10000000000000142,-0.1960000000000015,-0.125,wd
1.7576539999999987,0.5886749999999985,0.217449000000002,0.14110999999999763,star
2.2357830000000014,0.9050309999999975,0.3232379999999999,0.24688599999999994,star
0.20500000000000185,-0.3100000000000023,-0.25900000000000034,-0.24199999999999733,wd
0.05600000000000094,-0.40300000000000225,-0.22799999999999798,-0.26500000000000057,wd
0.36499999999999844,-0.06899999999999906,-0.0519999999999996,-0.120000000000001,wd
0.18900000000000006,-0.3739999999999988,-0.25400000000000134,-0.1109999999999971,wd
2.618424000000001,1.0708939999999991,0.37594999999999956,0.22024100000000146,star
0.4090000000000025,-0.120000000000001,-0.16900000000000048,-0.18100000000000094,wd
0.40700000000000003,-0.07600000000000051,-0.20200000000000173,-0.31400000000000006,wd
0.2430000000000021,-0.1440000000000019,0.125,0.04200000000000159,qso
1.4316359999999975,0.5509060000000012,0.22779799999999994,0.09726500000000016,star
0.272000000000002,-0.29900000000000304,-0.264999999999997,-0.19000000000000128,wd
0.3999999999999986,-0.0710000000000015,-0.14499999999999957,-0.2680000000000007,wd
1.5902250000000002,0.6827729999999974,0.22323100000000196,0.13127899999999926,star
0.4529999999999994,0.07199999999999918,0.022999999999999687,0.019000000000001904,wd
1.8926559999999988,0.7011420000000008,0.2484749999999991,0.12282599999999988,star
-0.1999999999999993,-0.4540000000000006,-0.11100000000000065,-0.5009999999999977,wd
0.9396720000000016,0.2884849999999979,0.13906500000000221,0.08902499999999947,star
1.8519609999999993,0.7309720000000013,0.26836599999999855,0.13426899999999975,star
0.24200000000000088,-0.259999999999998,-0.25900000000000034,-0.2480000000000011,wd
0.9922959999999996,0.35859900000000167,0.16323999999999828,0.04578600000000321,star
0.16900000000000048,0.3689999999999998,0.3440000000000012,0.18299999999999983,qso
1.2264730000000021,0.43917499999999876,0.10481099999999977,0.10593800000000009,star
0.5850000000000009,0.14099999999999824,0.04899999999999949,-0.09199999999999875,wd
1.415032,0.5853960000000029,0.18094799999999722,0.12560799999999972,star
0.38899999999999935,0.120000000000001,0.26500000000000057,-0.062000000000001165,qso
0.8561550000000011,0.29428500000000213,0.11995499999999737,0.006439000000000306,star
0.25800000000000267,-0.2680000000000007,-0.22800000000000153,-0.028999999999999915,wd
2.5345329999999997,1.3774780000000018,0.5304279999999988,0.3131409999999999,star
0.28300000000000125,-0.31299999999999883,-0.1479999999999997,0.020999999999997243,wd
-0.053000000000000824,-0.04899999999999949,0.1750000000000007,0.09100000000000108,qso
0.9187189999999994,0.27876600000000096,0.1322100000000006,0.02982899999999944,star
0.45000000000000284,-0.043000000000002814,0.021000000000000796,0.4770000000000003,wd
0.898924000000001,0.255195999999998,0.1184820000000002,0.010623999999999967,star
0.24399999999999977,-0.2569999999999979,-0.38200000000000145,-0.43900000000000006,wd
0.3500000000000014,-0.22500000000000142,-0.24899999999999878,-0.4180000000000028,wd
0.477999999999998,-0.2560000000000002,-0.19399999999999906,-0.30600000000000094,wd
0.15200000000000102,-0.245000000000001,-0.23700000000000188,-0.3309999999999995,wd
0.40800000000000125,-0.10000000000000142,0.43100000000000094,0.4410000000000025,wd
2.518231,1.0645989999999994,0.38261700000000154,0.1818489999999997,star
1.069545999999999,0.3302259999999997,0.14543800000000218,-0.015652000000002886,star
0.3309999999999995,-0.1999999999999993,-0.24399999999999977,-0.2270000000000003,wd
1.1795709999999993,0.5339850000000013,0.1824949999999994,0.14250399999999885,star
1.0429150000000007,0.39240099999999956,0.14447999999999794,0.07111100000000192,star
0.5739999999999981,0.4930000000000021,0.5429999999999993,0.2779999999999987,qso
2.2534789999999987,0.9452190000000016,0.3259660000000011,0.16889299999999707,star
1.1530510000000014,0.34195100000000167,0.18271899999999874,0.03200299999999956,star
-0.4469999999999992,-0.384999999999998,0.038000000000000256,0.21899999999999764,wd
1.2728169999999999,0.3953310000000023,0.14818199999999848,0.06638799999999989,star
2.05096,0.8432470000000016,0.3279350000000001,0.16712799999999994,star
0.2889999999999979,-0.2779999999999987,-0.21199999999999974,-0.4870000000000019,wd
1.5359110000000022,0.6304279999999984,0.22329099999999968,0.12127200000000116,star
-0.37599999999999767,-0.4269999999999996,-0.3569999999999993,-0.365000000000002,wd
1.3706150000000008,0.5507860000000022,0.18487599999999915,0.015323999999999671,star
0.2699999999999996,-0.029999999999997584,0.0589999999999975,-0.036999999999999034,qso
1.1203230000000026,0.3385449999999999,0.15730299999999886,0.0416710000000009,star
1.2900929999999988,0.4802320000000009,0.18284599999999784,0.09761200000000159,star
-0.21099999999999852,-0.472999999999999,-0.3719999999999999,-0.34800000000000253,wd
0.9549749999999975,0.35596400000000017,0.17045200000000094,0.033794999999999575,star
1.360873999999999,0.5282359999999997,0.2159639999999996,0.08719800000000077,star
1.6802969999999995,0.49522599999999883,0.25634200000000007,0.1981509999999993,star
-0.004999999999999005,-0.06599999999999895,0.20899999999999963,-0.4559999999999995,qso
1.0882319999999979,0.3833580000000012,0.10040000000000049,0.038888999999999285,star
-0.01699999999999946,0.1059999999999981,0.1700000000000017,-0.10200000000000031,qso
0.08500000000000085,0.28999999999999915,0.1650000000000027,0.30299999999999727,qso
0.5300000000000011,0.5039999999999978,0.272000000000002,0.26599999999999824,qso
1.7684080000000009,0.7842899999999986,0.3441320000000019,0.2577670000000012,star
0.4519999999999982,0.09100000000000108,-0.006000000000000227,-0.07199999999999918,wd
0.3269999999999982,0.07200000000000273,0.2799999999999976,0.006000000000000227,qso
-0.1789999999999985,-0.4540000000000006,-0.3279999999999994,-0.2970000000000006,wd
0.18400000000000105,0.08599999999999852,0.2950000000000017,0.11700000000000088,qso
1.2631340000000009,0.5251179999999991,0.10191300000000325,0.07967299999999788,star
0.43100000000000094,0.00999999999999801,-0.013999999999999346,-0.1059999999999981,wd
0.3329999999999984,-0.22100000000000009,-0.23799999999999955,-0.1930000000000014,wd
1.712720000000001,0.6889709999999987,0.2895050000000019,0.1599029999999999,star
0.05600000000000094,0.10300000000000153,0.15399999999999991,0.08699999999999974,qso
0.3760000000000012,0.29399999999999693,0.043000000000002814,-0.28600000000000136,qso
0.24799999999999756,-0.2859999999999978,-0.17900000000000205,-0.12899999999999778,wd
0.4720000000000013,-0.012000000000000455,-0.04100000000000037,-0.13100000000000023,wd
1.0585379999999986,0.36220100000000066,0.13343099999999986,0.03962699999999941,star
0.46699999999999875,-0.11499999999999844,-0.0920000000000023,0.20800000000000196,wd
0.3660000000000032,0.11999999999999744,0.28600000000000136,0.1039999999999992,qso
0.46499999999999986,-0.09299999999999997,-0.18099999999999739,-0.23900000000000077,wd
0.2010000000000005,-0.06400000000000006,-0.18400000000000105,0.14199999999999946,wd
0.006000000000000227,0.1280000000000001,0.3829999999999991,-0.055999999999997385,qso
0.30100000000000193,0.39099999999999824,0.012000000000000455,-0.05000000000000071,qso
1.2866420000000005,0.5480209999999985,0.18193600000000032,0.07028799999999791,star
1.9260829999999984,0.699498000000002,0.24827900000000014,0.1123239999999992,star
0.16199999999999903,0.19500000000000028,0.28500000000000014,0.11100000000000065,qso
0.352999999999998,0.26399999999999935,0.18100000000000094,0.21799999999999997,qso
0.4089999999999989,0.18299999999999983,0.17800000000000082,-0.010000000000001563,qso
0.2940000000000005,-0.120000000000001,0.10800000000000054,-0.007999999999999119,qso
1.3421650000000014,0.45741100000000046,0.22479199999999722,0.16351400000000282,star
0.35900000000000176,-0.06300000000000239,-0.09499999999999886,-0.11200000000000188,wd
1.4967020000000026,0.46960799999999736,0.17736299999999972,0.034954000000002594,star
0.19699999999999918,0.047999999999998266,-0.07199999999999918,0.05700000000000216,qso
0.022000000000002018,-0.365000000000002,-0.32099999999999795,-0.19400000000000261,wd
0.46399999999999864,0.33999999999999986,0.2259999999999991,0.4800000000000004,qso
0.35600000000000165,-0.005000000000002558,-0.09199999999999875,-0.11499999999999844,wd
0.07400000000000162,-0.33200000000000074,-0.2630000000000017,-0.39899999999999736,wd
1.107009999999999,0.39073000000000135,0.12751099999999838,0.06403699999999901,star
0.3769999999999989,-0.0990000000000002,0.08800000000000097,0.24899999999999878,qso
1.063765,0.4316459999999971,0.2005730000000021,0.09717599999999749,star
0.2980000000000018,0.4349999999999987,0.14000000000000057,0.08299999999999841,qso
1.3577650000000006,0.381497999999997,0.1889920000000025,0.05167399999999844,star
1.2185610000000011,0.471584,0.15166099999999716,0.0073840000000018335,star
-0.1999999999999993,-0.41300000000000026,-0.3059999999999974,-0.16900000000000048,wd
0.7779999999999987,0.5279999999999987,0.5120000000000005,0.3670000000000009,qso
0.07000000000000028,-0.3880000000000017,-0.22499999999999787,-0.25,wd
-0.013999999999999346,-0.18599999999999994,-0.20200000000000173,-0.2789999999999999,wd
0.15700000000000003,-0.004000000000001336,0.1700000000000017,-0.0400000000000027,qso
1.606421000000001,0.5985500000000012,0.2410679999999985,0.07460400000000078,star
0.3249999999999993,0.11700000000000088,0.0030000000000001137,0.25,qso
-0.36400000000000077,-0.4800000000000004,-0.36299999999999955,-0.3589999999999982,wd
0.23699999999999832,0.19900000000000162,0.11299999999999955,0.5410000000000004,qso
0.26599999999999824,0.07900000000000063,0.20800000000000196,0.21999999999999886,qso
0.2680000000000007,0.10099999999999909,0.020000000000003126,0.1629999999999967,qso
0.09799999999999898,0.007999999999999119,0.06500000000000128,0.48300000000000054,qso
0.41000000000000014,-0.15000000000000213,-0.19399999999999906,-0.09700000000000131,wd
2.0257970000000007,0.8157630000000005,0.3132899999999985,0.1590270000000018,star
0.5350000000000001,0.34399999999999764,0.3390000000000022,0.27099999999999724,qso
0.8415759999999999,0.22355700000000134,-0.3763070000000006,0.4296419999999994,star
2.6069829999999996,1.069697999999999,0.38104099999999974,0.18211500000000136,star
1.330127000000001,0.476818999999999,0.21115500000000154,0.07463200000000114,star
0.37099999999999866,0.28300000000000125,0.19399999999999906,0.25400000000000134,qso
-0.10400000000000276,-0.37299999999999756,-0.28500000000000014,-0.2430000000000021,wd
0.19099999999999895,0.21000000000000085,-0.10300000000000153,0.5990000000000002,qso
0.9269409999999993,0.13411699999999982,-0.0054149999999992815,-0.02594699999999861,star
0.4180000000000028,-0.13500000000000156,-0.15800000000000125,-0.2079999999999984,wd
0.32399999999999807,0.2759999999999998,0.240000000000002,0.0,qso
-0.022999999999999687,0.28000000000000114,0.375,0.0519999999999996,qso
0.30700000000000216,-0.24900000000000233,-0.2270000000000003,-0.21000000000000085,wd
0.10800000000000054,0.012000000000000455,0.01699999999999946,0.08900000000000219,qso
0.054999999999999716,0.3279999999999994,-0.05000000000000071,-0.21600000000000108,qso
0.28500000000000014,0.1769999999999996,-0.010000000000001563,0.14300000000000068,qso
0.10999999999999943,0.06599999999999895,0.11899999999999977,0.07499999999999929,qso
0.49599999999999866,-0.11799999999999855,-0.04100000000000037,-0.2240000000000002,wd
0.23799999999999955,-0.32099999999999795,-0.24399999999999977,-0.13700000000000045,wd
0.39099999999999824,-0.2010000000000005,-0.21799999999999997,-0.12899999999999778,wd
0.4920000000000009,0.14699999999999847,0.036000000000001364,0.00999999999999801,wd
0.10099999999999909,0.13299999999999912,0.19400000000000261,0.08099999999999952,qso
0.6110000000000007,0.3149999999999977,0.23300000000000054,0.35300000000000153,qso
0.4039999999999999,0.053999999999998494,-0.029999999999997584,-0.18100000000000094,wd
0.22199999999999775,-0.2560000000000002,-0.21699999999999875,-0.47800000000000153,wd
0.2579999999999991,0.35300000000000153,0.16399999999999793,-0.09100000000000108,qso
1.2482179999999978,0.3921050000000008,0.1395690000000016,0.05271499999999918,star
0.3829999999999991,0.0779999999999994,-0.010999999999999233,0.07000000000000028,wd
-0.20700000000000074,-0.46000000000000085,-0.31700000000000017,-0.33800000000000097,wd
0.34499999999999886,0.004000000000001336,-0.06500000000000128,-0.15399999999999991,wd
0.593,0.21899999999999764,0.045000000000001705,-0.129999999999999,wd
-0.36499999999999844,-0.4720000000000013,-0.347999999999999,-0.30600000000000094,wd
0.38899999999999935,0.15399999999999991,0.13599999999999923,-0.09299999999999997,qso
0.4710000000000001,-0.1999999999999993,-0.2469999999999999,-0.22299999999999898,wd
0.5739999999999981,-0.14399999999999835,-0.23799999999999955,-0.4190000000000005,wd
1.524238999999998,0.5932729999999999,0.2563910000000007,0.129799000000002,star
1.097372,0.4081860000000006,0.1383170000000007,0.07930899999999852,star
1.0007610000000007,0.2924040000000012,0.13438799999999773,0.010493000000000308,star
0.08500000000000085,-0.020000000000003126,0.15200000000000102,-0.021000000000000796,qso
0.8593030000000006,0.30093800000000037,0.07535899999999884,0.003227000000000757,star
1.7952660000000016,0.6931189999999994,0.2193979999999982,0.16357999999999961,star
0.14499999999999957,0.2270000000000003,0.31299999999999883,0.12300000000000111,qso
-0.03200000000000003,0.3299999999999983,0.030999999999998806,-0.053999999999998494,qso
-0.3260000000000005,-0.34999999999999787,-0.13600000000000279,0.062000000000001165,wd
0.08600000000000207,0.0009999999999976694,0.054999999999999716,0.01600000000000179,qso
0.43299999999999983,-0.0470000000000006,-0.23499999999999943,-0.25700000000000145,wd
2.1260360000000027,0.8979979999999976,0.32655600000000007,0.20978400000000086,star
0.5519999999999996,0.006000000000000227,0.12300000000000111,0.027999999999998693,qso
0.911322000000002,0.25509800000000027,0.06856200000000001,0.022728999999998223,star
2.0888199999999983,0.7478060000000006,0.2429079999999999,0.06804900000000025,star
1.59882,0.6436880000000009,0.26969700000000074,0.11658900000000116,star
-0.054000000000002046,-0.259999999999998,-0.27500000000000213,-0.1999999999999993,wd
0.38000000000000256,0.2779999999999987,0.16499999999999915,-0.04299999999999926,qso
1.018729999999998,0.37087800000000115,0.1390439999999984,0.052365999999999246,star
0.2660000000000018,0.26200000000000045,0.05099999999999838,-0.03500000000000014,qso
1.9690119999999993,0.7775950000000016,0.31035400000000024,0.18029099999999687,star
0.38899999999999935,0.13800000000000168,0.3520000000000003,0.31599999999999895,qso
0.14499999999999957,-0.15899999999999892,-0.15300000000000225,-0.22299999999999898,wd
2.1076580000000007,0.8943469999999998,0.35568800000000067,0.18206900000000026,star
1.281053,0.47420499999999777,0.28296700000000286,0.08309899999999715,star
0.37099999999999866,-0.2069999999999972,-0.1880000000000024,-0.21899999999999764,wd
-0.13100000000000023,-0.38500000000000156,-0.3049999999999997,-0.35999999999999943,wd
0.5030000000000001,-0.4039999999999999,-0.2680000000000007,-0.19500000000000028,wd
0.7059999999999995,0.6209999999999987,0.20700000000000074,0.14099999999999824,qso
1.194185000000001,0.4682700000000004,0.16777199999999937,0.07824200000000125,star
1.0963210000000014,0.40041500000000063,0.1614229999999992,0.07165999999999961,star
2.2342009999999988,0.9226700000000001,0.2852110000000003,0.22007900000000014,star
0.3460000000000001,0.04299999999999926,0.021000000000000796,0.13999999999999702,qso
0.3160000000000025,-0.0730000000000004,0.25099999999999767,0.17700000000000315,qso
0.15900000000000247,0.10299999999999798,0.23100000000000165,0.053999999999998494,qso
0.2839999999999989,-0.10699999999999932,0.15399999999999991,-0.06199999999999761,qso
0.583000000000002,0.12899999999999778,0.012000000000000455,0.20800000000000196,qso
0.16900000000000048,0.13400000000000034,0.2309999999999981,0.03300000000000125,qso
2.145993999999998,0.9284050000000015,0.34137100000000054,0.19114399999999954,star
0.18099999999999739,0.07000000000000028,0.2190000000000012,0.04499999999999815,qso
0.3769999999999989,-0.013999999999999346,-0.0519999999999996,-0.17400000000000304,wd
0.16999999999999815,0.3019999999999996,0.10500000000000043,0.240000000000002,qso
1.9262249999999987,0.8056720000000013,0.32536899999999847,0.19066199999999967,star
0.3780000000000001,-0.018000000000000682,-0.012000000000000455,-0.17099999999999937,wd
2.4658569999999997,1.2498280000000008,0.525602000000001,0.20224200000000003,star
-0.028999999999999915,0.3730000000000011,0.012999999999998124,0.08800000000000097,qso
1.7973919999999985,0.6929279999999984,0.2727530000000016,0.1542659999999998,star
0.43799999999999883,-0.18700000000000117,-0.18599999999999994,-0.19200000000000017,wd
2.3590449999999983,1.0743620000000007,0.5038119999999999,0.24313300000000027,star
1.5366560000000007,0.6319230000000005,0.24921099999999896,0.08304700000000054,star
1.1661389999999976,0.49837499999999935,0.21389800000000037,0.08830800000000139,star
0.09100000000000108,-0.402000000000001,-0.3780000000000001,-0.17799999999999727,wd
0.43599999999999994,-0.28200000000000003,-0.20899999999999963,-0.23799999999999955,wd
0.6610000000000014,0.1529999999999987,0.0660000000000025,-0.005000000000002558,wd
0.6319999999999979,-0.1529999999999987,-0.12300000000000111,0.23700000000000188,wd
0.39899999999999736,-0.18099999999999739,-0.20400000000000063,-0.2029999999999994,wd
0.8769999999999989,0.01699999999999946,0.19399999999999906,0.2940000000000005,qso
0.11700000000000088,0.2519999999999989,0.26699999999999946,0.028000000000002245,qso
0.12600000000000122,-0.3440000000000012,-0.2519999999999989,-0.3670000000000009,wd
0.036999999999999034,-0.2789999999999999,-0.2680000000000007,-0.31799999999999784,wd
1.1193030000000022,0.4936480000000003,0.1961270000000006,0.09531199999999984,star
0.3880000000000017,-0.23499999999999943,-0.21499999999999986,-0.3030000000000008,wd
-0.03599999999999781,-0.16000000000000014,-0.21600000000000108,-0.5539999999999985,wd
0.384999999999998,0.09299999999999997,-0.07099999999999795,-0.1490000000000009,wd
1.1491449999999972,0.5279280000000028,0.23836499999999816,0.1325320000000012,star
-0.030999999999998806,-0.3230000000000004,-0.240000000000002,-0.24499999999999744,wd
0.22900000000000276,0.27099999999999724,0.008000000000002672,0.0019999999999988916,qso
0.03500000000000014,-0.2959999999999994,-0.26099999999999923,0.0329999999999977,wd
2.5470679999999994,1.3160479999999986,0.5399410000000007,0.2770060000000001,star
0.2289999999999992,0.20400000000000063,0.2729999999999997,0.030999999999998806,qso
0.13299999999999912,0.38000000000000256,0.21499999999999986,0.04999999999999716,qso
1.2916050000000006,0.42306500000000113,0.14322800000000058,0.028200999999999254,star
0.35300000000000153,-0.062000000000001165,-0.18299999999999983,0.1720000000000006,qso
0.2779999999999987,-0.3269999999999982,-0.24200000000000088,-0.16799999999999926,wd
0.22499999999999787,-0.2289999999999992,-0.3009999999999984,-0.03400000000000247,wd
1.0547579999999996,0.3640259999999991,0.14967900000000256,0.012070999999998833,star
0.5070000000000014,-0.07800000000000296,-0.11699999999999733,-0.08999999999999986,wd
0.46000000000000085,-0.05600000000000094,-0.02499999999999858,-0.23799999999999955,wd
1.5445689999999992,0.5744799999999994,0.20262099999999883,0.08868200000000037,star
0.29100000000000037,0.23500000000000298,0.047999999999998266,0.14999999999999858,qso
0.5150000000000006,-0.08899999999999864,-0.14000000000000057,-0.1490000000000009,wd
0.32399999999999807,-0.030999999999998806,0.08399999999999963,0.04499999999999815,qso
-0.0920000000000023,-0.1319999999999979,0.4609999999999985,0.5229999999999997,wd
0.045999999999999375,0.0920000000000023,0.3119999999999976,0.03200000000000003,qso
2.435948,1.2678849999999997,0.6543829999999993,0.3656600000000001,star
0.2190000000000012,0.05999999999999872,-0.1319999999999979,0.1789999999999985,qso
0.04800000000000182,-0.397000000000002,-0.17799999999999727,0.02499999999999858,wd
0.0,0.14399999999999835,0.26500000000000057,0.19900000000000162,qso
0.4460000000000015,0.02499999999999858,-0.19699999999999918,0.03500000000000014,qso
0.2140000000000022,-0.30600000000000094,-0.28200000000000003,-0.2259999999999991,wd
1.819196999999999,0.7245729999999995,0.26470000000000127,0.16032399999999924,star
0.05000000000000071,-0.05600000000000094,0.3829999999999991,0.12100000000000222,qso
0.46000000000000085,-0.03300000000000125,-0.1839999999999975,-0.2010000000000005,wd
1.217886,0.5423989999999996,0.1587449999999997,0.207021000000001,star
1.6198799999999984,0.6634810000000009,0.3159179999999999,0.12342299999999895,star
1.7075810000000011,0.6946010000000005,0.2557349999999996,0.1292080000000002,star
0.4109999999999978,0.28000000000000114,0.029999999999997584,0.20300000000000296,qso
-0.045000000000001705,-0.2710000000000008,-0.18099999999999739,-0.10200000000000031,wd
0.006000000000000227,0.5130000000000017,0.16999999999999815,0.15899999999999892,qso
0.26699999999999946,0.0,-0.0799999999999983,-0.16600000000000037,wd
0.1180000000000021,0.31599999999999895,0.08500000000000085,-0.08699999999999974,qso
-0.07000000000000028,-0.30799999999999983,-0.1700000000000017,0.2519999999999989,wd
1.2410560000000022,0.46087200000000017,0.12302199999999885,0.028354999999999464,star
0.1960000000000015,-0.08200000000000074,0.14000000000000057,0.14499999999999957,qso
1.1948170000000005,0.5179609999999997,0.18944000000000116,0.052323999999998705,star
0.5339999999999989,-0.1559999999999988,-0.20899999999999963,-0.08900000000000219,wd
0.24399999999999977,-0.028999999999999915,0.2740000000000009,0.09499999999999886,qso
0.9576969999999996,0.3258679999999998,0.13329200000000085,0.03078400000000059,star
1.486184999999999,0.669352,0.2469820000000027,0.15236299999999758,star
0.009000000000000341,0.5139999999999993,-0.01899999999999835,-0.013999999999999346,qso
1.1519890000000004,0.5299759999999978,0.18199700000000263,0.13234299999999877,star
0.4529999999999994,-0.21300000000000097,-0.19500000000000028,-0.24399999999999977,wd
0.946196999999998,0.32546999999999926,0.11969000000000207,0.06886699999999735,star
0.36100000000000065,0.14099999999999824,-0.08999999999999986,0.019000000000001904,wd
0.23500000000000298,-0.0990000000000002,-0.21199999999999974,-0.2930000000000028,wd
0.3260000000000005,-0.10899999999999821,-0.0940000000000012,-0.01699999999999946,wd
0.23300000000000054,0.1999999999999993,0.04299999999999926,0.21600000000000108,qso
2.553922,1.1010469999999977,0.40412900000000107,0.20224499999999956,star
1.3109879999999983,0.5552480000000024,0.24963999999999942,0.09908899999999932,star
1.193564000000002,0.3971039999999988,0.19767899999999905,0.039531000000000205,star
0.011999999999996902,0.22900000000000276,0.6600000000000001,0.5209999999999972,wd
0.055999999999997385,-0.3059999999999974,-0.21499999999999986,-0.2870000000000026,wd
0.019999999999999574,-0.370000000000001,-0.28999999999999915,-0.1930000000000014,wd
0.47800000000000153,0.1819999999999986,0.23799999999999955,-0.1529999999999987,qso
-0.05999999999999872,-0.38400000000000034,-0.2920000000000016,-0.44299999999999784,wd
0.18900000000000006,0.41000000000000014,0.10099999999999909,0.4230000000000018,qso
1.204182000000003,0.4914929999999984,0.21299199999999985,0.08854099999999931,star
0.13400000000000034,-0.021999999999998465,-0.054000000000002046,-0.06499999999999773,wd
0.26399999999999935,0.18900000000000006,0.03500000000000014,0.17300000000000182,qso
1.1348169999999982,0.4212209999999992,0.10282100000000227,0.05333800000000011,star
-0.11100000000000065,-0.2530000000000001,-0.27500000000000213,-0.27199999999999847,wd
1.2765319999999996,0.4578319999999998,0.12394700000000114,0.05534600000000012,star
1.4589280000000002,0.49057200000000023,0.23162599999999856,0.031124000000001928,star
0.1880000000000024,-0.33399999999999963,-0.3130000000000024,0.19200000000000017,wd
0.17900000000000205,-0.28100000000000236,-0.2079999999999984,-0.12300000000000111,wd
0.9793140000000022,0.32920899999999875,0.12485300000000166,0.003992000000000218,star
1.8274180000000015,0.7673090000000009,0.2875569999999996,0.1681980000000003,star
0.4139999999999979,0.07000000000000028,0.03999999999999915,-0.10099999999999909,wd
1.425179,0.4029139999999991,0.1715990000000005,0.11401499999999842,star
2.4652330000000013,1.019889000000001,0.3852209999999996,0.1875309999999999,star
0.31200000000000117,0.15700000000000003,0.20700000000000074,0.0329999999999977,qso
1.1341060000000027,-0.0199990000000021,-0.0274959999999993,-0.05218500000000148,star
0.5,-0.11799999999999855,-0.1559999999999988,-0.06300000000000239,wd
0.1509999999999998,0.5650000000000013,-0.07400000000000162,-0.01899999999999835,qso
0.1769999999999996,0.13600000000000279,0.3379999999999974,-0.07499999999999929,qso
1.4887240000000013,0.615005,0.21960999999999764,0.10264900000000132,star
0.21999999999999886,0.08000000000000185,0.21600000000000108,-0.17300000000000182,qso
0.2309999999999981,0.12600000000000122,-0.021999999999998465,0.14099999999999824,qso
1.2658690000000021,0.4543609999999987,0.17120399999999947,0.09451800000000077,star
0.1529999999999987,0.053000000000000824,-0.0990000000000002,0.1180000000000021,qso
0.1410000000000018,0.06199999999999761,0.17999999999999972,0.019999999999999574,qso
1.0648230000000005,0.47270400000000024,0.1338770000000018,0.07873699999999673,star
1.2828160000000004,0.49999200000000243,0.21078899999999834,0.07742899999999864,star
0.4659999999999975,0.004000000000001336,-0.028999999999999915,0.12099999999999866,wd
1.2091480000000026,0.46134399999999687,0.1803530000000002,0.06919300000000206,star
0.4740000000000002,-0.01699999999999946,-0.15900000000000247,-0.08699999999999974,wd
0.1720000000000006,0.34499999999999886,-0.007999999999999119,-0.18500000000000227,qso
-0.14000000000000057,0.33000000000000185,0.4280000000000008,0.32299999999999685,wd
0.29699999999999704,0.12300000000000111,0.29299999999999926,0.19400000000000261,qso
2.576440999999999,1.1031259999999996,0.5048190000000012,0.16842899999999972,star
1.563608000000002,0.6423190000000005,0.21910299999999694,0.142513000000001,star
0.41300000000000026,-0.18599999999999994,-0.17999999999999972,-0.08099999999999952,wd
-0.03999999999999915,-0.11899999999999977,0.3769999999999989,0.1390000000000029,qso
0.18700000000000117,0.18299999999999983,0.07499999999999929,0.4800000000000004,qso
0.4180000000000028,0.06499999999999773,-0.012999999999998124,-0.10600000000000165,wd
0.9887720000000009,0.29869799999999813,0.12056400000000167,0.024577999999998212,star
0.5030000000000001,-0.18299999999999983,-0.16300000000000026,-0.23400000000000176,wd
0.6640000000000015,0.33699999999999974,0.06299999999999883,0.1559999999999988,qso
0.4869999999999983,0.11100000000000065,-0.028999999999999915,-0.1039999999999992,wd
0.4529999999999994,-0.11500000000000199,-0.1039999999999992,-0.018000000000000682,wd
0.23300000000000054,0.10999999999999943,-0.07299999999999685,0.09199999999999875,qso
1.8338300000000025,0.7167169999999992,0.2754110000000001,0.11634699999999931,star
0.10200000000000031,0.1700000000000017,0.1739999999999995,0.2660000000000018,qso
0.31099999999999994,0.7230000000000025,0.06599999999999895,0.07399999999999807,qso
1.3989469999999997,0.5166070000000005,0.20169699999999935,0.08845500000000328,star
2.0910130000000002,0.9876289999999983,0.3263280000000002,0.1988260000000004,star
2.3543589999999988,0.8784060000000018,0.2907049999999991,0.14255200000000023,star
0.3509999999999991,0.32099999999999795,0.3360000000000021,0.26699999999999946,qso
0.5500000000000007,0.0030000000000001137,0.5719999999999992,0.7360000000000007,wd
0.40199999999999747,-0.36100000000000065,-0.18599999999999994,-0.7749999999999986,wd
0.12099999999999866,-0.3260000000000005,-0.2989999999999995,-0.24200000000000088,wd
0.5389999999999979,0.0940000000000012,0.5829999999999984,0.674000000000003,wd
0.33800000000000097,-0.004999999999999005,0.14499999999999957,0.021000000000000796,qso
0.33899999999999864,0.038000000000000256,-0.08799999999999741,-0.0020000000000024443,wd
1.5997790000000016,0.6354409999999966,0.24719400000000036,0.1159610000000022,star
0.977999999999998,0.8270000000000017,1.1630000000000003,0.5790000000000006,wd
1.5945140000000002,0.642596000000001,0.2513009999999998,0.1796989999999994,star
1.3140900000000002,0.49166899999999814,0.17926600000000192,0.045684999999998865,star
0.14000000000000057,0.2010000000000005,0.3539999999999992,0.03300000000000125,qso
0.39000000000000057,-0.18700000000000117,-0.2259999999999991,-0.46199999999999974,wd
0.5549999999999997,-0.14699999999999847,-0.05700000000000216,0.21799999999999997,qso
0.1460000000000008,0.20200000000000173,0.3960000000000008,0.07499999999999929,qso
0.5020000000000024,-0.11299999999999955,-0.06300000000000239,-0.40700000000000003,wd
1.1219259999999984,0.40598500000000115,0.13363800000000126,0.008067999999997966,star
2.4553699999999985,1.3564059999999998,0.5756900000000016,0.3223679999999991,star
-0.2220000000000013,-0.3689999999999998,-0.3739999999999988,0.0710000000000015,wd
0.9827389999999987,0.2784960000000005,0.07559900000000042,0.01288600000000173,star
0.5769999999999982,-0.21799999999999997,-0.16999999999999815,-0.18700000000000117,wd
0.43599999999999994,-0.14999999999999858,-0.1479999999999997,-0.33399999999999963,wd
-0.0849999999999973,-0.33200000000000074,-0.23600000000000065,-0.46499999999999986,wd
0.10200000000000031,-0.30600000000000094,-0.2729999999999997,-0.2920000000000016,wd
0.41300000000000026,-0.08099999999999952,-0.11899999999999977,-0.13599999999999923,wd
0.49299999999999855,0.12100000000000222,0.04899999999999949,-0.0779999999999994,wd
0.34199999999999875,-0.16300000000000026,-0.24299999999999855,-0.3230000000000004,wd
1.1095910000000018,0.5093549999999993,0.18492200000000025,0.11450200000000166,star
0.2959999999999994,-0.08899999999999864,-0.2270000000000003,-0.1999999999999993,wd
0.3769999999999989,0.03100000000000236,-0.036999999999999034,-0.23400000000000176,wd
-0.0730000000000004,-0.43100000000000094,-0.26699999999999946,-0.3230000000000004,wd
0.142000000000003,-0.2870000000000026,-0.44099999999999895,-0.08699999999999974,wd
1.2560920000000007,0.4577750000000016,0.15526099999999943,0.057313999999999865,star
1.1660140000000006,0.4218130000000002,0.1108519999999995,0.08527000000000129,star
1.637594,0.5929399999999987,0.23682799999999915,0.05372000000000199,star
1.5762289999999979,0.598904000000001,0.17540900000000015,0.06461499999999987,star
0.10999999999999943,0.30600000000000094,-0.0019999999999988916,0.13200000000000145,qso
1.3762490000000014,0.563682,0.22457999999999956,0.07536500000000146,star
1.2709469999999996,0.5338840000000005,0.20094900000000138,0.1413019999999996,star
0.33500000000000085,0.013999999999999346,0.22500000000000142,-0.053000000000000824,qso
0.11399999999999721,0.062000000000001165,0.1280000000000001,0.09100000000000108,qso
2.4298420000000007,1.140041,0.3530060000000006,0.2466399999999993,star
0.38899999999999935,0.5899999999999999,0.3000000000000007,0.40700000000000003,qso
0.45700000000000074,0.0730000000000004,-0.0519999999999996,-0.3460000000000001,wd
0.08399999999999963,0.05900000000000105,0.125,0.27399999999999736,qso
2.384867,0.9826010000000007,0.3459179999999993,0.1640150000000009,star
0.5190000000000019,0.14399999999999835,0.015000000000000568,0.08000000000000185,qso
0.13099999999999667,-0.3329999999999984,-0.254999999999999,-0.28100000000000236,wd
0.45899999999999963,0.09999999999999787,-0.10099999999999909,0.2289999999999992,qso
0.3860000000000028,0.038999999999997925,-0.04499999999999815,-0.011000000000002785,wd
0.11299999999999955,0.16799999999999926,0.24200000000000088,-0.19900000000000162,qso
-0.2560000000000002,-0.38700000000000045,-0.3230000000000004,-0.5859999999999985,wd
0.245000000000001,0.021999999999998465,0.12600000000000122,0.027999999999998693,qso
0.625,0.17800000000000082,0.09799999999999898,-0.14699999999999847,wd
0.6229999999999976,0.23100000000000165,0.03200000000000003,0.20700000000000074,qso
0.31799999999999784,-0.19299999999999784,-0.20800000000000196,-0.1479999999999997,wd
0.379999999999999,-0.06700000000000017,-0.10200000000000031,-0.2309999999999981,wd
0.4009999999999998,-0.03300000000000125,-0.09799999999999898,-0.17999999999999972,wd
2.630129,1.4253229999999988,0.675241999999999,0.378088,star
1.3465680000000013,0.4766139999999979,0.18003200000000064,0.0755429999999997,star
-0.20200000000000173,0.4660000000000011,0.012000000000000455,0.02400000000000091,qso
0.08299999999999841,0.272000000000002,-0.012000000000000455,0.06500000000000128,qso
0.33000000000000185,-0.2560000000000002,-0.33999999999999986,-0.34299999999999997,wd
0.11100000000000065,0.22500000000000142,0.0799999999999983,0.0020000000000024443,qso
1.6773620000000022,0.7283419999999978,0.2782940000000025,0.17934199999999834,star
2.7244550000000025,1.3708559999999999,0.6147039999999997,0.3408049999999996,star
0.20700000000000074,0.09100000000000108,0.4089999999999989,0.35600000000000165,wd
1.8209009999999992,0.8131179999999993,0.33902500000000124,0.16784400000000055,star
0.1720000000000006,0.30299999999999727,0.10500000000000043,0.17900000000000205,qso
0.3260000000000005,0.012999999999998124,-0.10800000000000054,0.06500000000000128,qso
0.21699999999999875,0.1479999999999997,0.17900000000000205,0.06799999999999784,qso
0.3290000000000006,0.36100000000000065,0.26500000000000057,0.23900000000000077,qso
0.39199999999999946,0.2029999999999994,0.11500000000000199,0.2530000000000001,qso
0.3490000000000002,0.36299999999999955,0.0589999999999975,0.08600000000000207,qso
1.7625069999999994,0.661900000000001,0.24466699999999975,0.08744000000000085,star
0.5790000000000006,0.08299999999999841,0.3249999999999993,-0.012999999999998124,qso
1.3801309999999987,0.6208279999999995,0.24379199999999912,0.0897439999999996,star
0.9322340000000011,0.20805700000000016,0.0734180000000002,-0.009096000000003102,star
1.5906120000000001,0.6938680000000002,0.2687930000000005,0.12678199999999862,star
0.7169999999999987,0.833000000000002,0.16399999999999793,0.12600000000000122,wd
0.15900000000000247,0.04999999999999716,0.11599999999999966,0.07400000000000162,qso
0.29100000000000037,-0.16699999999999804,-0.08399999999999963,-0.35400000000000276,wd
0.3880000000000017,-0.06400000000000006,-0.06800000000000139,-0.036999999999999034,wd
0.010999999999999233,0.1579999999999977,-0.022999999999999687,0.037000000000002586,qso
1.5435470000000002,0.6014230000000005,0.21087799999999923,0.17929700000000004,star
0.19099999999999895,0.20800000000000196,-0.07499999999999929,0.07299999999999685,qso
0.9549410000000016,0.15560100000000077,0.05485399999999885,0.03353699999999904,star
1.1539780000000022,0.40873199999999876,0.1282500000000013,0.0025959999999987105,star
0.2970000000000006,-0.21699999999999875,-0.25,-0.15700000000000003,wd
1.613899,0.6555,0.26643800000000084,0.12482399999999672,star
0.17300000000000182,0.006999999999997897,0.12600000000000122,0.08699999999999974,qso
2.0320150000000012,0.7954100000000004,0.2859729999999985,0.2133749999999992,star
-0.10200000000000031,-0.41799999999999926,-0.31899999999999906,-0.2980000000000018,wd
0.2699999999999996,-0.06700000000000017,0.11899999999999977,-0.0030000000000001137,qso
0.3000000000000007,-0.2809999999999988,-0.23300000000000054,-0.4299999999999997,wd
1.2940889999999996,0.3951910000000005,0.172504,0.02241199999999921,star
-0.006000000000000227,-0.30900000000000105,-0.4139999999999979,-0.26500000000000057,wd
0.2889999999999979,0.11900000000000333,0.21399999999999864,-0.12300000000000111,qso
-0.26200000000000045,-0.46499999999999986,-0.26500000000000057,-0.23100000000000165,wd
0.2560000000000002,-0.07499999999999929,0.05600000000000094,0.004000000000001336,qso
0.4480000000000004,0.1739999999999995,0.030000000000001137,0.006000000000000227,wd
0.5560000000000009,0.26599999999999824,0.11899999999999977,0.26200000000000045,qso
0.5069999999999979,0.2170000000000023,0.028999999999999915,-0.008000000000002672,wd
0.16000000000000014,-0.23699999999999832,-0.23199999999999932,0.04899999999999949,wd
0.0849999999999973,0.3100000000000023,0.06599999999999895,-0.04200000000000159,qso
1.478866,0.5539379999999987,0.18281800000000104,0.061755999999999034,star
1.9478459999999984,0.8104779999999998,0.31677799999999934,0.16051900000000074,star
0.19699999999999918,0.21999999999999886,0.24900000000000233,0.232999999999997,qso
1.391413,0.5491399999999995,0.155837,0.056248000000000076,star
0.5130000000000017,0.08799999999999741,0.019999999999999574,-0.10899999999999821,wd
1.1169130000000003,0.4697749999999985,0.14074700000000107,0.06750500000000059,star
0.24499999999999744,0.5440000000000005,0.254999999999999,-0.10499999999999687,qso
0.43599999999999994,0.24099999999999966,0.2270000000000003,0.004999999999999005,qso
1.2279400000000003,0.4687340000000013,0.09700199999999981,0.08708999999999989,star
0.0030000000000001137,-0.3019999999999996,-0.20599999999999952,-0.6159999999999997,wd
0.8809999999999967,-0.1739999999999995,0.10600000000000165,0.29199999999999804,qso
0.04100000000000037,-0.4250000000000007,-0.2829999999999977,-0.3760000000000012,wd
0.38400000000000034,0.39000000000000057,0.08999999999999986,0.030000000000001137,qso
0.02300000000000324,-0.30799999999999983,-0.2480000000000011,0.10299999999999798,wd
0.1280000000000001,-0.2729999999999997,-0.28200000000000003,-0.2339999999999982,wd
1.252960999999999,0.43786200000000086,0.14485499999999973,0.071356999999999,star
2.435134999999999,1.093905000000003,0.3678859999999986,0.20014600000000016,star
0.4519999999999982,-0.01699999999999946,-0.030000000000001137,-0.25900000000000034,wd
2.252473000000002,0.9175889999999995,0.33879400000000004,0.1777350000000002,star
1.8871760000000002,0.7524930000000012,0.29387900000000045,0.08501199999999898,star
1.3304629999999982,0.463789000000002,0.28515900000000016,0.06925700000000035,star
-0.019000000000001904,-0.15899999999999892,-0.23900000000000077,-0.08399999999999963,wd
-0.16399999999999793,-0.46000000000000085,-0.3099999999999987,-0.2710000000000008,wd
2.679699000000003,1.4337339999999976,0.7630980000000012,0.42762300000000053,star
0.245000000000001,-0.3539999999999992,-0.17400000000000304,-0.3460000000000001,wd
-0.14399999999999835,-0.34299999999999997,-0.23199999999999932,-0.18100000000000094,wd
-0.3470000000000013,-0.4450000000000003,-0.41300000000000026,-0.3500000000000014,wd
1.8207039999999992,0.745037,0.2253760000000007,0.17072499999999735,star
0.36499999999999844,-0.1739999999999995,0.20500000000000185,-0.1650000000000027,qso
2.322303999999999,0.8796269999999993,0.31407000000000096,0.1809580000000004,star
0.06299999999999883,0.054000000000002046,0.28800000000000026,0.0329999999999977,qso
1.685891999999999,0.6020259999999986,0.3589020000000005,0.15375900000000087,star
0.2940000000000005,-0.1819999999999986,-0.31099999999999994,-0.15200000000000102,wd
0.31899999999999906,0.0940000000000012,0.2469999999999999,-0.03900000000000148,qso
1.0912970000000008,0.36861399999999733,0.14728900000000067,0.05156600000000111,star
1.1244049999999994,0.43688000000000216,0.17315299999999922,0.07300599999999946,star
1.2859129999999972,0.5312350000000023,0.20231099999999813,0.08245400000000203,star
0.5009999999999977,0.125,0.03300000000000125,-0.10200000000000031,wd
-0.08200000000000074,-0.4230000000000018,-0.2569999999999979,-0.4430000000000014,wd
1.7419759999999975,0.6682970000000026,0.3041879999999999,0.1061639999999997,star
0.4349999999999987,-0.03200000000000003,-0.06599999999999895,-0.036999999999999034,wd
0.18599999999999994,-0.062000000000001165,-0.17099999999999937,-0.254999999999999,wd
0.20099999999999696,0.20899999999999963,-0.06699999999999662,0.1039999999999992,qso
0.3379999999999974,-0.2079999999999984,-0.17099999999999937,-0.054000000000002046,wd
-0.4469999999999992,-0.5070000000000014,-0.36499999999999844,-0.1490000000000009,wd
0.4559999999999995,0.038000000000000256,0.07900000000000063,0.19399999999999906,qso
0.3210000000000015,0.07000000000000028,0.20400000000000063,-0.09100000000000108,qso
1.5878200000000007,0.6125810000000023,0.2286929999999998,0.1055969999999995,star
0.32299999999999685,-0.25099999999999767,-0.23199999999999932,-0.10800000000000054,wd
0.7970000000000006,-0.13400000000000034,0.2270000000000003,0.3949999999999996,qso
0.19000000000000128,-0.33500000000000085,-0.22799999999999798,-0.3030000000000008,wd
1.3319930000000006,0.5652889999999999,0.2232839999999996,0.07110499999999931,star
0.45800000000000196,0.2879999999999967,0.2710000000000008,0.04100000000000037,qso
0.3210000000000015,-0.277000000000001,-0.3230000000000004,-0.3039999999999985,wd
0.43200000000000216,-0.16100000000000136,-0.16799999999999926,-0.21099999999999852,wd
2.568179999999998,1.117948000000002,0.45380099999999857,0.27589799999999975,star
1.1589469999999977,0.25917200000000307,0.11920399999999987,-0.007961000000001661,star
0.3260000000000005,0.09299999999999997,-0.007999999999999119,-0.010000000000001563,qso
1.0780540000000016,0.4465369999999993,0.16717499999999852,0.04417200000000143,star
0.35100000000000264,0.14699999999999847,-0.038000000000000256,-0.08800000000000097,wd
0.3180000000000014,-0.0400000000000027,0.28000000000000114,0.15899999999999892,qso
-0.06899999999999906,-0.28600000000000136,-0.21199999999999797,-0.23400000000000176,wd
0.4750000000000014,-0.04899999999999949,-0.120000000000001,0.14000000000000057,wd
1.673489,0.6419890000000024,0.2759799999999988,0.09646299999999997,star
1.2679340000000003,0.44441300000000084,0.10036199999999695,0.09049800000000019,star
-0.12199999999999989,-0.3290000000000006,-0.28500000000000014,-0.266,wd
0.35800000000000054,0.08500000000000085,0.16000000000000014,0.12399999999999878,qso
1.158213,0.28064900000000037,0.11369099999999932,0.048467999999999734,star
0.4770000000000003,0.018000000000000682,-0.043000000000002814,-0.21199999999999974,wd
-0.0020000000000024443,-0.4139999999999979,-0.26399999999999935,-0.35600000000000165,wd
-0.4280000000000008,-0.48799999999999955,-0.3309999999999995,-0.3829999999999991,wd
2.2024740000000023,0.9831660000000007,0.3752059999999986,0.20362100000000183,star
0.4700000000000024,0.41799999999999926,-0.08999999999999986,0.055999999999997385,qso
0.14999999999999858,-0.39299999999999713,-0.2220000000000013,-0.495000000000001,wd
0.5949999999999989,0.1280000000000001,0.05600000000000094,-0.07700000000000173,wd
1.2222630000000017,0.03427099999999683,-0.050149999999998585,-0.07330999999999932,star
2.166474000000001,0.8459429999999983,0.3834380000000017,0.15669299999999886,star
0.6260000000000012,0.3019999999999996,0.33899999999999864,-0.012999999999998124,qso
0.3030000000000008,0.29100000000000037,0.2799999999999976,0.10500000000000043,qso
1.051878000000002,-0.0255270000000003,0.4838100000000001,0.046663000000000565,star
0.1479999999999997,0.3520000000000003,0.12300000000000111,0.06899999999999906,qso
0.2530000000000001,0.42900000000000205,0.21399999999999864,0.41499999999999915,qso
0.43400000000000105,-0.1930000000000014,-0.17099999999999937,-0.28500000000000014,wd
0.2749999999999986,-0.2190000000000012,-0.21499999999999986,-0.26399999999999935,wd
0.45899999999999963,-0.05299999999999727,-0.03300000000000125,-0.054000000000002046,wd
0.7019999999999982,0.10300000000000153,0.12299999999999933,0.0730000000000004,qso
-0.04400000000000048,0.20000000000000284,0.08699999999999974,-0.06099999999999994,qso
0.2789999999999999,0.11200000000000188,0.16900000000000048,0.04999999999999716,qso
0.3089999999999975,0.19700000000000273,0.2859999999999978,-0.1059999999999981,qso
1.2058590000000002,0.4013340000000003,0.17170799999999886,0.06290700000000093,star
1.1745490000000007,-0.22882900000000106,-0.1710219999999989,-0.1373300000000004,star
2.4830439999999996,1.1185590000000012,0.4525989999999993,0.23422500000000035,star
0.036000000000001364,-0.3099999999999987,-0.14000000000000057,-0.44200000000000017,wd
0.3999999999999986,-0.0470000000000006,-0.00999999999999801,-0.18100000000000094,wd
0.41000000000000014,0.12900000000000134,-0.08300000000000196,-0.02499999999999858,qso
1.6143669999999979,0.6663050000000013,0.290006,0.15323000000000064,star
1.4803560000000004,0.5185339999999989,0.19264300000000034,0.06553499999999879,star
1.2945600000000006,0.5493109999999994,0.1319309999999998,0.14752999999999972,star
0.15700000000000003,0.13899999999999935,-0.0019999999999988916,0.21399999999999864,qso
0.08100000000000307,0.02699999999999747,0.26099999999999923,-0.0379999999999967,qso
0.1739999999999995,0.12100000000000222,0.134999999999998,0.23300000000000054,qso
0.10500000000000043,0.15399999999999991,0.24399999999999977,0.054999999999999716,qso
-0.010999999999999233,-0.25700000000000145,-0.15399999999999991,-0.09199999999999875,wd
2.345963000000001,0.9396179999999994,0.287882999999999,0.16304599999999958,star
0.31700000000000017,-0.07200000000000273,0.20400000000000063,0.07000000000000028,qso
0.07500000000000284,-0.005000000000002558,0.23200000000000287,-0.08600000000000207,qso
2.6221289999999975,1.2638700000000007,0.49635100000000065,0.34076299999999904,star
0.42299999999999827,-0.06800000000000139,-0.08999999999999986,-0.16899999999999693,wd
0.47900000000000276,-0.1880000000000024,-0.20899999999999963,-0.20400000000000063,wd
0.5060000000000002,0.23000000000000043,0.14700000000000202,-0.06700000000000017,wd
0.4770000000000003,0.10899999999999821,-0.006999999999997897,-0.009000000000000341,wd
2.1798959999999994,0.8581850000000024,0.32680699999999874,0.1587770000000006,star
0.43299999999999983,-0.24299999999999855,-0.2510000000000012,-0.3789999999999978,wd
1.2036650000000009,0.5015220000000014,0.13963099999999784,0.0991730000000004,star
1.5088829999999973,0.645526000000002,0.20889999999999986,0.1031929999999992,star
1.727058999999997,0.6627690000000008,0.22728900000000252,0.12516999999999712,star
0.31700000000000017,-0.3030000000000008,-0.21199999999999974,-0.34199999999999875,wd
1.0276150000000008,0.3285600000000013,0.12162699999999838,0.0018790000000006302,star
0.5839999999999996,0.1479999999999997,0.06400000000000006,-0.047999999999998266,wd
1.1923879999999976,0.5243110000000009,0.12462200000000045,0.09148200000000095,star
0.5640000000000001,0.16899999999999693,0.08100000000000307,-0.019000000000001904,wd
0.7949999999999982,0.17300000000000182,0.12399999999999878,0.18400000000000105,qso
0.04100000000000037,0.0,0.11899999999999977,0.054999999999999716,qso
0.27500000000000213,0.31999999999999673,-0.03200000000000003,0.12600000000000122,qso
1.6815680000000022,0.6620290000000004,0.22699799999999826,0.10876800000000131,star
1.0799240000000019,0.37833399999999884,0.1330750000000016,-0.0009110000000021046,star
0.020000000000003126,-0.2630000000000017,-0.2759999999999998,-0.2749999999999986,wd
0.1609999999999978,0.04200000000000159,-0.08399999999999963,-0.14199999999999946,wd
2.5638579999999997,1.0480769999999993,0.4654670000000003,0.18126900000000035,star
0.3460000000000001,-0.2729999999999997,-0.0990000000000002,-0.6460000000000008,wd
0.12100000000000222,0.20899999999999963,0.12099999999999866,0.16300000000000026,qso
0.062000000000001165,0.036999999999999034,0.11100000000000065,0.027999999999998693,qso
1.5293290000000006,0.5277940000000001,0.22138400000000047,0.10783799999999744,star
0.559000000000001,-0.20899999999999963,-0.20899999999999963,-0.16600000000000037,wd
1.5431209999999993,0.5885749999999987,0.23208100000000087,0.05904899999999813,star
0.9503820000000012,0.2889979999999994,0.12637900000000002,-0.009806000000001092,star
0.26000000000000156,0.10900000000000176,0.24299999999999855,-0.006000000000000227,qso
0.19699999999999918,-0.29199999999999804,-0.25700000000000145,-0.2339999999999982,wd
0.6239999999999988,0.07700000000000173,0.3299999999999983,0.19699999999999918,qso
1.762995,0.6690690000000004,0.23119599999999885,0.1264219999999998,star
0.3409999999999975,0.03999999999999915,0.22900000000000276,-0.06300000000000239,qso
0.44399999999999906,0.20899999999999963,-0.03999999999999915,-0.04899999999999949,wd
2.020116999999999,0.7600189999999998,0.27882100000000065,0.16241400000000006,star
0.2859999999999978,-0.21499999999999986,-0.23499999999999943,-0.2809999999999988,wd
0.22900000000000276,0.08299999999999841,0.036000000000001364,0.375,qso
-0.24599999999999866,-0.38899999999999935,-0.3210000000000015,-0.29199999999999804,wd
0.2779999999999987,0.1819999999999986,0.22000000000000242,0.045999999999999375,qso
0.9429090000000002,0.297936,0.034375999999998186,0.15845900000000057,star
0.29799999999999827,0.4299999999999997,0.0400000000000027,0.04899999999999949,qso
0.4960000000000022,0.08699999999999974,0.03300000000000125,-0.11200000000000188,wd
0.03400000000000247,-0.18700000000000117,-0.1980000000000004,-0.46399999999999864,wd
0.5569999999999986,0.20400000000000063,0.07700000000000173,-0.0710000000000015,wd
0.5060000000000002,-0.26200000000000045,-0.2339999999999982,-0.23300000000000054,wd
-0.0730000000000004,-0.20199999999999818,-0.3130000000000024,-0.19399999999999906,wd
0.4339999999999975,0.3030000000000008,0.09600000000000009,0.15700000000000003,qso
0.30799999999999983,0.09299999999999997,0.2530000000000001,-0.11700000000000088,qso
0.7300000000000004,-0.03599999999999781,-0.12900000000000134,-0.03500000000000014,wd
1.1589899999999993,0.4461240000000011,0.1357670000000013,0.07470799999999755,star
0.31899999999999906,0.010999999999999233,0.0990000000000002,0.13899999999999935,qso
1.5128930000000018,0.576789999999999,0.24324599999999919,0.09569400000000172,star
0.3619999999999983,0.1410000000000018,-0.04200000000000159,-0.09199999999999875,wd
0.14700000000000202,0.1280000000000001,0.2839999999999989,0.12300000000000111,qso
1.0548900000000003,0.4005979999999987,0.13039899999999882,0.028093000000000146,star
0.5399999999999991,-0.04199999999999804,0.19799999999999685,0.08500000000000085,qso
0.3819999999999979,0.11599999999999966,-0.10500000000000043,0.018000000000000682,wd
-0.022000000000002018,0.11500000000000199,0.26599999999999824,0.19700000000000273,qso
0.33899999999999864,-0.036999999999999034,-0.16699999999999804,-0.40100000000000335,wd
0.9765989999999984,-0.2287159999999986,-0.1936630000000008,-0.1409520000000004,star
1.1401649999999997,0.3807130000000001,0.12636099999999928,0.03127300000000233,star
0.2480000000000011,0.1109999999999971,-0.10099999999999909,0.17900000000000205,qso
0.16000000000000014,0.23199999999999932,0.245000000000001,0.10800000000000054,qso
0.2259999999999991,0.022000000000002018,0.10799999999999699,0.21300000000000097,qso
0.08200000000000074,0.046999999999997044,-0.1999999999999993,0.13700000000000045,qso
1.0828560000000031,0.3960259999999991,0.1634139999999995,0.08338399999999879,star
2.5132730000000016,1.210134,0.43388200000000055,0.28956799999999916,star
0.2680000000000007,0.3509999999999991,-0.02699999999999747,0.4289999999999985,qso
1.240791999999999,0.4811170000000011,0.15967900000000057,0.04453900000000033,star
0.1479999999999997,0.25400000000000134,-0.062000000000001165,0.14999999999999858,qso
0.3230000000000004,-0.27500000000000213,-0.2539999999999978,-0.1039999999999992,wd
0.4609999999999985,0.08200000000000074,-0.036999999999999034,-0.17300000000000182,wd
0.28500000000000014,0.11299999999999955,0.19000000000000128,0.15899999999999892,qso
0.3999999999999986,0.15500000000000114,-0.06599999999999895,0.08500000000000085,qso
-0.14199999999999946,-0.2980000000000018,-0.21599999999999753,-0.2699999999999996,wd
0.22100000000000009,0.21199999999999974,-0.10099999999999909,0.1280000000000001,wd
0.3930000000000007,0.21199999999999974,0.29499999999999815,0.019999999999999574,qso
0.0,-0.3460000000000001,-0.27399999999999736,-0.06700000000000017,wd
0.020000000000003126,-0.20800000000000196,-0.259999999999998,-0.1670000000000016,wd
0.4209999999999994,-0.21499999999999986,-0.22100000000000009,-0.2679999999999989,wd
1.4396689999999985,0.5492339999999984,0.14143100000000075,0.1929810000000014,star
2.5631850000000007,1.462254999999999,0.8036440000000002,0.3969649999999998,star
0.04999999999999716,0.1750000000000007,0.3550000000000004,0.13500000000000156,qso
1.6620179999999998,0.624020999999999,0.21436100000000025,0.10722000000000165,star
1.144674000000002,0.44255399999999945,0.17086999999999897,0.09914800000000135,star
0.11799999999999855,0.28300000000000125,0.13899999999999935,0.06700000000000017,qso
1.580368,0.6992659999999997,0.2726930000000003,0.1451039999999999,star
0.2989999999999995,-0.25200000000000244,-0.19699999999999918,-0.29499999999999815,wd
1.3956049999999998,0.525538000000001,0.25545999999999935,0.02385600000000032,star
-0.0940000000000012,-0.3359999999999985,-0.2920000000000016,-0.21399999999999864,wd
-0.06400000000000006,0.3100000000000023,0.0470000000000006,-0.1700000000000017,qso
0.2289999999999992,0.0660000000000025,0.06999999999999673,0.245000000000001,qso
1.0057139999999976,0.36440100000000086,0.14196000000000097,0.036956999999997464,star
2.126698000000001,0.8313449999999989,0.32342200000000076,0.1694279999999999,star
-0.009000000000000341,0.16199999999999903,0.01699999999999946,-0.08800000000000097,qso
0.1059999999999981,-0.13599999999999923,0.3539999999999992,-0.09999999999999787,qso
0.35700000000000287,-0.2510000000000012,-0.26899999999999835,-0.10600000000000165,wd
0.3539999999999992,0.11400000000000077,0.022999999999999687,-0.08699999999999974,wd
0.14399999999999835,-0.29299999999999926,-0.2980000000000018,-0.07599999999999696,wd
0.14000000000000057,0.1410000000000018,0.0329999999999977,-0.05299999999999727,qso
1.2871999999999986,0.5266899999999985,0.1932299999999998,0.10610199999999992,star
-0.4280000000000008,-0.5129999999999981,-0.365000000000002,-0.2759999999999998,wd
1.1116399999999977,0.41194400000000186,0.1388009999999973,0.03954600000000141,star
0.9612410000000011,0.21790599999999927,0.05241100000000287,0.03671399999999991,star
0.15399999999999991,0.1819999999999986,0.28600000000000136,0.13599999999999923,qso
0.4660000000000011,0.03999999999999915,0.15000000000000213,0.16799999999999926,qso
1.1988580000000013,0.4969980000000014,0.17826699999999818,0.0869230000000023,star
0.036999999999999034,-0.022999999999999687,-0.0519999999999996,0.5579999999999998,qso
0.9058419999999998,0.27464599999999706,0.12094500000000252,-0.023185000000001565,star
0.46699999999999875,0.05000000000000071,0.03200000000000003,-0.0730000000000004,wd
0.12400000000000233,-0.33300000000000196,-0.25,-0.33699999999999974,wd
0.30200000000000315,-0.3230000000000004,-0.2970000000000006,-0.11599999999999966,wd
1.2338389999999997,0.43500300000000003,0.17554999999999943,0.09109400000000001,star
2.196380999999999,0.9882300000000015,0.3640270000000001,0.11627400000000065,star
0.2889999999999979,-0.23900000000000077,-0.1819999999999986,-0.4209999999999994,wd
1.821047,0.7326370000000004,0.24375399999999914,0.14718799999999987,star
2.272249000000002,0.8220439999999982,0.26746200000000186,0.1390759999999993,star
1.2426290000000009,0.4138560000000009,0.11790199999999906,0.07812700000000028,star
-0.0019999999999988916,0.384999999999998,0.06300000000000239,-0.005000000000002558,qso
0.2259999999999991,0.25400000000000134,-0.05100000000000193,0.1039999999999992,qso
0.3609999999999971,-0.18599999999999994,0.08600000000000207,0.38700000000000045,wd
1.918495,0.7883269999999989,0.3444510000000012,0.14557600000000015,star
0.09600000000000009,0.26099999999999923,0.23300000000000054,0.18799999999999883,qso
0.20500000000000185,0.3249999999999993,0.03300000000000125,0.11899999999999977,qso
0.06499999999999773,0.15200000000000102,-0.1039999999999992,-0.11299999999999955,qso
1.0078969999999998,0.39752900000000224,0.09861499999999879,0.07079099999999983,star
0.4499999999999993,0.2680000000000007,0.24099999999999966,0.11899999999999977,qso
-0.28200000000000003,-0.4720000000000013,-0.4269999999999996,-0.15399999999999991,wd
2.5562129999999996,1.1674990000000012,0.47600000000000087,0.23478699999999897,star
1.0243619999999982,0.3486039999999999,0.13585899999999995,0.01283600000000007,star
1.4412929999999982,0.6562850000000005,0.28245700000000085,0.13780399999999915,star
0.2809999999999988,-0.379999999999999,-0.14399999999999835,-0.21600000000000108,wd
0.0779999999999994,0.1789999999999985,0.2140000000000022,0.10299999999999798,qso
0.9503609999999973,0.3313350000000028,0.12970799999999727,-0.0027619999999970446,star
-0.062000000000001165,-0.4109999999999978,-0.35900000000000176,-0.26399999999999935,wd
0.4209999999999994,0.12600000000000122,0.07400000000000162,0.22499999999999787,qso
1.7637189999999983,0.657700000000002,0.22793999999999848,0.11397299999999966,star
0.3219999999999992,-0.1720000000000006,-0.24899999999999878,-0.31899999999999906,wd
0.30900000000000105,0.05999999999999872,-0.16399999999999793,0.134999999999998,wd
1.3380560000000017,0.6073769999999996,0.25714100000000073,0.13428299999999993,star
0.26399999999999935,0.25400000000000134,0.2680000000000007,0.03200000000000003,qso
0.08699999999999974,0.625,0.0019999999999988916,0.07099999999999795,qso
0.11899999999999977,-0.10899999999999821,-0.1769999999999996,-0.125,wd
0.4490000000000016,0.24099999999999966,-0.037000000000002586,-0.04100000000000037,qso
0.42499999999999716,0.7060000000000031,0.12099999999999866,0.12600000000000122,qso
0.08500000000000085,0.2579999999999991,0.09700000000000131,0.2889999999999979,qso
0.1440000000000019,0.09699999999999775,0.14000000000000057,0.24600000000000222,qso
0.34499999999999886,-0.03200000000000003,0.277000000000001,-0.015000000000000568,qso
2.7592050000000015,1.3305059999999997,0.509779,0.3228270000000002,star
1.7624999999999993,0.6979889999999997,0.26091900000000123,0.08635300000000079,star
2.7845440000000004,1.4049439999999969,0.8500460000000007,0.45497800000000055,star
1.4034989999999983,0.5257860000000001,0.20693600000000067,0.03709100000000021,star
0.2270000000000003,0.006000000000000227,0.16400000000000148,-0.022999999999999687,qso
1.1181410000000014,0.3689189999999982,0.1902050000000024,-0.07513400000000203,star
-0.0019999999999988916,-0.0010000000000012221,0.30700000000000216,-0.05799999999999983,qso
0.19900000000000162,0.20400000000000063,0.07699999999999818,0.0070000000000014495,qso
0.661999999999999,0.5660000000000025,0.3520000000000003,0.597999999999999,qso
-0.0010000000000012221,0.15300000000000225,0.34199999999999875,0.06599999999999895,qso
0.16900000000000048,0.09299999999999997,0.16000000000000014,0.21100000000000207,qso
-0.05700000000000216,0.3360000000000021,0.03599999999999781,-0.245000000000001,qso
0.16600000000000037,0.07499999999999929,-0.05099999999999838,0.1460000000000008,qso
0.2220000000000013,0.2569999999999979,0.4440000000000026,-0.018000000000000682,qso
2.5122220000000013,1.4642149999999994,0.7647960000000005,0.37129800000000124,star
1.901444999999999,0.6728039999999993,0.24269900000000177,0.10915899999999823,star
0.2560000000000002,-0.20599999999999952,-0.20700000000000074,-0.2469999999999999,wd
1.3028790000000008,0.49183800000000133,0.18062799999999868,0.042149000000000214,star
0.21000000000000085,0.19399999999999906,0.2970000000000006,0.11199999999999832,qso
0.04999999999999716,0.04400000000000048,0.3680000000000021,0.1559999999999988,qso
0.18500000000000227,-0.30600000000000094,-0.22500000000000142,-0.14899999999999736,wd
0.3019999999999996,-0.28800000000000026,-0.21699999999999875,-0.38700000000000045,wd
-0.0849999999999973,-0.3940000000000019,-0.29199999999999804,-0.32700000000000173,wd
1.62641,0.5714359999999985,0.22256400000000198,0.05529999999999902,star
0.2740000000000009,0.2749999999999986,0.0730000000000004,0.5250000000000021,qso
0.1880000000000024,-0.20500000000000185,-0.24200000000000088,-0.33899999999999864,wd
0.0940000000000012,0.10899999999999821,0.1460000000000008,0.1739999999999995,qso
1.1518990000000002,0.35341699999999854,0.18469900000000017,0.0764200000000006,star
0.5120000000000005,0.07900000000000063,0.029999999999997584,-0.03999999999999915,wd
1.8470340000000007,0.7388419999999982,0.28535300000000063,0.2535570000000007,star
0.2889999999999979,0.4440000000000026,0.2879999999999967,0.07000000000000028,qso
1.3765350000000005,0.589205999999999,0.20276499999999942,0.10047700000000148,star
0.37099999999999866,0.13700000000000045,0.254999999999999,-0.07600000000000051,qso
-0.01899999999999835,0.09399999999999764,0.29299999999999926,0.011000000000002785,qso
0.2690000000000019,0.047999999999998266,-0.0779999999999994,0.12300000000000111,qso
2.5393749999999997,1.130431999999999,0.4663710000000023,0.2672699999999999,star
-0.33300000000000196,0.41100000000000136,0.036999999999999034,-0.01600000000000179,qso
2.343947,1.0709930000000014,0.2825219999999984,0.3572020000000009,star
-0.08999999999999986,0.10200000000000031,0.13400000000000034,0.20700000000000074,qso
1.2385379999999984,0.4894810000000014,0.22113099999999974,0.05685400000000129,star
1.2034240000000018,0.5430889999999984,0.19413000000000125,0.07768300000000039,star
0.11399999999999721,0.35300000000000153,0.10999999999999943,-0.018000000000000682,qso
1.9403939999999977,0.6837370000000007,0.22590300000000063,0.10960199999999887,star
0.11699999999999733,0.3680000000000021,-0.03200000000000003,0.6630000000000003,qso
-0.15399999999999991,-0.30900000000000105,-0.30600000000000094,-0.2729999999999997,wd
0.5,0.07200000000000273,-0.021000000000000796,0.16300000000000026,qso
0.15500000000000114,-0.3420000000000023,-0.29999999999999716,-0.30700000000000216,wd
0.18400000000000105,0.06099999999999994,0.2630000000000017,0.11899999999999977,qso
1.3188729999999982,0.43853900000000046,0.14250399999999885,0.051639000000001545,star
0.254999999999999,-0.14999999999999858,0.1460000000000008,0.12099999999999866,qso
0.4750000000000014,-0.11599999999999966,-0.3470000000000013,0.31200000000000117,wd
1.183802,0.41706800000000044,0.13932099999999892,0.024827999999999406,star
1.4833220000000011,0.6020259999999986,0.2187570000000001,0.1276919999999997,star
1.4003590000000017,0.6226899999999986,0.2176259999999992,0.17132400000000203,star
0.23900000000000077,0.472999999999999,0.3150000000000013,-0.019999999999999574,qso
0.48600000000000065,-0.21600000000000108,-0.11799999999999855,-0.0259999999999998,wd
0.17800000000000082,-0.31599999999999895,-0.2430000000000021,-0.3359999999999985,wd
0.9390000000000001,-0.1739999999999995,0.06599999999999895,0.3329999999999984,qso
0.1819999999999986,0.07600000000000051,0.2049999999999983,0.33800000000000097,qso
-0.07199999999999918,0.03599999999999781,0.2610000000000028,-0.13500000000000156,qso
0.9147549999999995,0.4118080000000006,0.14973499999999973,0.1193559999999998,star
2.187113,0.9765369999999969,0.31668300000000116,0.19436999999999927,star
0.20599999999999952,-0.1739999999999995,-0.23300000000000054,-0.1819999999999986,wd
0.4280000000000008,-0.08099999999999952,-0.03100000000000236,-0.33999999999999986,wd
0.3719999999999999,0.10500000000000043,-0.0030000000000001137,-0.1509999999999998,wd
-0.028999999999999915,-0.254999999999999,-0.19099999999999895,-0.3049999999999997,wd
0.2560000000000002,0.37900000000000134,-0.012999999999998124,-0.0710000000000015,qso
0.5990000000000002,0.23600000000000065,0.09199999999999875,-0.013999999999999346,wd
0.10200000000000031,-0.27800000000000225,-0.21699999999999875,-0.2560000000000002,wd
0.384999999999998,0.24399999999999977,0.23199999999999932,0.07400000000000162,qso
0.10500000000000043,0.21599999999999753,0.04800000000000182,0.053000000000000824,qso
1.1490599999999986,0.4262630000000023,0.16774199999999873,0.033023999999999276,star
0.04999999999999716,-0.33399999999999963,-0.33899999999999864,-0.05100000000000193,wd
-0.054999999999999716,-0.11100000000000065,0.3760000000000012,0.02699999999999747,qso
0.16999999999999815,-0.3000000000000007,-0.3279999999999994,-0.1579999999999977,wd
0.03399999999999892,0.08300000000000196,-0.027000000000001023,-0.16399999999999793,wd
0.375,0.06499999999999773,0.23499999999999943,-0.05999999999999872,qso
-0.062000000000001165,-0.3410000000000011,-0.23000000000000043,-0.3049999999999997,wd
2.6811369999999997,1.3620149999999995,0.566517000000001,0.32161999999999935,star
0.20300000000000296,0.20899999999999963,0.04199999999999804,0.09700000000000131,qso
-0.38000000000000256,-0.3999999999999986,-0.36299999999999955,-0.33399999999999963,wd
0.4280000000000008,-0.05000000000000071,-0.07900000000000063,-0.25400000000000134,wd
0.008000000000002672,0.3349999999999973,0.16600000000000037,0.5920000000000023,qso
0.03399999999999892,-0.245000000000001,-0.3039999999999985,-0.28500000000000014,wd
0.786999999999999,0.053999999999998494,0.030000000000001137,0.3180000000000014,qso
0.31099999999999994,0.472999999999999,0.33999999999999986,0.21399999999999864,qso
0.004999999999999005,0.0519999999999996,0.4499999999999993,0.07800000000000296,qso
-0.06400000000000006,-0.38599999999999923,-0.33999999999999986,-0.2980000000000018,wd
2.4427850000000007,1.337381999999998,0.7607060000000008,0.41708899999999893,star
0.3309999999999995,-0.19000000000000128,0.19200000000000017,0.5199999999999996,wd
1.826004000000001,0.7091080000000005,0.20101399999999892,0.11659100000000144,star
1.1427870000000002,0.42146799999999907,0.21566300000000105,-0.006594000000001543,star
0.17999999999999972,-0.1769999999999996,0.1769999999999996,0.2729999999999997,qso
0.15199999999999747,-0.29799999999999827,-0.28999999999999915,-0.10500000000000043,wd
2.4156660000000016,1.0755159999999968,0.442083000000002,0.15343399999999896,star
2.2140769999999996,0.8783720000000024,0.2884999999999991,0.1544409999999985,star
1.2645710000000001,0.5390959999999989,0.1592640000000003,0.08742200000000011,star
0.6429999999999971,0.1700000000000017,-0.038000000000000256,-0.062000000000001165,wd
0.15499999999999758,0.19500000000000028,0.25700000000000145,0.06099999999999994,qso
0.04100000000000037,-0.3680000000000021,-0.3290000000000006,-0.08999999999999986,wd
0.254999999999999,-0.28999999999999915,-0.21799999999999997,-0.17599999999999838,wd
0.20700000000000074,0.5509999999999984,0.21499999999999986,0.6799999999999997,qso
0.4220000000000006,0.015000000000000568,-0.027000000000001023,-0.07600000000000051,wd
-0.018000000000000682,-0.4529999999999994,-0.3249999999999993,-0.272000000000002,wd
-0.17100000000000293,-0.4510000000000005,-0.3219999999999992,-0.28800000000000026,wd
0.33699999999999974,0.12700000000000244,-0.0779999999999994,0.14099999999999824,qso
1.7594069999999995,0.6145700000000005,0.22972199999999887,0.10494800000000026,star
2.5185470000000016,1.1925239999999988,0.4726150000000011,0.17915799999999926,star
0.6050000000000004,0.7040000000000006,0.2950000000000017,0.20899999999999963,qso
0.40700000000000003,-0.19500000000000028,-0.19699999999999918,0.0470000000000006,wd
0.4209999999999994,-0.04199999999999804,0.4269999999999996,0.5389999999999979,wd
0.015999999999998238,-0.1479999999999997,-0.1980000000000004,-0.23999999999999844,wd
0.4670000000000023,-0.2480000000000011,-0.1960000000000015,-0.3349999999999973,wd
0.45700000000000074,-0.11500000000000199,-0.11299999999999955,0.09600000000000009,wd
0.5910000000000011,-0.013999999999999346,0.046999999999997044,0.2220000000000013,qso
1.1038629999999987,0.3962470000000007,0.09011699999999934,0.02388800000000124,star
0.8908330000000007,0.21389999999999887,0.08573300000000117,0.023414999999999964,star
1.2546440000000025,0.4497569999999982,0.1409930000000017,0.08642000000000039,star
0.41100000000000136,-0.0019999999999988916,-0.06900000000000261,-0.08799999999999741,wd
2.464852999999998,1.001857000000001,0.43030400000000135,0.22565799999999925,star
0.47800000000000153,0.21199999999999974,0.045000000000001705,0.2619999999999969,qso
0.38400000000000034,-0.20700000000000074,-0.22000000000000242,-0.20199999999999818,wd
-0.36799999999999855,-0.5480000000000018,-0.3329999999999984,-0.3810000000000002,wd
0.09499999999999886,0.13100000000000023,0.06099999999999994,-0.04899999999999949,qso
-0.2890000000000015,-0.44399999999999906,-0.31599999999999895,-0.3180000000000014,wd
-0.35700000000000287,-0.49299999999999855,-0.33899999999999864,-0.36100000000000065,wd
0.18499999999999872,0.10699999999999932,0.16400000000000148,0.2049999999999983,qso
0.49199999999999733,-0.24099999999999966,-0.21099999999999852,-0.019000000000001904,wd
0.1650000000000027,-0.31700000000000017,-0.29100000000000037,-0.19200000000000017,wd
0.49799999999999756,-0.05099999999999838,0.3240000000000016,0.2699999999999996,qso
0.11400000000000077,0.26200000000000045,0.004999999999999005,0.03200000000000003,qso
0.245000000000001,0.1739999999999995,0.2530000000000001,0.11599999999999966,qso
1.0656719999999993,0.3036159999999999,0.04958900000000099,0.03520499999999949,star
0.17099999999999937,0.07699999999999818,0.15399999999999991,0.0070000000000014495,qso
0.28999999999999915,-0.2729999999999997,-0.25,-0.2530000000000001,wd
0.07499999999999929,0.19900000000000162,0.12599999999999767,-0.005999999999996675,qso
0.9770350000000008,0.2688239999999986,0.1265490000000007,0.04178399999999982,star
1.571625000000001,0.6158330000000021,0.1912009999999995,0.10519399999999912,star
0.18499999999999872,-0.036999999999999034,-0.05999999999999872,-0.18900000000000006,wd
0.9858799999999981,0.2539580000000008,0.111460000000001,0.005304999999999893,star
2.051863000000001,0.8100769999999997,0.29488800000000026,0.13970100000000052,star
0.23999999999999844,-0.19500000000000028,0.13500000000000156,-0.1509999999999998,qso
0.19200000000000017,-0.10600000000000165,-0.11899999999999977,-0.011999999999996902,wd
-0.0470000000000006,-0.3420000000000005,-0.3049999999999997,-0.3000000000000007,wd
1.4711050000000014,0.539359000000001,0.28041199999999833,0.04760399999999976,star
0.370000000000001,0.06500000000000128,-0.06899999999999906,-0.0730000000000004,wd
1.4669910000000002,0.5840420000000002,0.2834360000000018,0.11269499999999866,star
0.9756719999999994,0.3031790000000001,0.14566800000000057,0.01666799999999924,star
1.269397999999999,0.4932529999999993,0.158493,0.0713070000000009,star
0.21199999999999974,0.3030000000000008,0.0030000000000001137,0.07000000000000028,qso
1.2458290000000023,0.42508699999999955,0.12585299999999933,0.022903000000001228,star
0.48200000000000287,0.16999999999999815,0.11400000000000077,-0.04800000000000182,wd
0.25,0.19200000000000017,-0.06700000000000017,0.11499999999999844,qso
0.5509999999999984,0.1750000000000007,0.05699999999999861,-0.08500000000000085,wd
0.43100000000000094,-0.2510000000000012,-0.20899999999999963,-0.30600000000000094,wd
0.3379999999999974,-0.2079999999999984,-0.17099999999999937,-0.054000000000002046,wd
0.9994950000000031,0.2770079999999986,0.12613699999999994,-0.025988000000001676,star
1.292749999999998,0.46505699999999983,0.13577800000000018,0.053148000000000195,star
0.3520000000000003,-0.20400000000000063,-0.2560000000000002,-0.26099999999999923,wd
-0.04299999999999926,-0.4089999999999989,-0.34299999999999997,-0.11299999999999955,wd
2.5836879999999987,1.227834999999999,0.452496,0.26403700000000185,star
-0.16799999999999926,-0.402000000000001,-0.3150000000000013,-0.3269999999999982,wd
0.15899999999999892,-0.012000000000000455,0.24200000000000088,0.030000000000001137,qso
0.9991529999999997,0.49910699999999864,0.2244550000000025,0.07956700000000083,star
0.13299999999999912,0.24899999999999878,0.1130000000000031,0.030999999999998806,qso
-0.10300000000000153,-0.4349999999999987,-0.28600000000000136,-0.11699999999999733,wd
2.142380000000003,0.8436869999999992,0.33714699999999986,0.11837399999999931,star
0.46199999999999974,0.07600000000000051,0.01600000000000179,-0.14000000000000057,wd
0.21300000000000097,-0.018000000000000682,0.6509999999999998,0.6449999999999996,wd
0.26699999999999946,0.03300000000000125,0.07900000000000063,0.33899999999999864,qso
0.045999999999999375,-0.30799999999999983,-0.2940000000000005,-0.21799999999999997,wd
1.4435369999999992,0.5558130000000006,0.20991300000000024,0.13217200000000062,star
0.1980000000000004,0.04199999999999804,0.1180000000000021,0.09199999999999875,qso
0.13799999999999812,0.07900000000000063,0.25700000000000145,0.10099999999999909,qso
1.009523999999999,0.38232200000000205,-0.1290760000000013,0.30460000000000065,star
2.625101000000001,1.0993309999999994,0.4143069999999991,0.20179300000000033,star
2.4045749999999977,1.0101569999999995,0.4220620000000004,0.20448900000000236,star
2.3896359999999994,0.950845000000001,0.3736630000000005,0.23212599999999917,star
0.2729999999999997,0.10200000000000031,0.2240000000000002,-0.0990000000000002,qso
0.2259999999999991,0.03900000000000148,0.16600000000000037,0.04299999999999926,qso
0.5190000000000019,-0.03200000000000003,-0.08099999999999952,-0.16900000000000048,wd
0.4460000000000015,-0.245000000000001,-0.22799999999999798,-0.40100000000000335,wd
0.32399999999999807,0.015000000000000568,-0.08299999999999841,-0.08200000000000074,wd
0.06800000000000139,0.18999999999999773,0.3670000000000009,0.06599999999999895,qso
0.018000000000000682,-0.3999999999999986,-0.28500000000000014,-0.30500000000000327,wd
1.1507180000000012,0.4000099999999982,0.14027200000000306,0.1086059999999982,star
0.22499999999999787,-0.045999999999999375,0.13299999999999912,0.17800000000000082,qso
0.6419999999999995,0.4969999999999999,1.0799999999999983,0.7930000000000028,wd
1.2198129999999985,0.45248199999999983,0.17626100000000022,0.022386000000000905,star
0.352999999999998,0.1390000000000029,0.022999999999999687,0.1509999999999998,qso
1.188057999999998,0.43172500000000014,0.1085029999999989,0.08772300000000044,star
1.145789999999998,0.40726500000000243,0.1250549999999997,0.035602999999998275,star
-0.18299999999999983,0.1750000000000007,0.35800000000000054,-0.1180000000000021,qso
2.4935609999999997,1.4406029999999994,0.7855380000000007,0.40393100000000004,star
-0.17299999999999827,-0.4269999999999996,-0.062000000000001165,0.16199999999999903,wd
0.01600000000000179,-0.2920000000000016,-0.3000000000000007,-0.2849999999999966,wd
0.16300000000000026,-0.3279999999999994,-0.25,-0.09100000000000108,wd
0.3639999999999972,-0.08199999999999719,0.08899999999999864,-0.21999999999999886,qso
2.2417300000000004,0.9636689999999994,0.40362200000000215,0.14969400000000022,star
1.9833320000000008,0.7770860000000006,0.3106150000000003,0.13820199999999971,star
0.2589999999999968,0.1980000000000004,0.21799999999999997,-0.010999999999999233,qso
1.2322580000000016,0.2322659999999992,0.05800400000000039,0.005306000000000921,star
1.1740340000000007,0.41930500000000137,0.15964199999999984,0.05321099999999923,star
-0.21600000000000108,-0.41300000000000026,-0.31299999999999883,-0.347999999999999,wd
1.020733,0.32016800000000245,0.08926699999999954,-0.09509600000000162,star
0.2660000000000018,0.16499999999999915,0.16799999999999926,0.02400000000000091,qso
0.15600000000000236,-0.07600000000000051,-0.0030000000000001137,0.3979999999999997,qso
0.5459999999999994,0.06099999999999994,-0.1490000000000009,0.09100000000000108,qso
1.0585859999999983,0.45436400000000177,0.20507500000000078,0.06771299999999769,star
0.4319999999999986,-0.05099999999999838,-0.07200000000000273,-0.11499999999999844,wd
1.2148649999999996,0.528690000000001,0.2353360000000002,0.08457999999999899,star
0.4170000000000016,0.18599999999999994,-0.08899999999999864,0.2959999999999994,qso
0.3019999999999996,0.21300000000000097,0.028999999999999915,0.08200000000000074,qso
0.3210000000000015,0.3299999999999983,0.0010000000000012221,-0.01699999999999946,qso
0.4269999999999996,-0.038999999999997925,-0.06700000000000017,-0.13200000000000145,wd
0.13100000000000023,0.277000000000001,0.02499999999999858,0.10000000000000142,qso
1.0476510000000019,0.4894529999999975,0.17331500000000233,0.0790779999999991,star
2.321484999999999,1.058060000000001,0.41700299999999757,0.17286100000000104,star
1.3583640000000017,0.6534729999999982,0.24647699999999872,0.10024300000000252,star
2.033597999999998,0.8203150000000008,0.3302700000000005,0.12471799999999966,star
0.40000000000000213,0.09099999999999753,-0.029999999999997584,-0.036000000000001364,wd
-0.013000000000001677,-0.34199999999999875,-0.19900000000000162,-0.15200000000000102,wd
-0.10800000000000054,-0.42900000000000205,-0.28999999999999915,-0.3569999999999993,wd
0.5119999999999969,0.04600000000000293,-0.02400000000000091,-0.10699999999999932,wd
1.2705839999999995,0.4115390000000012,0.20739400000000074,0.06486699999999956,star
1.3143920000000016,0.5410420000000009,0.13023899999999955,0.06659399999999849,star
0.23400000000000176,0.44599999999999795,0.13600000000000279,0.09599999999999653,qso
-0.006000000000000227,-0.36599999999999966,-0.2629999999999981,-0.28300000000000125,wd
0.23100000000000165,-0.037000000000002586,-0.10799999999999699,-0.1509999999999998,wd
0.40600000000000236,-0.04800000000000182,-0.03500000000000014,-0.18299999999999983,wd
1.3791979999999988,0.5154360000000011,0.13429800000000114,0.059134999999999494,star
0.01600000000000179,0.1319999999999979,0.1700000000000017,0.1609999999999978,qso
0.8403150000000004,0.21982900000000072,0.08258899999999869,0.028563999999999368,star
1.1695080000000004,0.3458659999999991,0.16609900000000088,0.028163999999998524,star
1.7123920000000012,0.6604080000000003,0.22116699999999767,0.1350250000000024,star
0.19900000000000162,-0.2980000000000018,-0.2710000000000008,-0.19799999999999685,wd
0.1460000000000008,0.129999999999999,0.22000000000000242,0.004999999999999005,qso
1.105231999999999,0.38976899999999937,0.09307199999999938,0.07568999999999981,star
-0.0589999999999975,-0.12600000000000122,0.24099999999999966,-0.23699999999999832,qso
0.23199999999999932,0.1720000000000006,0.10699999999999932,0.2049999999999983,qso
0.1559999999999988,-0.3460000000000001,-0.2889999999999979,-0.5240000000000009,wd
0.9971369999999986,0.2707120000000014,0.1308209999999992,0.028805999999999443,star
1.2934990000000006,0.3945730000000012,0.1501640000000002,0.012031000000000347,star
0.4519999999999982,0.1910000000000025,0.04400000000000048,0.1579999999999977,qso
0.1739999999999995,0.2029999999999994,-0.06899999999999906,0.045999999999999375,qso
1.0252169999999978,0.3407630000000026,0.14085599999999943,0.0647909999999996,star
0.8934330000000017,0.30586999999999875,0.09519599999999961,0.04051100000000041,star
1.9139809999999997,0.7489290000000004,0.24460899999999874,0.12291500000000077,star
0.6359999999999992,0.1269999999999989,0.010000000000001563,-0.125,wd
0.45000000000000284,-0.1130000000000031,-0.23899999999999721,-0.027000000000001023,wd
0.5599999999999987,-0.062000000000001165,0.5010000000000012,0.6419999999999995,wd
0.9737800000000014,0.252875999999997,0.10167700000000224,0.0010620000000010066,star
0.33200000000000074,0.17900000000000205,0.28699999999999903,0.03399999999999892,qso
0.13899999999999935,0.15800000000000125,0.1479999999999997,0.007999999999999119,qso
-0.3360000000000021,-0.5399999999999991,-0.3049999999999997,-0.3769999999999989,wd
0.45899999999999963,0.1509999999999998,0.13299999999999912,0.26200000000000045,qso
-0.12700000000000244,-0.41699999999999804,-0.39000000000000057,0.01899999999999835,wd
0.8309999999999995,0.5839999999999996,0.33100000000000307,0.10299999999999798,qso
-0.029999999999997584,-0.07000000000000028,0.43599999999999994,-0.10300000000000153,qso
0.18999999999999773,-0.29799999999999827,-0.4380000000000024,0.07600000000000051,wd
0.09500000000000242,0.16999999999999815,0.04400000000000048,-0.05000000000000071,qso
0.853669,0.44234600000000057,0.09639400000000009,0.0882089999999991,star
0.18900000000000006,0.09499999999999886,0.142000000000003,0.020999999999997243,qso
1.4548699999999997,0.5757200000000005,0.2240870000000008,0.0838220000000014,star
1.0558220000000027,0.33245099999999894,0.09650999999999854,0.09358800000000045,star
0.10100000000000264,0.264999999999997,0.397000000000002,0.29199999999999804,qso
1.3813320000000004,0.4739900000000006,0.2395169999999993,0.12345900000000043,star
1.358162,0.4277359999999977,0.13893800000000134,0.12054999999999971,star
1.2335190000000011,0.49013300000000015,0.14267800000000008,0.06359099999999884,star
1.2929609999999983,0.5135460000000016,0.15748800000000074,0.055667999999997164,star
1.4626870000000025,0.5851699999999997,0.23792299999999855,0.1033640000000009,star
-0.0070000000000014495,-0.08699999999999974,0.1980000000000004,0.2049999999999983,qso
1.1150680000000008,0.4252919999999989,0.1449259999999981,0.06692300000000273,star
1.515625,0.5963899999999995,0.2139969999999991,0.06452200000000019,star
1.263028000000002,0.4399979999999992,0.14498299999999986,0.05426099999999856,star
2.0170589999999997,0.8345780000000005,0.28127600000000186,0.17200099999999807,star
0.9213050000000003,0.25082000000000093,0.10314699999999988,0.010041999999998552,star
0.1670000000000016,-0.2630000000000017,-0.24399999999999977,-0.24399999999999977,wd
1.3675329999999981,0.5305540000000022,0.20779899999999785,0.02652800000000255,star
0.9130149999999979,0.27290800000000104,0.07297900000000013,0.039220000000000255,star
0.05699999999999861,0.3619999999999983,0.05799999999999983,0.10500000000000043,qso
0.402000000000001,-0.29900000000000304,-0.14199999999999946,-0.021999999999998465,wd
0.2710000000000008,0.03399999999999892,-0.08099999999999952,0.13599999999999923,qso
1.1943249999999992,0.35744299999999996,0.1329020000000014,0.018672999999999718,star
0.6989999999999981,0.16900000000000048,0.33399999999999963,0.1490000000000009,qso
0.11000000000000298,0.11299999999999955,0.2010000000000005,0.24599999999999866,qso
1.8519760000000005,0.7222519999999975,0.26245500000000277,0.1694369999999985,star
1.7947389999999999,0.6403269999999992,0.3207020000000007,0.0720559999999999,star
1.3804070000000017,0.4953310000000002,0.17888600000000032,0.07003399999999971,star
-0.02699999999999747,-0.3880000000000017,-0.34199999999999875,-0.5459999999999994,wd
1.5880660000000013,0.6250709999999984,0.23096299999999914,0.0871200000000023,star
1.0922620000000016,0.4031539999999989,0.15322100000000027,0.07255199999999995,star
0.36699999999999733,0.21100000000000207,0.7480000000000011,0.482999999999997,wd
-0.06099999999999994,0.047999999999998266,-0.054999999999999716,0.4789999999999992,qso
1.3198019999999993,0.5483200000000004,0.23135600000000167,0.09211699999999823,star
1.3205449999999992,0.5363330000000026,0.19020999999999866,0.10124000000000066,star
1.154,0.9220000000000006,1.1869999999999976,0.6479999999999997,wd
0.9620890000000024,0.4263439999999985,0.1681399999999993,0.0721500000000006,star
-0.43599999999999994,-0.46799999999999997,-0.37900000000000134,-0.36299999999999955,wd
-0.490000000000002,-0.39000000000000057,-0.05299999999999727,0.053999999999998494,wd
0.9403009999999998,0.29416499999999957,0.035662000000000305,0.0022380000000001843,star
2.3461929999999995,0.9790139999999994,0.4104060000000018,0.15561399999999992,star
-0.1039999999999992,-0.402000000000001,-0.3569999999999993,-0.254999999999999,wd
1.8870339999999999,0.6818519999999992,0.26556200000000274,0.10243099999999927,star
0.36799999999999855,0.23799999999999955,0.21199999999999974,0.23400000000000176,qso
0.38599999999999923,-0.12899999999999778,-0.13599999999999923,-0.277000000000001,wd
0.10500000000000043,-0.3710000000000022,-0.28200000000000003,-0.38700000000000045,wd
0.21599999999999753,0.02400000000000091,0.2680000000000007,0.33899999999999864,qso
1.6861759999999997,0.6631850000000021,0.22182499999999905,0.13485899999999873,star
1.1826439999999998,0.42439800000000005,0.11324899999999971,0.05013299999999887,star
0.12400000000000233,0.038999999999997925,0.25400000000000134,0.23900000000000077,qso
-0.13700000000000045,0.3769999999999989,0.0519999999999996,-0.11199999999999832,qso
1.0124689999999976,0.4929290000000002,0.17957800000000113,-0.055490000000000705,star
0.41499999999999915,-0.04299999999999926,-0.07000000000000028,-0.26699999999999946,wd
0.05100000000000193,0.26599999999999824,0.052000000000003155,-0.20200000000000173,qso
1.8240130000000008,0.6730289999999997,0.2016600000000004,0.08841599999999872,star
-0.2240000000000002,-0.2530000000000001,-0.013999999999999346,0.2690000000000019,wd
2.0131440000000005,0.7767029999999995,0.29094899999999946,0.13726899999999986,star
-0.011000000000002785,-0.26899999999999835,-0.33399999999999963,-0.1700000000000017,wd
0.16600000000000037,0.07600000000000051,0.24399999999999977,0.047999999999998266,qso
0.4299999999999997,0.1039999999999992,-0.15800000000000125,0.3420000000000023,qso
1.259767,0.5065899999999992,0.18260800000000188,0.032394000000000034,star
0.09100000000000108,-0.04400000000000048,0.20200000000000173,0.02699999999999747,qso
0.4460000000000015,-0.15600000000000236,-0.21199999999999974,-0.2710000000000008,wd
0.934035999999999,0.21876899999999821,0.07497200000000248,0.04330099999999959,star
0.570999999999998,-0.03399999999999892,0.028999999999999915,0.1039999999999992,wd
0.42499999999999716,0.021000000000000796,-0.05600000000000094,-0.12899999999999778,wd
0.42600000000000193,-0.015000000000000568,0.021000000000000796,0.22299999999999898,qso
0.26899999999999835,0.09299999999999997,-0.07399999999999807,-0.1650000000000027,wd
0.16600000000000037,-0.16100000000000136,-0.14899999999999736,-0.3260000000000005,wd
1.3259860000000003,0.5594849999999987,0.16698099999999982,0.08392700000000275,star
0.11799999999999855,0.18599999999999994,0.18100000000000094,-0.16300000000000026,qso
2.2732790000000023,0.9412330000000004,0.35780499999999904,0.12714300000000023,star
2.629669,1.3095230000000022,0.5981649999999981,0.28757700000000064,star
-0.23000000000000043,-0.4989999999999988,-0.36599999999999966,-0.21799999999999997,wd
0.9112249999999982,0.38390500000000216,0.13484799999999808,0.051591999999999416,star
0.652000000000001,-0.01600000000000179,-0.125,-0.1509999999999998,wd
1.0744349999999994,0.3806940000000001,0.12024700000000088,0.05432199999999909,star
1.1892440000000022,0.4561460000000004,0.14982200000000034,0.05616799999999955,star
1.8892209999999992,0.566943000000002,0.42740599999999773,0.21757900000000063,star
0.8999999999999986,0.8550000000000004,1.2560000000000002,0.7910000000000004,wd
0.357999999999997,-0.29999999999999716,-0.30799999999999983,0.17599999999999838,wd
0.35900000000000176,-0.18799999999999883,-0.5210000000000008,-0.0019999999999988916,wd
0.09100000000000108,0.26200000000000045,0.16999999999999815,0.08000000000000185,qso
0.10299999999999798,0.0019999999999988916,0.15800000000000125,0.06500000000000128,qso
0.14599999999999724,-0.04399999999999693,0.2859999999999978,0.05100000000000193,qso
-0.015999999999998238,0.23999999999999844,-0.02499999999999858,-0.15500000000000114,qso
0.1440000000000019,0.0990000000000002,0.24899999999999878,0.08500000000000085,qso
0.8170000000000002,1.0410000000000004,0.8780000000000001,0.5090000000000003,wd
0.402000000000001,0.2069999999999972,0.053000000000000824,-0.09499999999999886,wd
1.6730920000000005,0.7163940000000011,0.347372,0.14244099999999804,star
0.26699999999999946,-0.0519999999999996,-0.10899999999999999,-0.16000000000000014,wd
0.41100000000000136,-0.20400000000000063,-0.22500000000000142,-0.24200000000000088,wd
0.3329999999999984,0.07600000000000051,0.1460000000000008,-0.12700000000000244,qso
-0.5459999999999994,0.1479999999999997,-0.27800000000000225,-0.4819999999999993,wd
2.1032179999999983,0.9001809999999999,0.2683940000000007,0.24209000000000103,star
2.584061000000002,1.236929,0.5612139999999997,0.3100499999999986,star
-0.397000000000002,-0.49299999999999855,-0.39000000000000057,-0.4989999999999988,wd
1.153331999999999,0.41405400000000014,0.1293020000000027,0.05898999999999788,star
-0.14500000000000313,0.08699999999999974,0.37900000000000134,-0.01699999999999946,qso
0.35300000000000153,-0.2630000000000017,-0.29199999999999804,-0.15800000000000125,wd
-0.2469999999999999,-0.4870000000000019,-0.35199999999999676,-0.2740000000000009,wd
1.3003180000000008,0.48706100000000063,0.1904849999999989,-0.009321999999999164,star
-0.003999999999997783,0.13799999999999812,-0.09299999999999997,0.13899999999999935,qso
1.0782200000000017,0.38016700000000014,0.14115899999999826,0.0036610000000010245,star
1.2700099999999992,0.4999260000000021,0.16292899999999833,0.08820800000000162,star
1.196007999999999,0.4753740000000022,0.1732789999999973,0.019102000000000174,star
0.43599999999999994,-0.0030000000000001137,-0.10700000000000287,-0.06400000000000006,wd
0.29799999999999827,0.06800000000000139,-0.09799999999999898,0.0329999999999977,qso
2.210203,1.0012839999999983,0.3895930000000014,0.16400299999999746,star
0.18100000000000094,0.1509999999999998,-0.07600000000000051,0.0940000000000012,qso
0.13299999999999912,0.10699999999999932,0.20900000000000318,0.11899999999999977,qso
0.013999999999999346,0.19399999999999906,-0.13299999999999912,-0.04200000000000159,qso
2.403889000000003,0.9913609999999977,0.3583420000000004,0.2159310000000012,star
0.3769999999999989,-0.18900000000000006,-0.23199999999999932,-0.22299999999999898,wd
0.08000000000000185,-0.370000000000001,-0.24200000000000088,0.245000000000001,wd
2.111687,0.8200849999999988,0.277215,0.15320299999999953,star
-0.29299999999999926,-0.48799999999999955,-0.33200000000000074,-0.31700000000000017,wd
1.8738020000000013,0.7567479999999982,0.29065299999999894,0.14494200000000035,star
1.0959800000000008,0.34413999999999945,0.12351899999999993,0.07693500000000064,star
-0.13599999999999923,-0.34299999999999997,-0.30200000000000315,-0.21999999999999886,wd
1.7146340000000002,0.6167219999999993,0.21464899999999965,0.12371399999999966,star
2.245113,0.9546020000000013,0.31020000000000003,0.18832100000000018,star
2.245049999999999,0.9832340000000013,0.37079400000000007,0.17463500000000032,star
0.014999999999997016,0.11299999999999955,0.35800000000000054,0.2940000000000005,qso
0.46699999999999875,0.045999999999999375,-0.030999999999998806,-0.004000000000001336,wd
0.14499999999999957,-0.15700000000000003,-0.11200000000000188,0.043000000000002814,qso
1.5895599999999988,0.6324559999999995,0.27021099999999976,0.12002700000000033,star
2.0486299999999993,0.8016110000000012,0.3146589999999989,0.21233700000000155,star
0.5940000000000012,0.009000000000000341,0.04400000000000048,0.1999999999999993,qso
2.587429,1.454381999999999,0.7582200000000014,0.4153249999999993,star
0.9639999999999986,0.7119999999999997,0.3100000000000023,0.4759999999999991,qso
1.9789679999999983,0.7891750000000002,0.22032199999999946,0.13322000000000145,star
0.21099999999999852,-0.0589999999999975,0.23999999999999844,-0.053999999999998494,qso
0.09499999999999886,0.06700000000000017,0.2759999999999998,0.12400000000000233,qso
0.4469999999999992,-0.2029999999999994,-0.20700000000000074,-0.38700000000000045,wd
1.183648999999999,0.4078140000000019,0.19678299999999993,0.07964199999999977,star
0.17499999999999716,0.2640000000000029,0.26399999999999935,0.09600000000000009,qso
0.36599999999999966,-0.062000000000001165,-0.11400000000000077,-0.4859999999999971,wd
0.4759999999999991,0.06500000000000128,-0.10999999999999943,0.21499999999999986,qso
0.4629999999999974,-0.12199999999999989,-0.18599999999999994,-0.26699999999999946,wd
0.4549999999999983,-0.23799999999999955,-0.2079999999999984,-0.3360000000000021,wd
0.3340000000000032,0.045999999999999375,0.22100000000000009,0.030999999999998806,qso
0.28600000000000136,0.1509999999999998,0.2989999999999995,0.019999999999999574,qso
0.4039999999999999,-0.1700000000000017,-0.23999999999999844,-0.15500000000000114,wd
0.3550000000000004,0.31099999999999994,0.35600000000000165,0.08799999999999741,qso
0.1839999999999975,0.4180000000000028,0.10199999999999676,-0.08799999999999741,qso
0.22100000000000009,0.08099999999999952,0.21199999999999974,-0.03999999999999915,qso
0.14499999999999957,0.09700000000000131,0.01899999999999835,-0.10300000000000153,qso
0.142000000000003,0.6579999999999977,0.2029999999999994,-0.0019999999999988916,qso
2.5175889999999974,1.316079000000002,0.7263419999999989,0.3679439999999996,star
0.43700000000000117,0.2710000000000008,0.1739999999999995,0.1739999999999995,qso
0.41799999999999926,-0.26399999999999935,-0.2779999999999987,-0.2480000000000011,wd
0.3099999999999987,0.14300000000000068,0.2430000000000021,0.006000000000000227,qso
0.05699999999999861,0.40700000000000003,0.48799999999999955,0.21799999999999997,qso
1.0260250000000006,0.31664900000000173,0.16379199999999727,0.03486000000000189,star
0.4670000000000023,0.12199999999999989,0.5350000000000001,0.6999999999999993,wd
0.09599999999999653,-0.054999999999999716,-0.07499999999999929,-0.21799999999999997,wd
0.6620000000000026,0.28500000000000014,0.09799999999999898,0.07900000000000063,qso
0.10700000000000287,-0.2710000000000008,-0.25700000000000145,-0.16300000000000026,wd
0.2710000000000008,0.18299999999999983,0.21300000000000097,-0.0010000000000012221,qso
1.2961939999999998,0.5227070000000005,0.21425800000000095,0.0859419999999993,star
1.4850309999999993,0.5437600000000007,0.1868610000000004,0.05255899999999869,star
0.913055,0.30283000000000015,0.10194999999999865,0.0025820000000003063,star
0.16000000000000014,0.08799999999999741,0.12600000000000122,0.17999999999999972,qso
0.054999999999999716,-0.27399999999999736,-0.2630000000000017,-0.13400000000000034,wd
-0.1529999999999987,0.2690000000000019,0.07099999999999795,0.03999999999999915,qso
0.6140000000000008,0.5729999999999968,0.45800000000000196,0.352999999999998,wd
1.0637510000000017,0.35379999999999967,0.13935900000000068,0.10784299999999902,star
1.1508140000000004,0.4073810000000009,0.17087499999999878,-0.004372999999997518,star
0.38500000000000156,0.09799999999999898,-0.03399999999999892,-0.1180000000000021,wd
0.3359999999999985,0.11700000000000088,-0.027000000000001023,0.2140000000000022,qso
0.5240000000000009,-0.15300000000000225,-0.18099999999999739,-0.12600000000000122,wd
0.4519999999999982,-0.09499999999999886,-0.13899999999999935,0.01699999999999946,wd
0.27800000000000225,-0.23000000000000043,-0.365000000000002,0.19900000000000162,wd
1.0779999999999994,0.19700000000000273,0.13700000000000045,0.036999999999999034,qso
0.2970000000000006,-0.2740000000000009,-0.28699999999999903,-0.40800000000000125,wd
0.3569999999999993,-0.07699999999999818,0.26599999999999824,0.37400000000000233,qso
0.1769999999999996,-0.27199999999999847,-0.2430000000000021,-0.4269999999999996,wd
0.28100000000000236,0.14199999999999946,0.16499999999999915,0.0030000000000001137,qso
1.3669400000000032,0.4099769999999978,0.15335699999999974,0.08182100000000148,star
2.444008,1.109064,0.5059830000000005,0.2335749999999983,star
-0.28999999999999915,-0.44399999999999906,-0.35800000000000054,-0.15800000000000125,wd
0.963751000000002,0.2749309999999987,0.10387400000000113,0.019193999999998823,star
2.678359999999998,1.3237270000000017,0.5923539999999985,0.3031260000000007,star
-0.3520000000000003,-0.4220000000000006,-0.3999999999999986,-0.3509999999999991,wd
0.3150000000000013,-0.08000000000000185,-0.18799999999999883,-0.13599999999999923,wd
2.29289,0.9089670000000023,0.33533100000000005,0.17656799999999961,star
0.370000000000001,0.16799999999999926,-0.010000000000001563,0.15600000000000236,qso
1.200089000000002,0.43374999999999986,0.17077399999999798,0.0856860000000026,star
1.9864449999999998,0.7952750000000002,0.29606500000000047,0.1857319999999998,star
-0.2140000000000022,-0.4789999999999992,-0.25900000000000034,-0.44099999999999895,wd
1.1692549999999997,0.4247809999999994,0.1791349999999987,0.028494000000002018,star
-0.13899999999999935,-0.4450000000000003,-0.36100000000000065,-0.3019999999999996,wd
2.291260000000001,0.866988000000001,0.3030980000000003,0.11511899999999997,star
0.13899999999999935,-0.0990000000000002,-0.2559999999999967,0.0009999999999976694,wd
1.5360949999999995,0.5602920000000005,0.1883689999999998,0.09272300000000122,star
0.008000000000002672,-0.08200000000000074,0.1960000000000015,0.24199999999999733,qso
1.0455480000000001,0.35094400000000014,0.1402279999999987,0.0446749999999998,star
0.33699999999999974,-0.22800000000000153,-0.2339999999999982,-0.27800000000000225,wd
1.2292819999999995,0.44899999999999984,0.08155600000000085,0.06109700000000018,star
1.2045339999999989,0.4487649999999981,0.1891820000000024,0.025252999999999304,star
0.9637079999999987,0.35935199999999945,0.0715590000000006,0.029263999999999513,star
0.0940000000000012,0.11199999999999832,0.370000000000001,0.10200000000000031,qso
0.11199999999999832,-0.33899999999999864,-0.25,-0.2839999999999989,wd
0.5850000000000009,0.15800000000000125,0.14000000000000057,0.006999999999997897,wd
0.14300000000000068,0.28000000000000114,0.2569999999999979,0.2630000000000017,qso
1.9586079999999981,0.7771480000000004,0.3285499999999999,0.14295400000000136,star
0.4670000000000023,0.06700000000000017,0.16699999999999804,0.11299999999999955,qso
0.9250280000000011,0.304276999999999,0.28204000000000207,-0.09403100000000109,star
0.2799999999999976,-0.0009999999999976694,-0.22800000000000153,0.11500000000000199,qso
0.3309999999999995,-0.03999999999999915,0.09699999999999775,-0.10699999999999932,qso
1.4535410000000013,0.5806709999999988,0.22615000000000052,0.12444699999999997,star
2.3982029999999988,0.9994900000000015,0.38160999999999845,0.1095480000000002,star
1.295969000000003,0.5043269999999982,0.15802600000000133,0.035793999999999215,star
-0.07199999999999918,-0.2530000000000001,-0.2740000000000009,-0.22100000000000009,wd
0.42900000000000205,-0.22900000000000276,-0.19399999999999906,-0.23499999999999943,wd
0.43599999999999994,-0.15700000000000003,-0.15899999999999892,-0.2469999999999999,wd
2.4505690000000016,1.0820539999999994,0.3978180000000009,0.22853999999999886,star
-0.19299999999999784,-0.33200000000000074,-0.3290000000000006,-0.3410000000000011,wd
0.4510000000000005,0.2049999999999983,0.23100000000000165,0.1529999999999987,qso
0.4250000000000007,0.07499999999999929,0.2729999999999997,0.125,qso
0.33999999999999986,-0.2569999999999979,-0.2190000000000012,-0.17800000000000082,wd
0.35999999999999943,0.0259999999999998,-0.10200000000000031,-0.12099999999999866,wd
0.272000000000002,0.14599999999999724,-0.038999999999997925,0.20199999999999818,qso
1.049823,0.397431000000001,0.12912699999999688,0.14704300000000003,star
-0.14399999999999835,-0.3260000000000005,-0.2660000000000018,-0.4869999999999983,wd
1.9315719999999992,0.7059040000000003,0.2657530000000019,0.13452799999999954,star
1.3376850000000005,0.5460169999999991,0.18047499999999772,0.05682600000000093,star
0.0259999999999998,0.21699999999999875,0.23300000000000054,-0.08699999999999974,qso
0.17999999999999972,0.15800000000000125,0.16399999999999793,0.19200000000000017,qso
0.8707160000000016,0.26392600000000144,0.07706599999999852,-0.002394999999999925,star
1.251068,0.4555659999999975,0.14394000000000062,0.0469779999999993,star
0.33800000000000097,0.28500000000000014,0.4480000000000004,0.13100000000000023,qso
1.4469090000000016,0.5808509999999991,0.19194200000000095,0.049664999999997406,star
0.19200000000000017,0.259999999999998,-0.012999999999998124,0.11599999999999966,qso
0.08600000000000207,0.25299999999999656,0.0400000000000027,-0.0259999999999998,qso
-0.2789999999999999,-0.35999999999999943,-0.36499999999999844,-0.30400000000000205,wd
1.800177999999999,0.7264470000000003,0.21994800000000048,0.15189999999999948,star
-0.16799999999999926,-0.375,-0.23999999999999844,-0.2950000000000017,wd
1.2705710000000003,0.45074400000000026,0.21778099999999867,0.04980700000000127,star
-0.30299999999999727,-0.4120000000000026,-0.31099999999999994,-0.34199999999999875,wd
0.34599999999999653,-0.055999999999997385,0.1269999999999989,0.0010000000000012221,qso
1.2737079999999992,0.5239890000000003,0.2189160000000001,0.07736799999999988,star
0.036999999999999034,0.277000000000001,0.06300000000000239,0.014999999999997016,qso
-0.17900000000000205,-0.26599999999999824,-0.33200000000000074,-0.21399999999999864,wd
0.7469999999999999,0.2890000000000015,0.05699999999999861,0.3049999999999997,qso
0.15199999999999747,-0.01799999999999713,0.20099999999999696,0.04200000000000159,qso
0.20700000000000074,-0.11899999999999977,0.2259999999999991,0.2010000000000005,qso
2.338599000000002,0.986031999999998,0.37978800000000135,0.1798029999999997,star
0.980086,0.4036079999999984,0.12168700000000143,-0.38699000000000083,star
1.271879000000002,0.44561999999999813,0.16653499999999966,0.059006000000000114,star
0.15300000000000225,0.17099999999999937,0.25099999999999767,0.052000000000003155,qso
0.4450000000000003,0.21600000000000108,0.08299999999999841,-0.055999999999997385,wd
0.27099999999999724,0.13400000000000034,0.240000000000002,0.3689999999999998,qso
0.41699999999999804,-0.028999999999999915,-0.09299999999999997,-0.18900000000000006,wd
0.08800000000000097,0.0519999999999996,0.13200000000000145,0.26899999999999835,qso
1.0644019999999976,0.4001310000000018,0.23680099999999982,0.12441799999999859,star
0.03399999999999892,-0.10800000000000054,0.2049999999999983,-0.31299999999999883,qso
0.2359999999999971,0.4190000000000005,0.07600000000000051,0.022999999999999687,qso
0.07600000000000051,-0.10999999999999943,0.34999999999999787,0.12199999999999989,qso
0.19500000000000028,-0.07000000000000028,0.02500000000000213,0.26099999999999923,wd
0.6189999999999998,0.2010000000000005,0.11700000000000088,0.29799999999999827,qso
0.27600000000000335,0.047999999999998266,0.1750000000000007,-0.13200000000000145,qso
1.2728029999999997,0.4312630000000013,0.14247899999999802,-0.07969899999999797,star
0.22500000000000142,-0.05900000000000105,-0.09799999999999898,-0.1180000000000021,wd
-0.05699999999999861,-0.3030000000000008,-0.21099999999999852,0.01699999999999946,wd
0.39399999999999835,0.05999999999999872,-0.006000000000000227,-0.14399999999999835,wd
0.13599999999999923,0.38899999999999935,0.05600000000000094,-0.13899999999999935,wd
0.13899999999999935,-0.3149999999999977,-0.2510000000000012,-0.30799999999999983,wd
0.12799999999999656,0.33500000000000085,0.272000000000002,0.2530000000000001,qso
-0.04100000000000037,-0.33200000000000074,-0.2920000000000016,-0.4529999999999994,wd
1.6463889999999992,0.6018380000000008,0.23573100000000125,0.1033319999999982,star
0.5740000000000016,0.48600000000000065,0.20399999999999707,0.12600000000000122,qso
1.1326199999999993,0.43030400000000313,0.13337299999999885,0.050622999999998086,star
1.6267679999999984,0.6408899999999988,0.2681670000000018,0.16970299999999838,star
0.4590000000000032,-0.1700000000000017,0.1700000000000017,-0.19500000000000028,wd
1.9425929999999987,0.7471850000000018,0.2602039999999981,0.13618900000000167,star
0.21199999999999974,0.015000000000000568,0.3219999999999992,0.04800000000000182,qso
-0.4949999999999992,-0.4800000000000004,-0.359,-0.35300000000000153,wd
0.29299999999999926,-0.2959999999999994,-0.2809999999999988,-0.2940000000000005,wd
0.4800000000000004,0.06999999999999673,0.25200000000000244,-0.20500000000000185,qso
0.05099999999999838,-0.2579999999999991,-0.18799999999999883,-0.15000000000000213,wd
0.3879999999999981,-0.1280000000000001,-0.11499999999999844,-0.23799999999999955,wd
0.2680000000000007,-0.054999999999999716,0.11499999999999844,0.2220000000000013,qso
0.08199999999999719,0.28300000000000125,0.0,-0.129999999999999,qso
0.012999999999998124,0.14700000000000202,0.1609999999999978,0.21499999999999986,qso
0.14700000000000202,0.06899999999999906,0.31700000000000017,0.1460000000000008,qso
0.3309999999999995,0.036000000000001364,0.1720000000000006,0.004999999999999005,qso
0.14299999999999713,0.17900000000000205,0.21000000000000085,-0.2190000000000012,qso
0.09799999999999898,0.07499999999999929,0.21999999999999886,0.028000000000002245,qso
-0.12899999999999778,-0.365000000000002,-0.3000000000000007,-0.31599999999999895,wd
0.2519999999999989,-0.09600000000000009,0.2900000000000027,0.49099999999999966,qso
0.2809999999999988,-0.2099999999999973,-0.30400000000000205,-0.32399999999999807,wd
1.1447199999999995,0.49794999999999945,0.23362700000000203,0.11739299999999986,star
1.1493329999999986,0.4203670000000006,0.15026399999999995,0.0951909999999998,star
0.48799999999999955,-0.16199999999999903,-0.18700000000000117,-0.23300000000000054,wd
1.1021220000000014,0.35156399999999977,0.12063399999999902,0.032419000000000864,star
0.19900000000000162,0.0779999999999994,0.08299999999999841,0.26000000000000156,qso
0.4700000000000024,-0.036000000000001364,-0.05000000000000071,-0.14999999999999858,qso
1.2317180000000008,0.5540780000000005,0.1426639999999999,0.045253000000000654,star
0.1960000000000015,0.16600000000000037,0.16999999999999815,-0.13899999999999935,qso
-0.08899999999999864,-0.26000000000000156,-0.26799999999999713,0.09099999999999753,wd
1.4025689999999997,0.4859870000000015,0.18955199999999905,0.11515999999999948,star
1.0092250000000007,0.3808710000000026,0.13044199999999861,0.028670999999999225,star
0.3739999999999988,-0.03999999999999915,-0.18100000000000094,-0.35600000000000165,wd
0.3680000000000021,0.125,0.10899999999999821,0.2560000000000002,qso
0.09299999999999997,-0.347999999999999,-0.21499999999999986,-0.41100000000000136,wd
0.10699999999999932,0.2240000000000002,-0.09600000000000009,0.029999999999997584,qso
-0.1319999999999979,-0.277000000000001,-0.28100000000000236,-0.07899999999999707,wd
0.3450000000000024,-0.23700000000000188,-0.2069999999999972,0.010999999999999233,wd
0.3789999999999978,-0.19099999999999895,-0.05099999999999838,0.08299999999999841,wd
1.3295510000000004,0.46573500000000045,0.1883739999999996,0.07931799999999889,star
0.06299999999999883,-0.41499999999999915,-0.1559999999999988,-0.0779999999999994,wd
2.1526580000000024,0.9709569999999985,0.37768700000000166,0.19802299999999917,star
0.17999999999999972,0.1559999999999988,-0.120000000000001,-0.04499999999999815,qso
1.0252049999999997,0.31354599999999877,0.13055600000000211,0.016860999999998683,star
1.3323859999999996,0.5378819999999997,0.1817479999999989,0.0718740000000011,star
0.5159999999999982,-0.0940000000000012,0.011000000000002785,0.11899999999999977,qso
0.9524600000000021,0.3735350000000004,0.16506199999999893,0.027830000000001576,star
0.4690000000000012,-0.18000000000000327,-0.23699999999999832,0.125,wd
1.135593,0.19380600000000214,0.10120799999999974,-0.10851100000000002,star
0.397000000000002,-0.23900000000000077,-0.1650000000000027,-0.21199999999999974,wd
1.0123500000000014,0.4023109999999974,0.17883899999999997,0.05641600000000224,star
-0.007999999999999119,-0.22500000000000142,-0.18599999999999994,-0.3039999999999985,wd
0.31400000000000006,0.21000000000000085,0.40199999999999747,-0.1769999999999996,qso
-0.04099999999999682,-0.38200000000000145,-0.29100000000000037,-0.3739999999999988,wd
0.389999999999997,0.07700000000000173,0.18599999999999994,0.18499999999999872,qso
0.13899999999999935,0.03999999999999915,0.2240000000000002,-0.07600000000000051,qso
2.408391999999999,0.9232769999999988,0.3312260000000009,0.1356269999999995,star
0.134999999999998,0.07600000000000051,0.1460000000000008,-0.0710000000000015,qso
0.5,0.04199999999999804,-0.038999999999997925,-0.019999999999999574,wd
-0.2010000000000005,0.3440000000000012,0.08399999999999963,-0.11599999999999966,qso
1.312728,0.5442619999999998,0.17519000000000062,0.040445999999999316,star
0.2950000000000017,-0.26699999999999946,-0.18100000000000094,-0.3990000000000009,wd
0.41000000000000014,0.23899999999999721,0.10700000000000287,0.10799999999999699,qso
0.5560000000000009,0.14099999999999824,0.019000000000001904,0.013999999999999346,wd
0.6699999999999982,0.2270000000000003,-0.13100000000000023,0.26399999999999935,wd
0.8382129999999997,0.26992199999999755,0.15033100000000132,0.015119999999999578,star
1.1190460000000009,0.3963940000000008,0.14732000000000056,0.03200000000000003,star
1.5677510000000012,0.6348990000000008,0.22488799999999998,0.06879599999999897,star
0.9764099999999978,0.22727000000000075,0.10730000000000217,-0.020138000000002876,star
0.25900000000000034,0.1819999999999986,0.347999999999999,0.1720000000000006,qso
0.08099999999999952,0.31700000000000017,0.03900000000000148,-0.23799999999999955,qso
0.4529999999999994,-0.2510000000000012,-0.18299999999999983,-0.28200000000000003,wd
0.6670000000000016,0.047999999999998266,0.038000000000000256,0.24099999999999966,qso
0.35800000000000054,0.045000000000001705,0.04199999999999804,0.25500000000000256,qso
0.4519999999999982,0.08900000000000219,-0.0010000000000012221,-0.10200000000000031,wd
0.647000000000002,0.03200000000000003,0.06299999999999883,0.036999999999999034,qso
0.39199999999999946,-0.3880000000000017,0.35999999999999943,-0.20599999999999952,qso
1.319390000000002,0.4545339999999989,0.16610700000000023,0.05355899999999991,star
0.2120000000000033,-0.038000000000000256,-0.1440000000000019,0.2259999999999991,qso
2.249296000000001,0.9344539999999988,0.3559420000000024,0.23443400000000025,star
0.3309999999999995,0.6340000000000003,0.7340000000000018,0.3999999999999986,wd
0.34199999999999875,-0.0030000000000001137,-0.028999999999999915,-0.045999999999999375,wd
0.42600000000000193,0.07600000000000051,0.26599999999999824,0.3290000000000006,qso
0.10000000000000142,0.23199999999999932,0.2950000000000017,0.18599999999999994,qso
0.254999999999999,-0.0070000000000014495,0.017000000000003013,0.509999999999998,qso
1.5632920000000006,0.5737349999999974,0.323442,0.13593400000000067,star
0.060000000000002274,-0.4140000000000015,-0.2699999999999996,-0.40700000000000003,wd
0.43599999999999994,-0.28699999999999903,-0.1960000000000015,-0.23300000000000054,wd
0.07900000000000063,0.23400000000000176,0.07899999999999707,-0.004999999999999005,qso
0.20899999999999963,-0.0019999999999988916,-0.30100000000000193,0.045999999999999375,wd
0.08299999999999841,0.24099999999999966,-0.038000000000000256,0.36400000000000077,qso
-0.08200000000000074,0.30799999999999983,-0.006000000000000227,-0.045000000000001705,qso
0.5470000000000006,-0.2010000000000005,-0.16599999999999682,-0.05100000000000193,wd
1.028925000000001,0.425179,0.18430100000000138,0.06348399999999899,star
0.125,-0.2889999999999979,-0.2900000000000027,-0.26599999999999824,wd
0.07699999999999818,0.1390000000000029,-0.11299999999999955,-0.04400000000000048,qso
1.1389470000000017,0.4029519999999991,0.13312699999999822,0.0404839999999993,star
2.370834000000002,1.0690329999999992,0.3882189999999994,0.21614100000000036,star
0.44200000000000017,0.31200000000000117,0.29100000000000037,0.013999999999999346,qso
0.34399999999999764,0.02500000000000213,-0.0990000000000002,-0.0710000000000015,wd
0.12899999999999778,0.22000000000000242,-0.021000000000000796,-0.03300000000000125,qso
1.1742440000000016,0.46560899999999883,0.21609999999999907,0.04127599999999987,star
1.0266149999999996,0.415576999999999,0.16375900000000243,-0.035232000000000596,star
0.21000000000000085,-0.30700000000000216,-0.21499999999999986,-0.2859999999999978,wd
0.19000000000000128,0.24099999999999966,0.28200000000000003,0.34199999999999875,qso
0.9842620000000011,0.41058900000000165,0.1982539999999986,0.03476699999999866,star
0.38200000000000145,0.05999999999999872,-0.05099999999999838,-0.11700000000000088,wd
0.9854759999999985,0.3299120000000002,0.11516200000000154,-0.018260999999998972,star
-0.17800000000000082,-0.41000000000000014,-0.32700000000000173,-0.3349999999999973,wd
0.8999999999999986,0.8550000000000004,1.2560000000000002,0.7910000000000004,wd
0.4529999999999994,-0.0009999999999976694,0.12099999999999866,0.08899999999999864,qso
1.5319820000000028,0.6332069999999987,0.29062700000000063,0.12814699999999846,star
0.3619999999999983,0.5330000000000013,0.37099999999999866,0.21499999999999986,qso
-0.004000000000001336,-0.42199999999999704,-0.28800000000000026,-0.2680000000000007,wd
0.08800000000000097,-0.18900000000000006,0.006000000000000227,0.07399999999999984,qso
2.2535269999999983,0.8423569999999998,0.3433380000000028,0.19527699999999726,star
0.3949999999999996,0.36299999999999955,0.04400000000000048,0.11100000000000065,qso
1.1477369999999993,0.34311500000000095,0.16942599999999786,0.051643000000002104,star
0.3990000000000009,0.12300000000000111,0.019999999999999574,-0.14000000000000057,wd
0.24200000000000088,0.0030000000000001137,0.43900000000000006,0.18799999999999883,qso
-0.11700000000000088,-0.3829999999999991,-0.36100000000000065,-0.2289999999999992,wd
0.45899999999999963,0.40300000000000225,0.9599999999999973,0.6430000000000007,wd
0.2740000000000009,-0.004000000000001336,0.18799999999999883,-0.2469999999999999,qso
0.5059999999999967,-0.14399999999999835,-0.08500000000000085,0.06400000000000006,wd
0.2970000000000006,-0.2950000000000017,-0.2560000000000002,-0.053999999999998494,wd
1.6201879999999989,0.673254,0.2641279999999995,0.1045240000000014,star
0.3290000000000006,0.23499999999999943,0.3379999999999974,0.36400000000000077,qso
0.18299999999999983,0.392000000000003,0.16000000000000014,0.030999999999998806,qso
0.01600000000000179,0.26699999999999946,-0.038000000000000256,0.6449999999999996,qso
0.6469999999999985,-0.0519999999999996,-0.08099999999999952,-0.347999999999999,wd
0.4450000000000003,0.12399999999999878,0.5,0.690999999999999,wd
1.1617869999999968,0.3948020000000021,0.16148000000000096,0.006439000000000306,star
0.18500000000000227,0.21499999999999986,0.16499999999999915,0.028999999999999915,qso
0.26899999999999835,0.03500000000000014,-0.11599999999999966,-0.0519999999999996,wd
0.1440000000000019,-0.2480000000000011,-0.2680000000000007,-0.1529999999999987,wd
0.10299999999999798,0.018000000000000682,0.18700000000000117,-0.045999999999999375,qso
1.1678370000000022,0.447298,0.16582099999999755,0.05347100000000182,star
0.4839999999999982,-0.009000000000000341,-0.07099999999999795,-0.0660000000000025,wd
-0.21600000000000108,-0.41300000000000026,-0.31299999999999883,-0.347999999999999,wd
0.02500000000000213,-0.3260000000000005,-0.25400000000000134,-0.3200000000000003,wd
0.31200000000000117,0.13799999999999812,0.11899999999999977,0.3760000000000012,qso
0.19899999999999807,0.1999999999999993,0.16000000000000014,0.09800000000000253,qso
0.3910000000000018,0.11899999999999977,0.24399999999999977,-0.05999999999999872,qso
0.2049999999999983,0.06500000000000128,0.04100000000000037,0.06899999999999906,qso
2.1872250000000015,0.8685360000000006,0.36845899999999965,0.1251440000000006,star
0.01600000000000179,0.03300000000000125,0.28500000000000014,-0.11100000000000065,qso
0.38700000000000045,-0.06599999999999895,-0.04900000000000304,-0.046999999999997044,wd
2.7785629999999983,1.2369500000000002,0.5223630000000004,0.27698299999999954,star
1.795334999999998,0.6604750000000017,0.410933,0.1139790000000005,star
0.3450000000000024,0.02499999999999858,0.5530000000000008,0.5829999999999984,wd
0.34299999999999997,-0.2530000000000001,-0.26399999999999935,-0.3460000000000001,wd
0.021000000000000796,0.06999999999999673,0.15700000000000003,0.16900000000000048,qso
0.3299999999999983,0.1650000000000027,0.32099999999999795,0.3539999999999992,qso
2.452245999999999,1.086672,0.3894139999999986,0.1863170000000025,star
0.08999999999999986,0.14099999999999824,-0.08500000000000085,0.4230000000000018,qso
0.17400000000000304,0.41899999999999693,0.21499999999999986,0.25500000000000256,qso
0.30600000000000094,0.04499999999999815,0.21499999999999986,0.05700000000000216,qso
0.4640000000000022,-0.08099999999999952,0.1559999999999988,-0.09600000000000009,qso
1.864103,0.6781449999999971,0.2262650000000015,0.12047500000000078,star
1.9923140000000004,0.798176999999999,0.29339299999999824,0.16610800000000125,star
1.2510100000000008,0.45522699999999716,0.18253200000000191,0.04739700000000013,star
0.46000000000000085,-0.2680000000000007,-0.3290000000000006,0.21300000000000097,wd
2.5094509999999985,1.3243030000000005,0.6698059999999995,0.3322200000000013,star
1.4634269999999994,0.5840029999999992,0.19435599999999909,0.08382000000000112,star
-0.23999999999999844,-0.5100000000000016,-0.4349999999999987,-0.1750000000000007,wd
0.3810000000000002,-0.010999999999999233,0.2010000000000005,0.18299999999999983,qso
1.4831910000000015,0.6024579999999986,0.20709000000000088,0.06559299999999979,star
0.028000000000002245,-0.10900000000000176,0.3500000000000014,0.3309999999999995,qso
1.2682890000000029,0.3971139999999984,0.19419300000000206,0.03163199999999833,star
-0.04200000000000159,0.9860000000000007,-0.08899999999999864,0.15700000000000003,qso
0.027999999999998693,0.2660000000000018,-0.005000000000002558,0.26500000000000057,qso
0.12600000000000122,0.46199999999999974,-0.10999999999999943,-0.3200000000000003,qso
0.1390000000000029,0.15399999999999991,0.17599999999999838,0.19399999999999906,qso
1.2439130000000027,0.42785299999999893,0.15954599999999886,-0.0013579999999997483,star
1.1230100000000007,0.32186499999999896,0.1428149999999988,0.09531800000000246,star
0.23000000000000043,0.0990000000000002,0.28999999999999915,0.03500000000000014,qso
0.527000000000001,0.16899999999999693,0.07400000000000162,-0.09799999999999898,wd
1.0356710000000007,0.35010600000000025,0.15190899999999985,-0.010804000000000258,star
0.12299999999999756,0.7090000000000032,0.5889999999999986,0.21499999999999986,qso
0.36100000000000065,-0.12600000000000122,-0.16900000000000048,-0.09799999999999898,wd
0.31200000000000117,0.39699999999999847,0.2270000000000003,0.10200000000000031,qso
0.4440000000000026,-0.1390000000000029,0.12199999999999989,0.017000000000003013,qso
0.14300000000000068,-0.18500000000000227,-0.1319999999999979,-0.24900000000000233,wd
1.755039,0.7782950000000017,0.18977600000000017,0.1048410000000004,star
2.631744000000001,1.220282000000001,0.48891799999999996,0.32917999999999914,star
1.0362179999999999,0.3739410000000003,0.08532000000000117,-0.01566100000000148,star
1.0549999999999997,0.9640000000000022,0.9199999999999982,0.5399999999999991,wd
0.33699999999999974,0.07199999999999918,0.03900000000000148,0.33399999999999963,qso
-0.06099999999999994,0.09100000000000108,0.3009999999999984,-0.015000000000000568,qso
0.4510000000000005,-0.1930000000000014,-0.23600000000000065,-0.10099999999999909,wd
0.10200000000000031,-0.3279999999999994,-0.13400000000000034,-0.006000000000000227,wd
0.46199999999999974,0.4569999999999972,0.3890000000000029,0.07000000000000028,qso
0.21300000000000097,0.1479999999999997,-0.02499999999999858,0.1869999999999976,qso
0.12199999999999989,-0.05299999999999727,-0.12300000000000111,-0.01600000000000179,wd
0.5219999999999985,-0.14399999999999835,-0.12700000000000244,-0.15199999999999747,wd
0.33500000000000085,-0.24899999999999878,-0.23300000000000054,-0.24299999999999855,wd
0.9703510000000009,0.3083670000000005,0.07134399999999985,0.04239499999999907,star
0.36499999999999844,0.013000000000001677,0.16999999999999815,-0.07199999999999918,qso
0.19399999999999906,0.17599999999999838,0.17300000000000182,0.16799999999999926,qso
1.1918510000000033,0.405662999999997,0.13267300000000048,0.06633800000000178,star
-0.027000000000001023,-0.0589999999999975,0.06400000000000006,0.28200000000000003,qso
0.06099999999999994,0.22900000000000276,-0.0070000000000014495,-0.030999999999998806,qso
0.2809999999999988,0.02499999999999858,-0.0519999999999996,-0.2629999999999981,wd
-0.07200000000000273,0.022999999999999687,0.20300000000000296,0.12899999999999778,qso
2.3407860000000014,0.8708099999999988,0.30413399999999946,0.13361200000000117,star
0.22800000000000153,0.03399999999999892,0.34499999999999886,0.08500000000000085,qso
1.4071560000000005,0.47958800000000146,0.21130400000000016,0.06289699999999954,star
0.26200000000000045,0.3309999999999995,-0.07499999999999929,0.036999999999999034,qso
1.6653410000000015,0.5825309999999995,0.2452869999999976,0.10590300000000141,star
-0.11599999999999966,0.1039999999999992,0.37099999999999866,-0.004999999999999005,qso
1.4267119999999984,0.5552309999999991,0.21487899999999982,0.11677900000000108,star
0.21799999999999997,0.24299999999999855,0.010000000000001563,0.047999999999998266,qso
2.602342,1.379014999999999,0.6571829999999999,0.39238899999999965,star
1.546948999999998,0.590321000000003,0.22498099999999965,0.0751989999999978,star
0.3910000000000018,-0.06500000000000128,-0.16900000000000048,-0.15399999999999991,wd
0.39099999999999824,-0.17999999999999972,-0.21399999999999864,-0.31400000000000006,wd
0.3329999999999984,-0.21999999999999886,-0.20899999999999963,-0.31400000000000006,wd
0.10200000000000031,0.23999999999999844,0.06099999999999994,0.030999999999998806,qso
0.26000000000000156,0.2049999999999983,0.2740000000000009,0.010000000000001563,qso
1.1023099999999992,0.42744100000000174,0.12352600000000002,0.034696999999999534,star
0.4469999999999992,-0.18299999999999983,-0.16799999999999926,-0.1930000000000014,wd
0.46300000000000097,0.13299999999999912,0.04299999999999926,-0.15899999999999892,wd
0.3080000000000034,0.21499999999999986,0.055999999999997385,0.18299999999999983,qso
0.9362500000000011,0.3711059999999975,0.11802199999999985,0.10261600000000115,star
1.4896889999999985,0.6123159999999999,0.2556919999999998,0.08596600000000265,star
0.402000000000001,-0.18300000000000338,-0.1839999999999975,-0.24099999999999966,wd
0.3789999999999978,-0.10099999999999909,0.1819999999999986,-0.09199999999999875,qso
0.5539999999999985,-0.04899999999999949,-0.10200000000000031,-0.07000000000000028,wd
0.5209999999999972,0.21600000000000108,0.02499999999999858,0.19000000000000128,qso
0.3949999999999996,-0.08999999999999986,0.2480000000000011,0.047999999999998266,qso
0.0519999999999996,0.03300000000000125,0.10799999999999699,0.1930000000000014,qso
1.2671189999999992,0.45138000000000034,0.09077100000000016,0.0402559999999994,star
-0.4190000000000005,-0.5019999999999989,-0.3569999999999993,-0.3500000000000014,wd
0.882715000000001,0.3126029999999993,0.13047399999999953,-0.009602999999998474,star
0.3019999999999996,0.3080000000000034,0.32299999999999685,0.0990000000000002,qso
0.2680000000000007,0.2539999999999978,0.07700000000000173,0.2740000000000009,qso
0.5650000000000013,0.05999999999999872,0.08200000000000074,0.2430000000000021,qso
-0.03399999999999892,0.347999999999999,0.15200000000000102,0.16600000000000037,qso
1.3239769999999993,0.4863389999999992,0.12071200000000104,0.09053199999999961,star
2.0154309999999995,0.8023600000000002,0.3468420000000023,0.1127849999999988,star
0.4349999999999987,-0.006000000000000227,-0.0589999999999975,-0.13800000000000168,wd
0.20399999999999707,0.2699999999999996,-0.03200000000000003,-0.020999999999997243,qso
0.2740000000000009,0.013999999999999346,0.036999999999999034,0.022000000000002018,qso
1.8549790000000002,0.7025919999999992,0.1937660000000001,0.09791099999999986,star
0.2660000000000018,0.5509999999999984,0.8399999999999999,0.5280000000000022,wd
0.48999999999999844,-0.05999999999999872,-0.11599999999999966,-0.0259999999999998,wd
0.13000000000000256,0.17299999999999827,0.24099999999999966,-0.022999999999999687,qso
0.10099999999999909,-0.34299999999999997,-0.30100000000000193,-0.3829999999999991,wd
2.326402999999999,0.9823379999999986,0.34105900000000133,0.20822800000000008,star
-0.06799999999999784,-0.2710000000000008,-0.2220000000000013,-0.22199999999999775,wd
0.42299999999999827,-0.12099999999999866,-0.19200000000000017,-0.09700000000000131,wd
0.16300000000000026,-0.021999999999998465,-0.07600000000000051,0.1750000000000007,qso
1.368696,0.5384819999999984,0.22352799999999995,0.06904399999999988,star
0.33699999999999974,-0.20700000000000074,-0.20899999999999963,-0.3409999999999975,wd
0.2660000000000018,0.2029999999999994,0.20899999999999963,0.21999999999999886,qso
2.5438919999999996,1.214307999999999,0.5740510000000008,0.2695930000000004,star
-0.28200000000000003,-0.36599999999999966,-0.32700000000000173,-0.26899999999999835,wd
1.2045700000000004,-0.09932300000000183,-0.08487699999999876,-0.061730999999998204,star
0.4369999999999976,0.365000000000002,0.15700000000000003,0.007999999999999119,qso
0.4349999999999987,0.15100000000000335,0.22100000000000009,0.2849999999999966,qso
0.44200000000000017,-0.013000000000001677,-0.06299999999999883,-0.18999999999999773,wd
-0.3460000000000001,-0.48999999999999844,-0.33100000000000307,-0.24599999999999866,wd
0.33800000000000097,-0.12399999999999878,-0.20800000000000196,-0.38599999999999923,wd
0.2680000000000007,0.19900000000000162,0.07399999999999807,0.36499999999999844,qso
0.12599999999999767,0.15500000000000114,0.027999999999998693,-0.02499999999999858,qso
0.19200000000000017,-0.23499999999999943,-0.2289999999999992,-0.40800000000000125,wd
-0.05799999999999983,-0.2959999999999994,-0.27600000000000335,-0.12099999999999866,wd
0.4510000000000005,0.0519999999999996,0.13299999999999912,0.02400000000000091,qso
0.2190000000000012,-0.019999999999999574,0.36799999999999855,0.4770000000000003,wd
0.22500000000000142,-0.3009999999999984,-0.2190000000000012,-0.1750000000000007,wd
-0.009000000000000341,-0.3089999999999975,-0.28100000000000236,-0.27199999999999847,wd
0.4239999999999995,-0.10799999999999699,-0.12600000000000122,-0.10099999999999909,wd
0.35600000000000165,-0.2740000000000009,-0.2190000000000012,-0.12300000000000111,wd
1.1687390000000022,0.4344329999999985,0.18864699999999957,0.026351000000000013,star
0.13000000000000256,0.05099999999999838,0.21499999999999986,0.06700000000000017,qso
0.11200000000000188,0.27699999999999747,0.20899999999999963,-0.01899999999999835,qso
0.054000000000002046,0.16000000000000014,0.21699999999999875,-0.08500000000000085,qso
0.21600000000000108,0.1460000000000008,0.06499999999999773,-0.027999999999998693,qso
2.4858100000000007,1.4801520000000004,0.9251799999999992,0.5155560000000001,star
0.2029999999999994,0.18799999999999883,-0.15700000000000003,0.04800000000000182,qso
0.04200000000000159,0.3789999999999978,0.05799999999999983,0.02400000000000091,qso
1.3952179999999998,0.47654199999999847,0.11597800000000191,0.08692399999999978,star
1.0208760000000012,0.42586199999999863,0.1323280000000011,0.07308100000000017,star
1.6725619999999992,0.595149000000001,0.22302200000000028,0.0401859999999985,star
0.5679999999999978,0.1460000000000008,0.4759999999999991,0.31200000000000117,qso
0.6060000000000016,0.4009999999999998,0.3030000000000008,0.04099999999999682,qso
0.5820000000000007,0.652000000000001,0.28200000000000003,0.5279999999999987,qso
0.34299999999999997,0.17700000000000315,0.26799999999999713,0.18400000000000105,qso
1.1180100000000017,0.38066199999999917,0.1353679999999997,0.05675500000000078,star
-0.05699999999999861,-0.14800000000000324,0.5090000000000003,0.615000000000002,wd
0.15500000000000114,0.3099999999999987,0.05799999999999983,-0.15499999999999758,qso
2.084304999999997,0.7687620000000024,0.2495270000000005,0.12672099999999986,star
1.0730000000000004,0.33800000000000097,0.16499999999999915,0.30700000000000216,qso
0.3810000000000002,-0.19400000000000261,-0.12899999999999778,-0.24399999999999977,wd
1.8897359999999992,0.8091969999999975,0.35153000000000034,0.034432999999999936,star
0.14300000000000068,-0.006000000000000227,0.0920000000000023,0.1479999999999997,qso
0.21999999999999886,0.0710000000000015,0.2049999999999983,0.0920000000000023,qso
0.938998999999999,0.2920030000000011,0.08306400000000025,0.04060699999999784,star
0.4289999999999985,-0.019999999999999574,0.02499999999999858,-0.15399999999999991,wd
0.4770000000000003,0.18299999999999983,0.7560000000000002,0.6089999999999982,wd
1.023817000000001,0.19025599999999798,0.05344000000000193,-0.03175900000000098,star
2.273032999999998,0.9508569999999992,0.3562510000000003,0.17916299999999907,star
1.0465829999999983,0.47385200000000083,0.17780300000000082,0.048311999999999244,star
-0.44399999999999906,-0.5739999999999981,-0.30700000000000216,-0.570999999999998,wd
0.2270000000000003,-0.3780000000000001,-0.23199999999999932,-0.2740000000000009,wd
1.1844010000000011,0.45464899999999986,0.17705899999999986,0.06305499999999853,star
0.004999999999999005,-0.2579999999999991,-0.30600000000000094,-0.004999999999999005,wd
0.1980000000000004,0.1280000000000001,0.07900000000000063,0.08899999999999864,qso
0.20700000000000074,0.2079999999999984,0.2579999999999991,0.15399999999999991,qso
0.22500000000000142,-0.28800000000000026,-0.28000000000000114,-0.33999999999999986,wd
-0.004000000000001336,0.019000000000001904,0.34999999999999787,-0.08099999999999952,qso
-0.003999999999997783,-0.40000000000000213,-0.2759999999999998,-0.33999999999999986,wd
1.3185709999999986,0.44713199999999986,0.16037500000000016,0.06666099999999986,star
-0.13000000000000256,-0.37599999999999767,-0.23799999999999955,-0.28000000000000114,wd
0.4209999999999994,-0.0730000000000004,-0.07900000000000063,-0.14499999999999957,wd
0.32099999999999795,-0.44899999999999807,-0.19200000000000017,0.05900000000000105,wd
0.06799999999999784,-0.03200000000000003,0.18700000000000117,0.06400000000000006,qso
0.34399999999999764,0.19200000000000017,0.277000000000001,-0.022999999999999687,qso
-0.04200000000000159,0.4640000000000022,0.3290000000000006,0.15700000000000003,qso
0.46000000000000085,0.19399999999999906,-0.006000000000000227,0.2079999999999984,qso
0.6590000000000025,0.5069999999999979,0.43400000000000105,0.08999999999999986,qso
0.8699019999999997,0.2653959999999991,0.12812000000000268,0.0002329999999979293,star
0.29100000000000037,0.06500000000000128,0.20700000000000074,-0.05799999999999983,qso
0.16100000000000136,0.34999999999999787,0.03200000000000003,-0.10099999999999909,qso
0.44200000000000017,0.15200000000000102,0.15199999999999747,0.20400000000000063,qso
1.2368780000000008,0.506613999999999,0.1905770000000011,0.07687199999999805,star
0.23600000000000065,-0.26399999999999935,-0.30900000000000105,-0.06500000000000128,wd
0.47300000000000253,-0.18400000000000105,-0.23000000000000043,-0.16799999999999926,wd
0.40500000000000114,-0.28300000000000125,-0.2749999999999986,0.08999999999999986,wd
0.23400000000000176,-0.04100000000000037,0.29299999999999926,0.13500000000000156,qso
0.09499999999999886,0.05000000000000071,0.1529999999999987,0.08699999999999974,qso
0.3609999999999971,-0.18099999999999739,-0.21499999999999986,-0.3230000000000004,wd
0.4239999999999995,0.40300000000000225,0.03599999999999781,0.11700000000000088,qso
0.07499999999999929,0.027000000000001023,0.01600000000000179,0.11699999999999733,qso
0.9151090000000011,0.21129600000000082,0.11409400000000147,-0.015814000000002437,star
0.24199999999999733,0.04400000000000048,0.13100000000000023,0.15700000000000003,qso
2.111176999999998,0.8424540000000018,0.30954899999999874,0.15184200000000025,star
0.2049999999999983,-0.03599999999999781,0.2029999999999994,-0.18100000000000094,qso
1.634170000000001,0.6487909999999992,0.21491800000000083,0.06606899999999882,star
0.2530000000000001,0.01899999999999835,-0.054999999999999716,0.09100000000000108,qso
0.2519999999999989,0.05900000000000105,0.17999999999999972,-0.022000000000002018,qso
1.613499000000001,0.6322480000000006,0.24299600000000154,0.11670900000000017,star
0.4450000000000003,-0.07600000000000051,-0.17099999999999937,-0.1280000000000001,wd
1.0941849999999995,0.48126900000000106,0.16224300000000014,0.049873999999999086,star
2.1449999999999996,0.3200000000000003,0.16100000000000136,0.030999999999998806,qso
0.25400000000000134,0.21799999999999997,-0.04400000000000048,-0.04899999999999949,qso
-0.08699999999999974,-0.3089999999999975,-0.4150000000000027,-0.14099999999999824,wd
1.3322970000000005,0.5032040000000002,0.21935099999999963,0.06620200000000054,star
1.029246999999998,0.3215160000000026,0.15061999999999998,0.03963199999999745,star
0.13700000000000045,0.0779999999999994,0.22300000000000253,0.10799999999999699,qso
1.2361310000000003,0.45181699999999836,0.12139100000000269,0.04765899999999945,star
1.2692370000000004,0.2770019999999995,0.14602999999999966,-0.002102999999999966,star
0.2289999999999992,0.027999999999998693,0.6990000000000016,0.6810000000000009,wd
2.616344999999999,1.1516200000000012,0.4554849999999995,0.2378499999999999,star
0.5730000000000004,-0.04800000000000182,0.11400000000000077,-0.12600000000000122,qso
0.49499999999999744,-0.20899999999999963,-0.2339999999999982,-0.1720000000000006,wd
2.575573000000002,1.1919819999999994,0.6435329999999997,0.4096600000000006,star
0.4450000000000003,-0.1490000000000009,-0.3099999999999987,-0.26200000000000045,wd
0.3940000000000019,-0.07000000000000028,-0.08900000000000219,-0.13599999999999923,wd
-0.06700000000000017,-0.28500000000000014,-0.13100000000000023,-0.21099999999999852,wd
1.4146060000000027,0.5269179999999984,0.1723309999999998,0.088004999999999,star
0.2699999999999996,0.12099999999999866,0.2729999999999997,-0.0329999999999977,qso
1.447769000000001,0.5974330000000023,0.21151899999999912,0.09559699999999793,star
0.20700000000000074,-0.3099999999999987,-0.23900000000000077,-0.21499999999999986,wd
1.2395800000000001,0.4404509999999995,0.17802000000000007,0.06776500000000141,star
0.4499999999999993,-0.010000000000001563,-0.06299999999999883,-0.11299999999999955,wd
0.006000000000000227,-0.27200000000000024,-0.19899999999999807,-0.22900000000000276,wd
0.14699999999999847,-0.06599999999999895,-0.11700000000000088,-0.21099999999999852,wd
-0.01699999999999946,-0.31700000000000017,-0.28600000000000136,-0.18900000000000006,wd
2.677923,1.405538,0.7074599999999993,0.35121299999999955,star
0.4009999999999998,0.08799999999999741,-0.09399999999999764,-0.03100000000000236,wd
0.5809999999999995,-0.022000000000002018,-0.01699999999999946,-0.2809999999999988,wd
0.05799999999999983,-0.21699999999999875,-0.28699999999999903,-0.22600000000000264,wd
0.5090000000000003,-0.021000000000000796,-0.03500000000000014,-0.14300000000000068,wd
0.2519999999999989,0.053999999999998494,-0.10800000000000054,-0.14399999999999835,wd
-0.01899999999999835,0.00999999999999801,0.48499999999999943,0.4800000000000004,wd
0.1460000000000008,-0.31599999999999895,-0.3030000000000008,-0.1960000000000015,wd
-0.05299999999999727,-0.3960000000000008,-0.2809999999999988,-0.3190000000000026,wd
0.120000000000001,0.008999999999996788,0.2700000000000031,-0.0020000000000024443,qso
0.29299999999999926,-0.23600000000000065,-0.18400000000000105,-0.09999999999999787,wd
0.9514940000000003,0.21254400000000118,0.0736920000000012,-0.004566000000000514,star
0.8763369999999995,0.34382400000000146,0.1097779999999986,0.011732000000002074,star
1.0940109999999983,0.3771860000000018,0.15169199999999883,0.024990000000000734,star
0.41499999999999915,-0.2309999999999981,-0.23500000000000298,-0.1819999999999986,wd
0.397000000000002,-0.1390000000000029,0.1960000000000015,-0.053000000000000824,qso
0.03500000000000014,0.062000000000001165,0.0730000000000004,0.18799999999999883,qso
0.4259999999999984,0.09800000000000253,-0.019000000000001904,-0.08099999999999952,wd
1.1684490000000007,0.4224149999999991,0.1472289999999994,0.06500600000000034,star
0.22100000000000009,0.14999999999999858,0.31299999999999883,-0.012000000000000455,qso
0.2469999999999999,0.33999999999999986,0.07900000000000063,0.013999999999999346,qso
0.06299999999999883,0.036999999999999034,0.120000000000001,0.10800000000000054,qso
0.2779999999999987,0.0010000000000012221,-0.04600000000000293,-0.3520000000000003,wd
1.112318000000002,0.267042,0.08635299999999901,0.08164400000000072,star
0.9292380000000016,0.38559899999999914,0.13344899999999882,0.05359800000000092,star
2.103861000000002,0.9159199999999998,0.3537719999999993,0.22348000000000035,star
0.397000000000002,-0.2759999999999998,0.3879999999999981,0.2779999999999987,qso
0.620000000000001,0.027999999999998693,0.12600000000000122,0.3949999999999996,qso
0.532,0.40800000000000125,-0.07200000000000273,-0.12899999999999778,qso
0.4469999999999992,-0.0379999999999967,-0.06900000000000261,-0.12599999999999767,wd
0.34299999999999997,-0.1999999999999993,-0.2759999999999998,-0.254999999999999,wd
0.23900000000000077,0.2569999999999979,-0.0799999999999983,0.8439999999999976,qso
0.4230000000000018,0.04299999999999926,0.021000000000000796,-0.07900000000000063,wd
0.015000000000000568,-0.2630000000000017,-0.21499999999999986,0.08500000000000085,wd
0.4139999999999979,0.028000000000002245,-0.0400000000000027,-0.09699999999999775,wd
0.4430000000000014,-0.019999999999999574,-0.14700000000000202,-0.18499999999999872,wd
0.34399999999999764,0.03399999999999892,0.245000000000001,0.053000000000000824,qso
1.2172030000000014,0.4621530000000007,0.17344599999999843,0.06925999999999988,star
2.6034749999999995,1.190025000000002,0.44699699999999964,0.23252899999999954,star
1.2912479999999995,0.4771099999999997,0.1836480000000016,0.0425690000000003,star
1.0431479999999986,0.32332500000000053,0.124448000000001,0.04221599999999981,star
0.31299999999999883,-0.23799999999999955,-0.22900000000000276,-0.20899999999999963,wd
1.2193550000000002,0.4004089999999998,0.1585959999999993,0.06187299999999851,star
0.46899999999999764,0.1680000000000028,0.1369999999999969,0.028999999999999915,qso
-0.09799999999999898,-0.28800000000000026,-0.24799999999999756,-0.27600000000000335,wd
0.3810000000000002,-0.22800000000000153,-0.2029999999999994,-0.2190000000000012,wd
0.3150000000000013,0.004000000000001336,0.1579999999999977,-0.045999999999999375,qso
0.48100000000000165,0.03900000000000148,0.01799999999999713,-0.013999999999999346,wd
1.4279639999999993,0.6298580000000005,0.25064700000000073,0.1514059999999997,star
0.559000000000001,-0.2980000000000018,-0.17299999999999827,-0.15200000000000102,wd
0.2959999999999994,0.01600000000000179,0.2519999999999989,-0.053000000000000824,qso
0.0019999999999988916,-0.379999999999999,-0.3440000000000012,-0.26899999999999835,wd
0.4740000000000002,0.09399999999999764,0.054000000000002046,-0.0400000000000027,wd
0.43900000000000006,0.4510000000000005,0.08099999999999952,-0.08299999999999841,qso
0.43900000000000006,-0.0990000000000002,-0.2510000000000012,-0.16799999999999926,wd
2.2574119999999986,0.9284730000000021,0.31051800000000007,0.1525009999999991,star
2.599197,1.3775879999999994,0.6584710000000005,0.38605100000000014,star
0.15499999999999758,0.2430000000000021,0.1720000000000006,0.0589999999999975,qso
0.3670000000000009,0.07699999999999818,-0.05999999999999872,0.08099999999999952,qso
1.3131710000000005,0.4801549999999999,0.21415700000000015,0.06838199999999972,star
0.27699999999999747,-0.10699999999999932,0.08800000000000097,0.02499999999999858,qso
0.053999999999998494,-0.02699999999999747,-0.2170000000000023,-0.21499999999999986,wd
0.15500000000000114,-0.3000000000000007,-0.25400000000000134,-0.26500000000000057,wd
0.25099999999999767,0.0990000000000002,0.018000000000000682,0.22299999999999898,qso
1.903147999999998,0.7371600000000011,0.25865500000000097,0.10601599999999856,star
1.0961250000000007,0.448558000000002,0.20409599999999983,0.08299899999999738,star
-0.18100000000000094,0.04899999999999949,0.2579999999999991,0.24200000000000088,qso
1.1093210000000013,0.39866500000000116,0.1657769999999985,-0.010826000000001557,star
0.1460000000000008,0.17600000000000193,-0.052000000000003155,-0.04999999999999716,qso
0.40700000000000003,-0.004000000000001336,-0.09199999999999875,-0.12300000000000111,wd
0.4490000000000016,-0.07600000000000051,-0.13599999999999923,-0.0070000000000014495,wd
1.1353660000000012,0.3088610000000003,0.097135999999999,0.10847800000000163,star
1.3545470000000002,0.5006599999999999,0.2068600000000007,0.05860099999999946,star
0.2940000000000005,-0.23700000000000188,-0.28200000000000003,-0.2309999999999981,wd
0.06700000000000017,0.0010000000000012221,0.2839999999999989,-0.12299999999999756,qso
0.06899999999999906,-0.40700000000000003,-0.28999999999999915,-0.4529999999999994,wd
1.622910000000001,0.5892540000000004,0.23006099999999918,0.10529299999999964,star
0.0920000000000023,0.47199999999999775,0.07600000000000051,0.03900000000000148,qso
0.7859999999999978,-0.08099999999999952,0.0660000000000025,0.24299999999999855,qso
1.7981910000000028,0.5999439999999989,0.2804959999999994,0.07380100000000134,star
0.33800000000000097,-0.19699999999999918,-0.18200000000000216,-0.10999999999999943,wd
0.30600000000000094,0.22299999999999898,0.03999999999999915,0.21300000000000097,qso
0.4269999999999996,-0.01600000000000179,-0.08599999999999852,-0.18599999999999994,wd
1.3426619999999971,0.5502530000000014,0.24892800000000115,0.08688199999999924,star
1.1970769999999966,0.4520090000000003,0.15967200000000048,0.04658799999999985,star
0.07399999999999807,0.2240000000000002,0.20700000000000074,0.10999999999999943,qso
1.2805249999999972,0.37423600000000157,0.1831429999999994,-0.0015839999999993637,star
0.5120000000000005,0.14999999999999858,-0.053000000000000824,0.1180000000000021,qso
0.8350000000000009,-0.03300000000000125,-0.02499999999999858,0.39699999999999847,qso
0.012000000000000455,0.038000000000000256,0.21699999999999875,0.04100000000000037,qso
0.35999999999999943,0.2560000000000002,0.06099999999999994,0.16400000000000148,qso
0.0519999999999996,0.06800000000000139,-0.028999999999999915,-0.07000000000000028,qso
0.013000000000001677,0.2259999999999991,0.03100000000000236,-0.005000000000002558,qso
1.2147979999999983,0.4850960000000022,0.23936799999999891,0.060988999999999294,star
0.7139999999999986,0.4920000000000009,0.0259999999999998,0.1280000000000001,qso
0.07399999999999807,-0.33200000000000074,-0.26599999999999824,-0.28200000000000003,wd
-0.28200000000000003,-0.5150000000000006,-0.3609999999999971,-0.17099999999999937,wd
0.2569999999999979,0.14000000000000057,-0.04100000000000037,0.125,qso
1.2836360000000013,0.4564990000000009,0.17085699999999804,0.06401400000000024,star
0.6709999999999994,0.3509999999999991,0.3990000000000009,0.3819999999999979,qso
2.7112869999999987,1.2977039999999995,0.6912670000000016,0.3339350000000003,star
0.9914500000000004,0.290890000000001,0.10172599999999932,0.02081500000000247,star
-0.23900000000000077,-0.43799999999999883,-0.3719999999999999,-0.2950000000000017,wd
1.2484429999999982,0.43467000000000056,0.18469800000000092,0.02377699999999905,star
0.5760000000000005,0.17099999999999937,0.021000000000000796,-0.004000000000001336,wd
0.937663999999998,0.2622850000000021,0.09531299999999732,0.03682500000000033,star
1.1689240000000005,0.38714200000000076,0.15792300000000026,0.07681499999999986,star
0.5720000000000027,0.7269999999999968,0.18200000000000216,0.11199999999999832,qso
1.5910910000000023,0.604222,0.2343289999999989,0.10787200000000041,star
1.7525480000000009,0.6734779999999994,0.2696769999999997,0.0899870000000007,star
0.053999999999998494,0.07400000000000162,0.17599999999999838,-0.07199999999999918,qso
2.0792470000000023,0.7641059999999982,0.298407000000001,0.07274400000000014,star
0.39599999999999724,-0.19699999999999918,-0.20700000000000074,-0.16900000000000048,wd
0.18700000000000117,-0.2839999999999989,-0.2530000000000001,-0.3290000000000006,wd
0.7280000000000015,0.6340000000000003,0.20700000000000074,0.3249999999999993,qso
0.740000000000002,-0.20500000000000185,0.15600000000000236,0.5829999999999984,wd
0.0519999999999996,0.10200000000000031,0.36599999999999966,-0.08399999999999963,qso
-0.019000000000001904,0.2579999999999991,-0.0519999999999996,-0.14699999999999847,qso
0.5470000000000006,0.3960000000000008,0.3960000000000008,0.04399999999999693,qso
0.14099999999999824,-0.06499999999999773,0.04299999999999926,0.07399999999999807,qso
2.090909,0.7652709999999985,0.31110200000000177,0.19959799999999817,star
-0.28300000000000125,-0.472999999999999,-0.33899999999999864,-0.27800000000000225,wd
1.3256319999999988,0.43704300000000096,0.16086699999999965,0.059506000000000725,star
0.10200000000000031,0.12899999999999778,-0.06799999999999784,0.018000000000000682,qso
1.8166660000000014,0.6915139999999997,0.25195200000000106,0.08777899999999939,star
0.3539999999999992,-0.23999999999999844,-0.2560000000000002,-0.19200000000000017,wd
0.06699999999999662,0.23600000000000065,0.06500000000000128,-0.05999999999999872,qso
0.12399999999999878,0.06599999999999895,0.11100000000000065,0.245000000000001,qso
0.24899999999999878,0.19000000000000128,0.23700000000000188,-0.008000000000002672,qso
1.0188430000000004,0.20453399999999888,0.08360399999999935,-0.011175999999998965,star
1.4067250000000016,0.5015699999999974,0.1582870000000014,0.07032599999999967,star
0.3000000000000007,-0.21300000000000097,-0.23100000000000165,-0.038999999999997925,wd
0.9578089999999975,0.41037000000000035,0.15949100000000271,0.05682199999999682,star
2.4038639999999987,0.9488030000000016,0.34576200000000057,0.1932129999999983,star
0.240000000000002,0.259999999999998,0.1670000000000016,0.16300000000000026,qso
-0.06599999999999895,-0.09199999999999875,0.18799999999999883,0.21000000000000085,qso
0.993621000000001,0.1181030000000014,0.011813999999997549,-0.04913499999999971,star
0.23799999999999955,0.5160000000000018,0.04100000000000037,0.04399999999999693,qso
0.259999999999998,-0.3049999999999997,-0.21300000000000097,-0.12299999999999756,wd
0.4660000000000011,0.22499999999999787,0.142000000000003,0.2309999999999981,qso
1.5067120000000003,0.6029340000000012,0.21952500000000086,0.12246999999999986,star
-0.004999999999999005,0.31099999999999994,0.3550000000000004,0.05000000000000071,qso
0.05000000000000071,-0.3219999999999992,-0.24200000000000088,-0.25,wd
0.9341829999999973,0.42103400000000235,0.15979499999999902,0.08005800000000107,star
0.10500000000000043,0.30100000000000193,0.40700000000000003,0.21899999999999764,qso
2.1418130000000026,0.82254,0.2612919999999992,0.1448729999999987,star
2.3639580000000002,1.0990220000000015,0.3817819999999976,0.22067600000000098,star
1.7644470000000005,0.6637149999999998,0.26159799999999933,0.10646500000000003,star
0.5309999999999988,0.16300000000000026,0.04899999999999949,-0.006000000000000227,wd
0.3019999999999996,0.08900000000000219,0.09100000000000108,-0.0030000000000001137,qso
1.3153100000000002,0.4897310000000026,0.1502219999999994,0.08583299999999738,star
0.36299999999999955,-0.11700000000000088,-0.1980000000000004,-0.21699999999999875,wd
0.9573309999999999,0.32799900000000193,0.10050599999999932,0.0008929999999978122,star
-0.04900000000000304,-0.0030000000000001137,0.30799999999999983,0.07800000000000296,qso
0.4259999999999984,-0.09299999999999997,-0.09299999999999997,-0.18100000000000094,wd
0.3810000000000002,-0.3019999999999996,-0.2699999999999996,-0.3949999999999996,wd
-0.09299999999999997,-0.3789999999999978,-0.25900000000000034,-0.2430000000000021,wd
1.6600000000000001,0.7089999999999996,0.5039999999999978,0.3780000000000001,qso
2.4339699999999986,1.1271360000000001,0.4494860000000003,0.19310600000000022,star
0.9175210000000007,0.30330999999999975,0.21971699999999927,-0.021758999999999418,star
-0.0259999999999998,-0.3730000000000011,-0.2909999999999968,-0.3630000000000031,wd
0.1650000000000027,0.23999999999999844,-0.12300000000000111,0.11700000000000088,qso
1.299044000000002,0.5269200000000005,0.12983499999999815,0.09918799999999983,star
0.14099999999999824,0.06099999999999994,0.19200000000000017,0.3099999999999987,qso
0.3780000000000001,-0.24899999999999878,-0.2530000000000001,-0.2220000000000013,wd
0.10200000000000031,-0.15200000000000102,0.4140000000000015,0.5109999999999992,wd
0.1559999999999988,0.3260000000000005,0.08899999999999864,-0.054999999999999716,qso
1.1843199999999996,0.4020759999999992,0.14084699999999906,0.02725299999999997,star
-0.05900000000000105,-0.20700000000000074,-0.2259999999999991,-0.2579999999999991,wd
-0.45000000000000284,-0.4819999999999993,-0.3769999999999989,-0.33000000000000185,wd
0.4499999999999993,0.011000000000002785,-0.045000000000001705,-0.07900000000000063,wd
-0.08900000000000219,-0.36400000000000077,-0.24399999999999977,-0.2539999999999978,wd
0.5869999999999997,-0.0660000000000025,-0.08199999999999719,0.01799999999999713,wd
2.3178330000000003,1.0584820000000015,0.338595999999999,0.19241000000000064,star
0.5990000000000002,0.0799999999999983,-0.00999999999999801,-0.17900000000000205,wd
1.5891090000000005,0.6167949999999998,0.20352300000000056,0.09261699999999884,star
1.0590880000000027,0.35099599999999853,0.10022499999999823,0.05060800000000043,star
0.43299999999999983,0.011000000000002785,-0.1280000000000001,-0.12400000000000233,wd
0.23000000000000043,0.09500000000000242,0.1980000000000004,-0.04600000000000293,qso
0.3999999999999986,-0.19299999999999784,-0.16400000000000148,-0.1700000000000017,wd
1.0811340000000023,0.5852280000000007,0.12854599999999827,0.06968499999999977,star
0.11100000000000065,-0.04299999999999926,-0.13100000000000023,0.05600000000000094,qso
1.3786500000000004,0.5216910000000006,0.1628009999999982,0.06584000000000145,star
0.037000000000002586,-0.010000000000001563,0.6720000000000006,0.5790000000000006,wd
0.4250000000000007,-0.2099999999999973,-0.2010000000000005,-0.2610000000000028,wd
0.28999999999999915,0.21600000000000108,0.3309999999999995,0.11999999999999744,qso
0.3500000000000014,0.26699999999999946,0.10999999999999943,0.0730000000000004,qso
0.35800000000000054,0.20199999999999818,-0.04499999999999815,0.03200000000000003,qso
2.576626000000001,1.2091999999999992,0.4254339999999992,0.3017580000000013,star
2.289179999999998,0.9463870000000014,0.3090899999999994,0.16022300000000023,star
0.402000000000001,0.01600000000000179,0.003999999999997783,-0.038000000000000256,qso
0.3730000000000011,0.15200000000000102,-0.06700000000000017,0.012999999999998124,wd
1.225635999999998,0.4352050000000016,0.13467499999999966,0.08881700000000059,star
0.30100000000000193,-0.11200000000000188,-0.16199999999999903,-0.3539999999999992,wd
0.19699999999999918,0.33699999999999974,0.11299999999999955,-0.04299999999999926,qso
2.4584999999999972,1.1058540000000008,0.4146630000000009,0.2613789999999998,star
0.4510000000000005,-0.1559999999999988,-0.16799999999999926,-0.1910000000000025,wd
1.3889600000000009,0.4821169999999988,0.20008800000000093,0.04095599999999955,star
1.5557289999999995,0.566791000000002,0.14754199999999962,0.13438599999999923,star
0.15199999999999747,0.18200000000000216,0.030000000000001137,-0.12900000000000134,qso
0.013999999999999346,-0.2959999999999994,-0.2629999999999981,-0.35400000000000276,wd
0.2049999999999983,0.062000000000001165,0.1509999999999998,-0.10699999999999932,qso
0.4800000000000004,-0.13500000000000156,-0.16799999999999926,-0.18299999999999983,wd
1.1778369999999967,0.4030750000000012,0.1493089999999988,0.03115100000000126,star
2.4556369999999994,1.1282330000000016,0.42125899999999916,0.2703450000000007,star
0.2510000000000012,0.20700000000000074,0.625,0.5069999999999979,wd
0.21099999999999852,-0.38599999999999923,-0.26500000000000057,-0.2270000000000003,wd
2.220623,1.061083,0.39007900000000006,0.245868999999999,star
0.13800000000000168,0.17099999999999937,0.28200000000000003,0.1930000000000014,qso
0.14699999999999847,0.3509999999999991,-0.07699999999999818,-0.0730000000000004,qso
0.28200000000000003,-0.24600000000000222,-0.24499999999999744,-0.15600000000000236,wd
1.6701939999999986,0.6873320000000014,0.20460199999999773,0.16822400000000215,star
0.28100000000000236,-0.13200000000000145,0.08999999999999986,0.01699999999999946,qso
0.019000000000001904,0.028999999999999915,0.015000000000000568,0.5239999999999974,qso
0.4150000000000009,0.0,-0.05600000000000094,-0.13199999999999967,wd
0.2049999999999983,-0.2270000000000003,-0.23000000000000043,-0.2729999999999997,wd
1.0991530000000012,0.4037159999999993,0.15519199999999955,0.01486300000000007,star
0.3329999999999984,-0.07900000000000063,0.03500000000000014,-0.05999999999999872,qso
0.6794220000000024,-0.2374430000000025,-0.2457010000000004,-0.13523700000000005,star
0.10900000000000176,0.04199999999999804,0.3440000000000012,0.019999999999999574,qso
2.668652999999999,1.4631369999999997,0.8327759999999991,0.45591000000000115,star
0.3999999999999986,0.02300000000000324,-0.019000000000001904,0.12600000000000122,wd
-0.07099999999999795,-0.3680000000000021,-0.2789999999999999,-0.2729999999999997,wd
0.5560000000000009,-0.13300000000000267,-0.21399999999999864,-0.20599999999999952,wd
2.2996479999999977,0.9785990000000009,0.3388680000000015,0.2204309999999996,star
1.4114150000000016,0.5423949999999991,0.17481100000000005,0.08808999999999934,star
0.24799999999999756,0.18599999999999994,0.2959999999999994,0.028999999999999915,qso
0.43299999999999983,0.0799999999999983,-0.0329999999999977,-0.11500000000000199,wd
2.4491580000000006,1.1794510000000002,0.43312099999999987,0.29797600000000024,star
0.13800000000000168,-0.34499999999999886,-0.3130000000000024,-0.22100000000000009,wd
1.7212030000000027,0.7305389999999967,0.27992300000000014,0.185882000000003,star
0.1460000000000008,0.35900000000000176,0.06199999999999761,-0.02499999999999858,qso
0.588000000000001,0.0019999999999988916,-0.012999999999998124,0.259999999999998,qso
-0.3689999999999998,-0.4770000000000003,-0.36400000000000077,-0.3039999999999985,wd
0.2469999999999999,-0.047999999999998266,0.597999999999999,0.6219999999999999,wd
0.3410000000000011,-0.2890000000000015,-0.2289999999999992,-0.18100000000000094,wd
1.3227119999999992,0.41183499999999995,0.1656000000000013,0.13516999999999868,star
0.5,0.21799999999999997,0.0990000000000002,0.23000000000000043,qso
1.856651000000003,0.6844269999999995,0.2396079999999987,0.12709500000000062,star
0.24199999999999733,-0.09299999999999997,0.03900000000000148,-0.027999999999998693,qso
0.36799999999999855,0.11200000000000188,0.1579999999999977,0.3210000000000015,qso
-0.06899999999999906,-0.3539999999999992,-0.23000000000000043,-0.24399999999999977,wd
-0.02500000000000213,-0.31200000000000117,-0.22999999999999687,-0.18599999999999994,wd
0.4770000000000003,-0.1059999999999981,-0.1750000000000007,-0.18900000000000006,wd
0.16900000000000048,0.2010000000000005,0.007999999999999119,0.2049999999999983,qso
0.4059999999999988,-0.24600000000000222,-0.15199999999999747,-0.3719999999999999,wd
-0.0070000000000014495,-0.0009999999999976694,-0.05900000000000105,0.01699999999999946,qso
1.0582370000000019,0.42939799999999906,0.1638559999999991,0.09883699999999962,star
0.2289999999999992,0.05000000000000071,-0.20600000000000307,0.18000000000000327,qso
0.41000000000000014,0.12100000000000222,-0.004000000000001336,-0.07199999999999918,wd
0.15200000000000102,0.16000000000000014,0.3269999999999982,0.17600000000000193,qso
0.2890000000000015,-0.23400000000000176,-0.31899999999999906,-0.12099999999999866,wd
-0.31299999999999883,-0.4819999999999993,-0.3240000000000016,-0.25400000000000134,wd
0.33000000000000185,-0.29299999999999926,-0.20599999999999952,-0.30100000000000193,wd
0.08599999999999852,0.038000000000000256,0.23300000000000054,-0.16600000000000037,qso
1.3458499999999987,0.5191230000000004,0.23848500000000072,0.11192499999999939,star
0.0070000000000014495,-0.08000000000000185,0.7300000000000004,0.6099999999999994,wd
0.04100000000000037,-0.08699999999999974,-0.23600000000000065,-0.2079999999999984,wd
0.7220000000000013,0.004000000000001336,0.23999999999999844,0.7049999999999983,wd
2.4339200000000005,1.0208840000000023,0.37337499999999935,0.11321200000000076,star
0.2699999999999996,-0.027999999999998693,0.045999999999999375,0.1280000000000001,qso
0.5620000000000012,0.14699999999999847,0.019000000000001904,-0.004000000000001336,wd
0.5749999999999993,0.16000000000000014,0.07199999999999918,-0.04299999999999926,wd
0.028000000000002245,0.3299999999999983,0.07700000000000173,-0.038000000000000256,qso
1.225828,0.48818199999999834,0.15671299999999988,0.08065800000000323,star
0.272000000000002,0.06499999999999773,0.17600000000000193,0.023999999999997357,qso
0.10800000000000054,0.27099999999999724,0.12600000000000122,-0.0030000000000001137,qso
0.532,-0.1960000000000015,-0.1750000000000007,-0.09799999999999898,wd
0.09999999999999787,0.12300000000000111,-0.0990000000000002,-0.045999999999999375,qso
0.23700000000000188,0.062000000000001165,0.26399999999999935,0.021000000000000796,qso
0.16100000000000136,0.4969999999999999,0.3739999999999988,-0.04199999999999804,qso
0.20099999999999696,0.06400000000000006,0.1880000000000024,-0.12900000000000134,qso
1.1452370000000016,0.395544000000001,0.13546899999999873,-0.027419999999999334,star
0.29399999999999693,-0.129999999999999,-0.07199999999999918,-0.1819999999999986,wd
0.3359999999999985,0.4190000000000005,0.0470000000000006,-0.028999999999999915,qso
0.9576250000000002,0.29329299999999847,0.10589600000000132,0.03626599999999769,star
2.1640070000000016,0.8748529999999981,0.30713600000000163,0.16212100000000085,star
0.5939999999999976,-0.21699999999999875,-0.16300000000000026,-0.0730000000000004,wd
0.09199999999999875,0.2569999999999979,0.019000000000001904,0.027000000000001023,qso
0.09499999999999886,0.013999999999999346,0.05500000000000327,0.21799999999999997,qso
-0.08900000000000219,-0.3879999999999981,-0.27800000000000225,-0.14399999999999835,wd
-0.022999999999999687,0.13799999999999812,0.504999999999999,0.38200000000000145,wd
0.38400000000000034,0.13000000000000256,-0.021000000000000796,-0.3019999999999996,wd
0.2699999999999996,-0.29299999999999926,-0.22000000000000242,-0.3249999999999993,wd
1.703122999999998,0.639641000000001,0.271211000000001,0.12026799999999938,star
2.1979700000000015,0.947499999999998,0.3629610000000021,0.21011899999999883,star
0.3780000000000001,0.0019999999999988916,0.31200000000000117,0.23199999999999932,qso
0.26599999999999824,0.11200000000000188,0.13200000000000145,0.1629999999999967,qso
0.2240000000000002,0.08000000000000185,0.1739999999999995,0.05000000000000071,qso
2.0009289999999993,0.775665,0.2463829999999998,0.12600600000000028,star
-0.2289999999999992,0.3689999999999998,0.0940000000000012,-0.004000000000001336,qso
0.5629999999999988,0.01699999999999946,0.12700000000000244,0.08299999999999841,qso
0.4480000000000004,0.3279999999999994,0.2959999999999994,-0.006000000000000227,qso
0.06499999999999773,0.0259999999999998,0.037000000000002586,0.055999999999997385,qso
0.4269999999999996,-0.06199999999999761,-0.2759999999999998,0.11199999999999832,wd
1.1623289999999997,0.07565899999999814,-0.030714999999998938,-0.05414399999999908,star
0.2010000000000005,0.17900000000000205,0.39399999999999835,0.05900000000000105,qso
0.10200000000000031,-0.33500000000000085,-0.3059999999999974,-0.28300000000000125,wd
-0.20199999999999818,-0.31200000000000117,-0.1819999999999986,0.32399999999999807,wd
0.3019999999999996,0.0730000000000004,0.013999999999999346,-0.120000000000001,wd
-0.07499999999999929,0.7480000000000011,-0.4220000000000006,0.6110000000000007,qso
1.2757229999999993,0.44875299999999996,0.19579500000000039,0.04834799999999717,star
0.6430000000000007,0.38200000000000145,0.38700000000000045,0.2339999999999982,qso
1.0627159999999982,0.39785000000000004,0.14186800000000055,0.04104099999999988,star
2.282053000000001,0.9727499999999978,0.32796100000000195,0.16221099999999922,star
0.4599999999999973,0.0070000000000014495,-0.006000000000000227,0.120000000000001,qso
0.37599999999999767,-0.0030000000000001137,-0.06499999999999773,-0.0710000000000015,wd
0.11599999999999966,0.2220000000000013,-0.00999999999999801,-0.07500000000000284,qso
0.32700000000000173,-0.07600000000000051,0.10299999999999798,0.03900000000000148,qso
0.5159999999999982,0.13899999999999935,0.004000000000001336,-0.06299999999999883,wd
1.1849999999999987,0.15899999999999892,0.10100000000000264,0.022999999999999687,qso
1.0771199999999972,0.3642840000000014,0.1331559999999996,0.062315000000001675,star
1.1891960000000026,0.3985519999999987,0.20062599999999975,0.006537000000001569,star
0.33399999999999963,0.11899999999999977,0.19899999999999807,-0.02499999999999858,qso
0.24199999999999733,-0.2270000000000003,-0.23199999999999932,-0.16399999999999793,wd
1.2190089999999998,-0.03873300000000057,-0.05693199999999976,-0.09169800000000095,star
0.43400000000000105,0.42799999999999727,1.2330000000000005,0.8859999999999992,wd
0.3099999999999987,-0.029999999999997584,0.11700000000000088,-0.2630000000000017,qso
2.7032050000000005,1.1839720000000007,0.48808799999999763,0.25009999999999977,star
0.0010000000000012221,0.07099999999999795,0.15700000000000003,0.15700000000000003,qso
0.26399999999999935,0.2469999999999999,0.2690000000000019,0.06099999999999994,qso
0.5,0.23400000000000176,0.036000000000001364,0.09600000000000009,wd
-0.13299999999999912,-0.3260000000000005,-0.18700000000000117,-0.3009999999999984,wd
1.7205390000000023,0.8235719999999986,0.11246900000000082,0.15186999999999884,star
2.508541000000001,1.1515379999999986,0.4242290000000004,0.19287600000000005,star
0.3210000000000015,0.07199999999999918,-0.045999999999999375,-0.08800000000000097,wd
1.411123,0.5367300000000021,0.21562199999999976,0.1527499999999975,star
0.19799999999999685,0.48900000000000077,0.18400000000000105,0.30799999999999983,qso
0.4529999999999994,-0.18299999999999983,-0.1880000000000024,-0.2530000000000001,wd
1.1465140000000016,0.38136800000000015,0.14952100000000002,0.015378000000000114,star
0.32399999999999807,0.09199999999999875,0.25800000000000267,0.3230000000000004,qso
0.07700000000000173,-0.3689999999999998,-0.2560000000000002,-0.4009999999999998,wd
0.2660000000000018,0.16599999999999682,0.26000000000000156,-0.036999999999999034,qso
1.0972709999999992,0.4682630000000003,0.19646099999999933,-0.0048789999999989675,star
0.22800000000000153,0.019999999999999574,0.1410000000000018,-0.0920000000000023,qso
0.36400000000000077,0.1269999999999989,0.15300000000000225,0.1609999999999978,qso
1.454030999999997,0.553955000000002,0.18843999999999994,0.0766840000000002,star
0.29100000000000037,-0.19299999999999784,-0.17600000000000193,-0.3589999999999982,wd
2.4103359999999974,1.0739040000000024,0.40626100000000065,0.20242199999999855,star
0.2309999999999981,0.3689999999999998,0.021000000000000796,-0.012000000000000455,qso
1.289314000000001,0.46304500000000104,0.20579599999999942,0.058333999999998554,star
0.04899999999999949,0.14499999999999957,0.15200000000000102,-0.047999999999998266,qso
-0.11599999999999966,0.5400000000000027,-0.0920000000000023,-0.14099999999999824,qso
0.5579999999999998,-0.21399999999999864,-0.19000000000000128,-0.15800000000000125,wd
0.019000000000001904,-0.3290000000000006,-0.22100000000000009,-0.21499999999999986,wd
0.4280000000000008,-0.07800000000000296,-0.19399999999999906,-0.054999999999999716,wd
0.3520000000000003,-0.009000000000000341,-0.11100000000000065,-0.15800000000000125,wd
1.2559999999999967,0.3130000000000024,0.1529999999999987,0.245000000000001,qso
0.23900000000000077,0.11499999999999844,0.23600000000000065,-0.1479999999999997,qso
0.4480000000000004,-0.14699999999999847,-0.09700000000000131,-0.12099999999999866,wd
-0.03999999999999915,-0.2740000000000009,0.245000000000001,0.36299999999999955,wd
0.10300000000000153,0.09499999999999886,0.19900000000000162,0.20599999999999952,qso
0.7220000000000013,0.004000000000001336,0.23999999999999844,0.7049999999999983,wd
0.13000000000000256,-0.04800000000000182,-0.1720000000000006,-0.23600000000000065,wd
1.23686,0.6329839999999969,0.23888000000000176,0.13602000000000025,star
1.8656770000000016,0.6790629999999975,0.23422300000000007,0.09773400000000088,star
0.0020000000000024443,-0.4770000000000003,-0.3550000000000004,-0.0470000000000006,wd
2.3882350000000017,1.039954999999999,0.35912000000000077,0.22386700000000026,star
0.2799999999999976,-0.39099999999999824,-0.25700000000000145,-0.2289999999999992,wd
0.4319999999999986,-0.10200000000000031,0.08099999999999952,0.23900000000000077,qso
1.0745669999999983,0.399973000000001,0.14244000000000057,0.07394799999999968,star
0.5079999999999991,-0.15700000000000003,-0.14199999999999946,-0.3260000000000005,wd
0.48600000000000065,-0.1319999999999979,-0.24099999999999966,-0.12600000000000122,wd
1.514098999999998,0.6223920000000014,0.1919499999999985,0.1185779999999994,star
0.3670000000000009,0.03200000000000003,-0.1280000000000001,0.036999999999999034,wd
2.269157,0.9590720000000026,0.30693299999999724,0.17691800000000057,star
0.31400000000000006,0.2740000000000009,0.2809999999999988,0.01600000000000179,qso
2.6115739999999974,1.2014390000000006,0.4409010000000002,0.2285889999999995,star
0.27500000000000213,-0.11400000000000077,-0.010000000000001563,-0.13299999999999912,qso
1.2137209999999996,0.39639699999999856,0.1832659999999997,0.012254000000000431,star
-0.004000000000001336,0.2469999999999999,0.03399999999999892,-0.1269999999999989,qso
0.43799999999999883,-0.036999999999999034,-0.05600000000000094,-0.17600000000000193,wd
0.01699999999999946,0.347999999999999,-0.028999999999999915,-0.08500000000000085,qso
1.3613480000000031,0.5223709999999997,0.15245399999999876,0.1016830000000013,star
0.35800000000000054,-0.18700000000000117,-0.18499999999999872,-0.23499999999999943,wd
0.4039999999999999,0.0030000000000001137,-0.17999999999999972,-0.4450000000000003,wd
1.2859999999999978,0.2010000000000005,-0.18100000000000094,0.037000000000002586,qso
0.3760000000000012,0.03200000000000003,0.05699999999999861,-0.16399999999999793,wd
1.345521999999999,0.45447200000000265,0.10984399999999894,0.02414100000000019,star
1.0530280000000012,0.43524400000000085,0.13298599999999894,0.017634999999998513,star
0.5420000000000016,0.08199999999999719,0.005000000000002558,0.09699999999999775,qso
-0.2840000000000025,-0.504999999999999,-0.3329999999999984,-0.5530000000000008,wd
0.2740000000000009,-0.04499999999999815,0.01899999999999835,-0.26699999999999946,wd
0.15399999999999991,0.21599999999999753,-0.08999999999999986,0.6440000000000019,qso
1.400181,0.5062650000000009,0.12725600000000092,0.03541099999999986,star
0.3769999999999989,-0.09999999999999787,0.27099999999999724,0.5700000000000003,wd
0.5,0.22199999999999775,0.3410000000000011,0.018000000000000682,qso
0.3559999999999981,0.120000000000001,0.0010000000000012221,-0.07000000000000028,wd
1.1411170000000013,-0.02312400000000281,-0.03611399999999776,-0.06823299999999932,star
-0.11500000000000199,-0.41499999999999915,-0.33399999999999963,-0.33000000000000185,wd
0.014999999999997016,0.1509999999999998,0.03300000000000125,0.036000000000001364,qso
0.4519999999999982,-0.1039999999999992,-0.10500000000000043,-0.1490000000000009,wd
0.3810000000000002,0.054999999999999716,-0.01899999999999835,-0.028000000000002245,wd
0.25700000000000145,0.03300000000000125,0.06299999999999883,0.06500000000000128,qso
0.5390000000000015,0.15700000000000003,0.0470000000000006,-0.09299999999999997,wd
0.11400000000000077,0.16000000000000014,0.27399999999999736,0.18400000000000105,qso
0.37700000000000244,0.3039999999999985,0.9359999999999999,0.657,wd
0.5459999999999994,0.19699999999999918,0.0660000000000025,-0.045000000000001705,wd
0.10800000000000054,0.08999999999999986,0.2270000000000003,0.06500000000000128,qso
2.3929979999999986,1.0078430000000012,0.34929400000000044,0.18588300000000046,star
0.9687950000000001,0.3491459999999975,0.1408370000000012,0.0245829999999998,star
0.02400000000000091,-0.06800000000000139,0.26099999999999923,0.014000000000002899,qso
0.17999999999999972,0.04199999999999804,-0.0799999999999983,0.11199999999999832,qso
1.392546000000003,0.515625,0.2414740000000002,0.10915899999999823,star
0.10800000000000054,-0.3979999999999997,-0.26200000000000045,-0.27500000000000213,wd
0.3769999999999989,0.022000000000002018,-0.08599999999999852,-0.18100000000000094,wd
0.5340000000000025,0.2569999999999979,0.06400000000000006,0.012000000000000455,wd
2.6294250000000012,1.2360049999999987,0.5291300000000021,0.25333699999999837,star
1.2979999999999983,0.37700000000000244,0.33899999999999864,0.31099999999999994,qso
-0.142000000000003,-0.33399999999999963,-0.25099999999999767,-0.31400000000000006,wd
1.2360419999999976,-0.10015899999999789,-0.10762599999999978,-0.12053099999999972,star
1.0562639999999988,0.4512660000000004,0.17197200000000024,0.12717600000000218,star
1.0384480000000025,0.35599699999999856,0.17924000000000007,0.01638900000000021,star
0.11299999999999955,0.25500000000000256,0.11199999999999832,-0.0799999999999983,qso
0.35900000000000176,-0.12100000000000222,-0.0470000000000006,-0.19399999999999906,wd
1.169592999999999,0.4552080000000025,0.20809599999999762,0.0831540000000004,star
1.3724690000000024,0.4075409999999984,0.10993200000000058,0.05694400000000144,star
2.5313359999999996,1.1491760000000006,0.46504699999999843,0.22832700000000017,star
0.3470000000000013,0.12900000000000134,0.5619999999999976,0.5840000000000032,wd
2.0829880000000003,0.9383279999999985,0.38927700000000165,0.2080579999999994,star
0.13799999999999812,0.08999999999999986,0.06500000000000128,0.1819999999999986,qso
2.5079269999999987,1.4166950000000007,0.7747269999999986,0.43619000000000163,star
1.2222399999999993,0.4069830000000003,0.21262199999999964,0.037824000000000524,star
-0.3930000000000007,-0.41199999999999903,-0.29299999999999926,-0.25700000000000145,wd
0.4980000000000011,-0.21699999999999875,-0.23000000000000043,-0.28300000000000125,wd
-0.4009999999999998,-0.21300000000000097,0.03500000000000014,0.11400000000000077,wd
0.41799999999999926,-0.20400000000000063,-0.16399999999999793,0.11499999999999844,wd
1.171402999999998,0.527470000000001,0.15716799999999864,0.07215300000000013,star
0.28999999999999915,0.12400000000000233,0.15700000000000003,0.19699999999999918,qso
2.0717719999999993,0.7735869999999991,0.27582400000000007,0.15599900000000133,star
2.569433,1.2030589999999997,0.4060259999999989,0.22768800000000056,star
0.45700000000000074,0.07399999999999807,-0.12099999999999866,0.19599999999999795,qso
1.2400819999999975,0.4822960000000016,0.18774399999999858,0.07091400000000192,star
1.2565130000000018,0.46452000000000027,0.1501859999999997,-0.018769000000000702,star
0.2629999999999981,-0.00999999999999801,0.357999999999997,-0.02699999999999747,qso
0.10000000000000142,0.26099999999999923,-0.012000000000000455,0.05099999999999838,qso
1.098709000000003,0.5022149999999996,0.19199700000000064,0.09558899999999682,star
1.774442999999998,0.6001949999999994,0.22900900000000135,0.12415500000000002,star
0.1319999999999979,0.08399999999999963,-0.08399999999999963,-0.003999999999997783,qso
1.7469730000000006,0.6252519999999997,0.23460999999999999,0.11058599999999785,star
1.3876290000000004,0.5419820000000009,0.20768599999999893,0.05009599999999992,star
1.6584200000000031,0.690299999999997,0.21500600000000247,0.10700199999999782,star
0.3509999999999991,-0.20899999999999963,-0.31599999999999895,-0.0519999999999996,wd
0.9240440000000003,0.31920899999999897,0.12522200000000083,-0.009351999999999805,star
0.17299999999999827,0.09700000000000131,-0.16499999999999915,-0.010999999999999233,qso
0.1720000000000006,0.24199999999999733,0.014000000000002899,0.0329999999999977,qso
1.421445000000002,0.5249569999999988,0.20743600000000129,0.08391799999999883,star
1.3615649999999988,0.4555170000000004,0.12599300000000113,0.02456899999999962,star
0.46799999999999997,-0.19200000000000017,-0.24099999999999966,-0.1960000000000015,wd
0.3490000000000002,-0.24399999999999977,-0.18500000000000227,-0.21999999999999886,wd
0.2950000000000017,0.03999999999999915,0.21499999999999986,0.10500000000000043,qso
-0.5039999999999978,-0.5520000000000032,-0.3789999999999978,-0.3019999999999996,wd
0.2759999999999998,0.05799999999999983,-0.24199999999999733,-0.27600000000000335,wd
1.5561279999999975,0.5858190000000008,0.21289900000000017,0.14379300000000228,star
0.33399999999999963,-0.08899999999999864,-0.13299999999999912,-0.17600000000000193,wd
0.30900000000000105,0.15800000000000125,-0.13599999999999923,0.003999999999997783,qso
1.390156000000001,0.5434229999999971,0.2403960000000005,0.022244000000000597,star
1.1580729999999981,0.3988700000000023,-0.03394300000000072,0.21139399999999853,star
1.6929439999999971,0.6648970000000016,0.2774859999999997,0.15739300000000078,star
0.14700000000000202,0.08699999999999974,0.24099999999999966,0.028999999999999915,qso
1.0940459999999987,0.40671199999999885,0.10579800000000006,0.10586800000000096,star
0.4259999999999984,-0.1819999999999986,-0.15500000000000114,-0.19399999999999906,wd
0.21099999999999852,0.07900000000000063,0.04299999999999926,0.06400000000000006,qso
0.35999999999999943,-0.1460000000000008,0.277000000000001,0.3789999999999978,wd
0.2680000000000007,0.26899999999999835,0.125,0.11700000000000088,qso
1.2293170000000018,0.4837530000000001,0.16148899999999955,0.11514299999999977,star
0.1559999999999988,0.28999999999999915,0.120000000000001,-0.11400000000000077,qso
0.1670000000000016,-0.3910000000000018,-0.07699999999999818,-0.21300000000000097,wd
-0.07499999999999929,-0.26399999999999935,-0.25500000000000256,-0.22299999999999898,wd
0.41199999999999903,-0.07399999999999807,-0.04400000000000048,-0.125,wd
1.5366540000000022,0.5956200000000003,0.20495399999999897,0.0989690000000003,star
0.02400000000000091,-0.01699999999999946,0.13500000000000156,0.22199999999999775,qso
1.0382290000000012,0.3744790000000009,0.13066299999999842,0.044182000000001054,star
0.384999999999998,-0.23699999999999832,-0.14500000000000313,-0.013999999999999346,wd
0.38899999999999935,-0.125,-0.16799999999999926,-0.14499999999999957,wd
0.19200000000000017,0.10900000000000176,0.0779999999999994,0.006000000000000227,qso
1.3246490000000009,0.47692400000000035,0.16296700000000008,0.02274599999999971,star
0.8788330000000002,0.2450739999999989,0.13596100000000177,-3.799999999998249e-05,star
0.021999999999998465,-0.2259999999999991,0.41100000000000136,0.5219999999999985,wd
1.099730000000001,0.4516619999999989,0.12486799999999931,0.05799500000000002,star
0.1509999999999998,0.142000000000003,0.41799999999999926,-0.0470000000000006,qso
1.063790000000001,0.44800299999999815,0.12242300000000128,0.08007100000000023,star
2.4279209999999978,1.0964430000000007,0.03387100000000132,0.5948799999999981,star
0.32599999999999696,-0.03599999999999781,-0.05100000000000193,-0.14599999999999724,wd
0.45099999999999696,-0.11799999999999855,-0.22100000000000009,0.013999999999999346,wd
0.28800000000000026,-0.1059999999999981,0.21699999999999875,0.34499999999999886,qso
0.17099999999999937,0.0019999999999988916,0.19900000000000162,-0.013000000000001677,qso
0.28699999999999903,0.045000000000001705,-0.0470000000000006,0.19900000000000162,qso
0.10800000000000054,0.10200000000000031,0.19500000000000028,0.495000000000001,qso
1.5004419999999996,0.6066460000000014,0.2440339999999992,0.13919399999999982,star
-0.03500000000000014,-0.31700000000000017,-0.22500000000000142,-0.3030000000000008,wd
1.1595019999999998,0.5133399999999995,0.1876660000000001,0.11124799999999979,star
0.20600000000000307,-0.29900000000000304,-0.16799999999999926,-0.5539999999999985,wd
1.2109850000000009,0.49220499999999845,0.20839300000000094,0.09329800000000077,star
0.2270000000000003,-0.010999999999999233,0.26200000000000045,0.08099999999999952,qso
0.027000000000001023,-0.33999999999999986,-0.23199999999999932,-0.11299999999999955,wd
0.1819999999999986,0.21600000000000108,-0.05799999999999983,-0.015999999999998238,qso
0.40500000000000114,-0.2240000000000002,-0.23600000000000065,-0.2560000000000002,wd
0.27099999999999724,-0.31400000000000006,-0.2530000000000001,-0.18599999999999994,wd
0.2759999999999998,-0.006000000000000227,0.036999999999999034,0.10100000000000264,qso
1.0298659999999984,0.36137000000000086,0.10511999999999944,0.07966400000000107,star
0.5449999999999982,0.11500000000000199,0.04199999999999804,-0.08200000000000074,wd
0.9490049999999997,0.31880800000000065,0.09496299999999991,0.019383999999998736,star
0.07399999999999807,0.24399999999999977,-0.06700000000000017,-0.14999999999999858,qso
0.20099999999999696,0.4039999999999999,0.17100000000000293,0.07499999999999929,qso
1.4785439999999994,0.5673540000000017,0.20896000000000114,0.05497699999999739,star
0.48900000000000077,0.3019999999999996,0.07000000000000028,-0.08600000000000207,qso
1.8533919999999995,0.8781829999999999,0.27679099999999934,0.14068999999999932,star
0.5569999999999986,0.01600000000000179,0.12399999999999878,0.2220000000000013,qso
1.3599299999999985,0.48074300000000214,0.1519839999999988,0.04670500000000111,star
-0.14000000000000057,0.13200000000000145,-0.009000000000000341,-0.13800000000000168,qso
1.422777,0.5804100000000005,0.19764800000000093,0.10282700000000133,star
0.10900000000000176,-0.23000000000000043,-0.2840000000000025,-0.1980000000000004,wd
0.989021000000001,0.30919899999999956,0.10073199999999893,0.04238499999999945,star
1.3588349999999991,0.5577199999999998,0.20640399999999914,0.08780100000000246,star
-0.015000000000000568,-0.09099999999999753,0.13400000000000034,0.13299999999999912,qso
0.13100000000000023,0.19699999999999918,-0.06400000000000006,-0.036000000000001364,qso
-0.0259999999999998,-0.277000000000001,-0.30900000000000105,-0.129999999999999,wd
0.3869999999999969,-0.036999999999999034,0.5010000000000012,0.7210000000000001,wd
2.5338980000000006,1.2593530000000008,0.5274149999999977,0.2842520000000004,star
0.2729999999999997,0.43700000000000117,0.4200000000000017,0.41999999999999815,qso
0.15499999999999758,-0.0030000000000001137,0.2920000000000016,0.24399999999999977,qso
0.43900000000000006,0.10899999999999821,-0.004999999999999005,-0.13700000000000045,wd
0.39000000000000057,0.1960000000000015,0.07199999999999918,-0.02500000000000213,wd
1.3373469999999976,0.4660250000000019,0.21881600000000034,0.11108600000000024,star
0.5390000000000015,0.19099999999999895,0.23000000000000043,0.39000000000000057,qso
0.08599999999999852,-0.32399999999999807,-0.3150000000000013,-0.08000000000000185,wd
1.4474440000000008,0.5011410000000005,0.21248299999999887,0.03626600000000124,star
2.469290000000001,1.1182250000000007,0.44323200000000007,0.20105399999999918,star
0.2759999999999998,0.04899999999999949,0.30100000000000193,-0.07900000000000063,qso
0.2950000000000017,-0.2469999999999999,-0.24600000000000222,-0.29799999999999827,wd
-0.012999999999998124,-0.07000000000000028,0.2809999999999988,0.18599999999999994,qso
0.18599999999999994,-0.010999999999999233,0.2309999999999981,0.1280000000000001,qso
0.15300000000000225,0.23300000000000054,-0.03500000000000014,0.3009999999999984,qso
0.07500000000000284,0.3279999999999994,0.21999999999999886,0.009000000000000341,qso
0.3940000000000019,-0.240000000000002,-0.2270000000000003,-0.2270000000000003,wd
0.34199999999999875,-0.0799999999999983,0.3269999999999982,-0.15800000000000125,qso
0.14499999999999957,-0.33800000000000097,-0.24199999999999733,-0.3719999999999999,wd
1.154205000000001,0.4221420000000009,0.15574099999999902,0.1048120000000008,star
1.165728999999999,0.47059799999999896,0.20211800000000224,0.12265599999999921,star
2.7131539999999994,1.4045710000000007,0.8097729999999981,0.42574300000000065,star
0.1930000000000014,0.12399999999999878,0.3240000000000016,-0.05799999999999983,qso
1.265422000000001,0.44609399999999866,0.1992219999999989,0.023162000000001015,star
0.06800000000000139,0.46699999999999875,0.14199999999999946,0.017000000000003013,qso
0.30400000000000205,-0.3290000000000006,-0.1960000000000015,-0.04399999999999693,wd
-0.029999999999997584,0.04399999999999693,0.17600000000000193,-0.08300000000000196,qso
1.6393200000000014,0.6534750000000003,0.25803200000000004,0.0973569999999988,star
2.204861000000001,0.8562709999999996,0.3624679999999998,0.17650199999999927,star
0.2699999999999996,0.1609999999999978,0.010999999999999233,0.24700000000000344,qso
-0.1460000000000008,0.45000000000000284,0.14899999999999736,-0.19099999999999895,qso
0.1269999999999989,0.1479999999999997,0.33999999999999986,0.04899999999999949,qso
0.25400000000000134,0.3240000000000016,0.32399999999999807,0.06599999999999895,qso
1.705089000000001,0.6340810000000019,0.23924099999999981,0.12821899999999964,star
0.6389999999999993,0.25200000000000244,0.4259999999999984,0.06800000000000139,qso
0.8934770000000007,0.201039999999999,0.06504800000000088,0.0335300000000025,star
2.584892,1.3266999999999989,0.5976600000000012,0.3020569999999996,star
0.44200000000000017,-0.20200000000000173,-0.19299999999999784,-0.3760000000000012,wd
0.41999999999999815,-0.03200000000000003,-0.2099999999999973,-0.20899999999999963,wd
0.578000000000003,0.7149999999999999,0.44599999999999795,0.2660000000000018,qso
0.9751030000000007,0.3684699999999985,0.1552579999999999,0.07212399999999874,star
0.1789999999999985,0.2469999999999999,-0.036000000000001364,-0.12599999999999767,qso
0.2920000000000016,-0.27800000000000225,-0.2519999999999989,-0.1670000000000016,wd
0.01699999999999946,-0.04200000000000159,0.32800000000000296,-0.06400000000000006,qso
1.001044000000002,0.3356899999999996,0.0962859999999992,0.039543000000000106,star
0.4190000000000005,-0.17199999999999704,-0.22000000000000242,-0.13299999999999912,wd
0.34499999999999886,0.17800000000000082,0.28600000000000136,-0.05100000000000193,qso
0.5249999999999986,0.13500000000000156,0.054999999999999716,-0.0730000000000004,wd
2.6090550000000015,1.2516229999999986,0.6158750000000008,0.32214299999999874,star
0.09799999999999898,0.5620000000000012,0.25900000000000034,0.5390000000000015,qso
0.09100000000000108,0.09100000000000108,0.17199999999999704,0.11500000000000199,qso
0.3460000000000001,-0.25700000000000145,-0.23400000000000176,-0.3359999999999985,wd
0.4190000000000005,-0.19899999999999807,-0.25200000000000244,-0.14999999999999858,wd
0.38599999999999923,-0.13700000000000045,-0.16799999999999926,-0.18100000000000094,wd
1.168602,0.46061699999999917,0.17797700000000205,0.06433799999999934,star
0.2510000000000012,0.34999999999999787,-0.01899999999999835,0.08599999999999852,qso
1.054981999999999,0.13376000000000232,0.005672999999998041,-0.0974599999999981,star
0.26099999999999923,0.09700000000000131,0.16400000000000148,-0.04800000000000182,qso
1.2692769999999989,0.4372709999999991,0.1493190000000002,0.04980699999999949,star
0.054999999999999716,-0.018000000000000682,0.277000000000001,0.022999999999999687,qso
0.3880000000000017,0.5519999999999996,0.4250000000000007,0.09299999999999997,qso
0.5440000000000005,-0.23100000000000165,-0.2339999999999982,-0.04200000000000159,wd
0.39000000000000057,-0.0920000000000023,-0.0849999999999973,-0.13500000000000156,wd
0.41100000000000136,0.5169999999999995,0.29299999999999926,0.1910000000000025,qso
2.0555400000000006,0.8967770000000002,0.3000709999999991,0.19194399999999945,star
0.24099999999999966,0.11100000000000065,0.21799999999999997,0.019000000000001904,qso
2.3273469999999996,0.9515659999999979,0.363804,0.18142800000000037,star
0.36499999999999844,-0.028999999999999915,-0.004999999999999005,0.08999999999999986,qso
1.4874420000000015,0.6160350000000001,0.20174599999999998,0.11344800000000177,star
0.18499999999999872,0.038000000000000256,0.4140000000000015,-0.06299999999999883,qso
0.42499999999999716,-0.15399999999999991,-0.06699999999999662,-0.07000000000000028,wd
1.2031269999999985,0.5119380000000007,0.17316399999999987,0.08546700000000129,star
0.09700000000000131,0.21099999999999852,-0.02699999999999747,-0.05700000000000216,qso
1.7868990000000018,0.513838999999999,0.4234290000000005,0.09014199999999839,star
0.26500000000000057,-0.04299999999999926,0.27199999999999847,-0.14099999999999824,qso
1.156136,0.39960999999999913,0.14726500000000087,0.05592899999999901,star
0.0329999999999977,-0.31400000000000006,-0.254999999999999,-0.2510000000000012,wd
-0.03500000000000014,0.02500000000000213,0.03399999999999892,0.08800000000000097,qso
1.579943,0.6250650000000029,0.24635999999999925,0.1030869999999986,star
0.0920000000000023,-0.37400000000000233,-0.2469999999999999,-0.2829999999999977,wd
0.28300000000000125,0.2829999999999977,0.04899999999999949,0.09500000000000242,qso
-0.3100000000000023,-0.47499999999999787,-0.3490000000000002,-0.4559999999999995,wd
1.9786730000000006,0.9198319999999995,0.3263719999999992,0.21821400000000146,star
0.13799999999999812,0.02500000000000213,0.22299999999999898,-0.010999999999999233,qso
0.3710000000000022,-0.04200000000000159,-0.08200000000000074,0.0259999999999998,wd
0.2970000000000006,-0.006000000000000227,-0.05299999999999727,-0.23400000000000176,wd
0.4800000000000004,-0.1479999999999997,0.23600000000000065,0.4759999999999991,wd
-0.21600000000000108,-0.3910000000000018,-0.26799999999999713,-0.4120000000000026,wd
0.47199999999999775,0.10100000000000264,-0.10200000000000031,0.2569999999999979,qso
-0.09499999999999886,-0.3009999999999984,-0.2510000000000012,-0.26399999999999935,wd
0.3410000000000011,-0.038000000000000256,-0.03400000000000247,-0.1319999999999979,wd
0.23499999999999943,-0.05600000000000094,0.10900000000000176,0.038999999999997925,qso
0.1789999999999985,0.18599999999999994,-0.023999999999997357,0.21999999999999886,qso
1.4943799999999996,0.5864800000000017,0.21279499999999985,0.1310210000000005,star
0.1999999999999993,-0.21600000000000108,-0.25900000000000034,-0.3409999999999975,wd
0.31099999999999994,0.16600000000000037,-0.03500000000000014,0.1490000000000009,qso
0.009000000000000341,0.15700000000000003,0.027999999999998693,0.5230000000000032,qso
2.4399300000000004,1.1167049999999996,0.41298400000000157,0.20714699999999908,star
0.23799999999999955,-0.07699999999999818,0.19299999999999784,0.022999999999999687,qso
0.1960000000000015,0.1410000000000018,-0.05000000000000071,0.5689999999999991,qso
0.2940000000000005,0.472999999999999,0.40500000000000114,0.4870000000000019,qso
1.1283320000000003,0.4125209999999999,0.13618699999999961,0.011623000000000161,star
1.0715230000000027,0.4189949999999989,0.1343350000000001,0.022182000000000812,star
2.541174999999999,1.1612459999999984,0.4323669999999993,0.29127100000000183,star
2.264490000000002,1.0062919999999984,0.4420700000000011,0.1823049999999995,star
0.43599999999999994,0.3299999999999983,0.22600000000000264,0.054999999999999716,qso
0.9964960000000005,0.24097099999999827,0.08662999999999954,0.05012100000000075,star
1.7390000000000008,0.09299999999999997,0.08200000000000074,0.09199999999999875,qso
0.5039999999999978,-0.18100000000000094,-0.13799999999999812,-0.20599999999999952,wd
0.21799999999999997,0.00999999999999801,0.24200000000000088,-0.012000000000000455,qso
1.721146000000001,0.6950500000000002,0.3110799999999987,0.19261900000000054,star
1.1691949999999984,0.4032630000000026,0.13104099999999974,0.056680000000000064,star
0.3979999999999997,-0.16699999999999804,0.375,0.20599999999999952,qso
1.0188029999999983,0.36373299999999986,0.1298729999999999,-0.02146099999999862,star
0.22299999999999898,-0.13400000000000034,0.3249999999999993,-0.11199999999999832,qso
0.957611,0.24537100000000223,0.00740599999999958,-0.009060000000001622,star
0.2740000000000009,0.20500000000000185,0.045999999999999375,0.023999999999997357,qso
0.4480000000000004,0.08399999999999963,-0.03400000000000247,-0.009000000000000341,wd
0.6370000000000005,0.1559999999999988,0.6990000000000016,0.6609999999999978,wd
1.5470690000000005,0.5955569999999994,0.20704100000000025,0.08575900000000125,star
2.026363,0.7238620000000004,0.2948360000000001,0.09889000000000081,star
0.19899999999999807,-0.2759999999999998,-0.27699999999999747,-0.24900000000000233,wd
0.33899999999999864,-0.036999999999999034,-0.16699999999999804,-0.40100000000000335,wd
0.37400000000000233,-0.02400000000000091,-0.053000000000000824,-0.08200000000000074,qso
0.3409999999999975,-0.2809999999999988,-0.254999999999999,-0.0710000000000015,wd
0.19500000000000028,0.3000000000000007,0.030000000000001137,-0.10400000000000276,qso
1.0850000000000009,0.15700000000000003,0.42499999999999716,0.08300000000000196,qso
-0.05000000000000071,-0.4140000000000015,-0.34699999999999775,-0.31200000000000117,wd
0.24899999999999878,0.3279999999999994,0.2680000000000007,0.28200000000000003,qso
1.9784870000000012,0.79101,0.30000499999999874,0.16166499999999928,star
1.1499999999999986,0.18500000000000227,0.2049999999999983,0.39199999999999946,qso
-0.1559999999999988,-0.037000000000002586,0.3440000000000012,-0.24299999999999855,qso
1.2406579999999998,0.4689070000000015,0.1425219999999996,0.05951400000000007,star
1.494889999999998,0.5897670000000019,0.23427999999999827,0.12122100000000202,star
0.2959999999999994,0.05799999999999983,-0.16499999999999915,0.16600000000000037,qso
0.3290000000000006,-0.20700000000000074,-0.2859999999999978,-0.23100000000000165,wd
0.8865700000000025,0.29527599999999765,0.13765599999999978,0.02986500000000092,star
0.43200000000000216,0.15399999999999991,-0.1180000000000021,-0.03399999999999892,wd
0.40500000000000114,-0.18200000000000216,-0.19200000000000017,-0.27199999999999847,wd
0.11599999999999966,0.16799999999999926,0.11299999999999955,0.2989999999999995,qso
0.4250000000000007,0.10000000000000142,0.23199999999999932,-0.11700000000000088,qso
-0.07499999999999929,0.0519999999999996,0.3619999999999983,-0.023999999999997357,qso
0.4569999999999972,0.0730000000000004,-0.004999999999999005,0.18299999999999983,wd
0.3260000000000005,-0.11499999999999844,-0.1700000000000017,-0.7929999999999993,wd
1.906296000000001,0.7124679999999994,0.24304299999999834,0.09804300000000055,star
0.12299999999999756,-0.34699999999999775,-0.3260000000000005,-0.3030000000000008,wd
1.6265719999999995,0.6160599999999992,0.24184800000000095,0.0845760000000002,star
1.135488999999998,0.5064540000000015,0.25427099999999925,0.0071110000000000895,star
0.04299999999999926,-0.28999999999999915,-0.22500000000000142,0.08300000000000196,wd
0.3829999999999991,-0.02400000000000091,-0.08599999999999852,-0.1529999999999987,wd
0.259999999999998,-0.006999999999997897,-0.015000000000000568,-0.019999999999999574,qso
0.10999999999999943,-0.009000000000000341,0.1789999999999985,-0.04899999999999949,qso
2.4576279999999997,1.1436020000000013,0.4335519999999988,0.22849700000000084,star
1.6691590000000005,0.662700000000001,0.222290000000001,0.1224899999999991,star
1.3398990000000026,0.5387969999999989,0.19994799999999913,0.1622540000000008,star
0.41999999999999993,-0.01699999999999946,-0.125,-0.17100000000000115,wd
0.4510000000000005,-0.06900000000000261,-0.14300000000000068,-0.14999999999999858,wd
0.4579999999999984,0.365000000000002,0.4220000000000006,0.13700000000000045,qso
-0.030000000000001137,0.24200000000000088,0.00999999999999801,-0.26399999999999935,qso
0.28699999999999903,-0.09600000000000009,-0.2789999999999999,-0.2560000000000002,wd
1.334574,0.532159,0.26077500000000065,0.025922999999998808,star
0.07599999999999696,0.0990000000000002,0.3019999999999996,-0.05099999999999838,qso
-0.37099999999999866,-0.3450000000000024,0.0020000000000024443,0.2560000000000002,wd
0.012000000000000455,0.3860000000000028,0.012999999999998124,0.03900000000000148,qso
0.9027750000000019,0.36381399999999786,0.12292400000000114,0.024277000000001436,star
-0.07700000000000173,-0.3309999999999995,-0.23300000000000054,-0.27099999999999724,wd
1.9021380000000008,0.7172829999999983,0.28444999999999965,0.12998200000000182,star
0.5199999999999996,0.21199999999999974,0.16799999999999926,0.03999999999999915,qso
-0.2569999999999979,-0.4559999999999995,-0.31700000000000017,-0.31099999999999994,wd
0.5190000000000019,-0.03200000000000003,-0.08099999999999952,-0.16900000000000048,wd
1.2966119999999997,0.49789999999999957,0.14308500000000102,0.10852099999999965,star
1.7699560000000005,0.7415109999999991,0.2614079999999994,0.13823499999999989,star
2.463190000000001,0.9234409999999968,0.395779000000001,0.16244700000000023,star
0.16900000000000048,-0.14199999999999946,0.4750000000000014,0.6519999999999975,wd
1.009207,0.35733199999999954,0.17358000000000118,0.05575899999999834,star
0.19699999999999918,0.2289999999999992,0.17999999999999972,-0.0259999999999998,qso
0.02699999999999747,0.15500000000000114,-0.018000000000000682,-0.07399999999999807,qso
0.3299999999999983,0.008000000000002672,0.20399999999999707,-0.08399999999999963,qso
0.27699999999999747,0.21100000000000207,0.27199999999999847,-0.05699999999999861,qso
-0.06700000000000017,-0.3200000000000003,-0.2789999999999999,-0.23600000000000065,wd
0.35600000000000165,0.29199999999999804,0.0,0.18799999999999883,qso
0.1720000000000006,-0.1460000000000008,0.2430000000000021,-0.07499999999999929,qso
0.18400000000000105,-0.23900000000000077,-0.2309999999999981,-0.31700000000000017,wd
-0.11400000000000077,-0.40300000000000225,-0.31700000000000017,-0.3819999999999979,wd
0.43900000000000006,0.038000000000000256,-0.06099999999999994,-0.11899999999999977,wd
2.1373120000000014,0.9322779999999966,0.3588850000000008,0.15991999999999962,star
1.7088549999999998,0.6470599999999997,0.30154800000000037,0.14936700000000158,star
0.2809999999999988,0.08200000000000074,0.23900000000000077,0.038000000000000256,qso
0.4280000000000008,-0.25200000000000244,-0.21999999999999886,-0.472999999999999,wd
0.4569999999999972,-0.12399999999999878,-0.1039999999999992,-0.2430000000000021,wd
0.6139999999999972,0.20500000000000185,0.030000000000001137,0.05799999999999983,wd
0.125,-0.2889999999999979,-0.2900000000000027,-0.26599999999999824,wd
0.48799999999999955,0.44200000000000017,0.12599999999999767,0.2010000000000005,qso
0.1319999999999979,-0.29399999999999693,-0.2660000000000018,-0.3019999999999996,wd
1.0070400000000035,0.31536099999999934,0.1458549999999974,0.06496500000000083,star
0.03400000000000247,-0.41600000000000037,-0.3260000000000005,-0.17300000000000182,wd
1.726388,0.6597070000000009,0.2739159999999998,0.11824700000000021,star
1.1187590000000007,0.4124549999999978,0.14145300000000205,0.04737399999999781,star
0.3450000000000024,-0.22500000000000142,-0.16100000000000136,-0.3569999999999993,wd
0.21100000000000207,0.07600000000000051,0.26599999999999824,0.05600000000000094,qso
0.03200000000000003,0.036999999999999034,0.2510000000000012,-0.06800000000000139,qso
1.0619999999999976,0.9250000000000007,0.8659999999999997,0.45800000000000196,wd
1.058133999999999,0.38885900000000007,0.11302000000000056,0.024976000000000553,star
0.30600000000000094,0.2309999999999981,-0.0070000000000014495,-0.129999999999999,qso
1.3184660000000008,0.4613420000000019,0.1865079999999999,0.054139999999996746,star
1.0610050000000015,0.3208829999999985,0.11511900000000175,0.02595299999999945,star
0.1460000000000008,0.07099999999999795,0.20600000000000307,-0.22000000000000242,qso
0.3130000000000024,-0.005000000000002558,-0.08299999999999841,-0.14199999999999946,wd
0.5039999999999978,-0.04199999999999804,0.42199999999999704,0.6380000000000017,wd
0.120000000000001,0.07499999999999929,0.07600000000000051,0.20500000000000185,qso
-0.1269999999999989,-0.21799999999999997,-0.1999999999999993,-0.22000000000000242,wd
0.21300000000000097,0.0730000000000004,-0.1180000000000021,-0.15700000000000003,wd
1.708444,0.7207279999999976,0.25848200000000077,0.08344900000000166,star
0.22799999999999798,0.054999999999999716,0.0779999999999994,0.13600000000000279,qso
0.9833809999999978,0.23590300000000042,0.10116000000000014,0.013189000000000561,star
0.06499999999999773,0.06500000000000128,0.18100000000000094,0.1559999999999988,qso
-0.08399999999999963,-0.3999999999999986,-0.3689999999999998,-0.4559999999999995,wd
-0.14499999999999957,0.33899999999999864,0.485000000000003,0.29499999999999815,wd
-0.012000000000000455,0.3410000000000011,-0.0519999999999996,-0.14000000000000057,qso
0.12700000000000244,0.3490000000000002,0.1529999999999987,0.053999999999998494,qso
1.1359610000000018,0.39177899999999966,0.13394999999999868,0.057909999999999684,star
0.10699999999999932,-0.20800000000000196,-0.2339999999999982,-0.28000000000000114,wd
2.506876000000002,1.134637999999999,0.437615000000001,0.215719,star
1.021806999999999,0.380827,0.11488899999999802,0.015095000000002301,star
0.41999999999999815,0.04899999999999949,-0.06499999999999773,-0.05100000000000193,wd
0.1750000000000007,0.3829999999999991,-0.036999999999999034,-0.11799999999999855,qso
1.1357919999999986,0.3830370000000016,0.18951499999999832,-0.024346999999998786,star
2.5875130000000013,1.3829630000000002,0.8544919999999987,0.390543000000001,star
0.43799999999999883,0.13700000000000045,-0.038999999999997925,-0.05500000000000327,wd
0.14700000000000202,0.12399999999999878,0.07400000000000162,0.0329999999999977,qso
1.1590880000000006,0.46132300000000015,0.15460799999999963,0.029294999999999405,star
1.0307229999999983,0.3691640000000014,0.1649339999999988,0.007692000000002253,star
0.8855509999999995,0.2833369999999995,0.11778500000000136,-0.0019710000000010552,star
0.4280000000000008,-0.006000000000000227,-0.07899999999999885,-0.12199999999999989,wd
0.4039999999999999,-0.06700000000000017,-0.17999999999999972,-0.22100000000000009,wd
1.0083410000000015,0.44439299999999804,0.24764000000000053,0.04765899999999945,star
0.17600000000000193,-0.33300000000000196,-0.23999999999999844,-0.5229999999999997,wd
1.1049569999999989,0.4024200000000011,0.12224699999999977,0.006235999999999464,star
0.2530000000000001,0.28100000000000236,0.04199999999999804,0.015000000000000568,qso
0.0259999999999998,0.3829999999999991,0.04899999999999949,-0.012999999999998124,qso
1.158767000000001,0.3930480000000003,0.14920199999999895,-0.0005429999999986279,star
0.5779999999999994,0.36599999999999966,0.17099999999999937,0.1670000000000016,qso
0.3819999999999979,-0.0009999999999976694,-0.08200000000000074,-0.13200000000000145,wd
0.41699999999999804,0.31700000000000017,0.2890000000000015,-0.03900000000000148,qso
1.2406749999999995,0.4408460000000005,0.17357799999999912,0.11045999999999978,star
0.047999999999998266,0.14300000000000068,0.0010000000000012221,-0.029000000000003467,qso
0.2530000000000001,0.015000000000000568,-0.13599999999999923,0.06599999999999895,qso
0.397000000000002,0.3949999999999996,0.10000000000000142,0.472999999999999,qso
0.44399999999999906,-0.05600000000000094,-0.10899999999999821,-0.09299999999999997,wd
1.3548620000000007,0.5271340000000002,0.16479700000000008,0.07440599999999975,star
1.1385499999999986,0.4002219999999994,0.15618900000000124,0.058626999999997764,star
0.10699999999999932,0.31700000000000017,0.12400000000000233,-0.09600000000000009,qso
1.7135309999999997,0.6644610000000029,0.22913600000000045,0.11375799999999714,star
0.5279999999999987,-0.08099999999999952,-0.14499999999999957,-0.012000000000000455,wd
1.1661900000000003,0.40312899999999985,0.26960599999999957,-0.06262999999999863,star
1.501645,0.6187170000000002,0.2518999999999991,0.07115199999999966,star
0.2740000000000009,0.2950000000000017,0.08999999999999986,0.003999999999997783,qso
2.353933999999999,0.9801760000000002,0.3546530000000008,0.19334199999999946,star
2.507427,1.3510840000000002,0.7118000000000002,0.3847310000000004,star
0.05000000000000071,0.26899999999999835,-0.08299999999999841,0.1479999999999997,qso
1.276764,0.46552499999999775,0.1589760000000009,0.05071899999999907,star
0.41799999999999926,-0.23799999999999955,-0.2010000000000005,-0.47199999999999775,wd
-0.28800000000000026,-0.41499999999999915,-0.2789999999999999,-0.5609999999999999,wd
1.578602,0.5854910000000011,0.23949400000000054,0.15878499999999818,star
0.6400000000000006,0.2779999999999987,0.1769999999999996,0.0990000000000002,qso
-0.04100000000000037,-0.4029999999999987,-0.30100000000000193,-0.0329999999999977,wd
0.4259999999999984,-0.24899999999999878,-0.17599999999999838,-0.2029999999999994,wd
-0.0990000000000002,-0.33699999999999974,-0.20400000000000063,-0.254999999999999,wd
2.036311999999999,0.8147789999999979,0.2527430000000024,0.1844999999999999,star
0.1999999999999993,0.10600000000000165,0.21899999999999764,0.03500000000000014,qso
1.7843129999999974,0.6455270000000013,0.25092300000000023,0.08681299999999936,star
0.48300000000000054,0.012000000000000455,-0.07699999999999818,-0.2560000000000002,wd
0.7119999999999997,-0.027999999999998693,-0.18700000000000117,-0.16100000000000136,wd
0.34399999999999764,0.1490000000000009,0.2519999999999989,0.020000000000003126,qso
0.44599999999999795,0.18500000000000227,0.04899999999999949,-0.03100000000000236,wd
0.19299999999999784,0.19200000000000017,0.3030000000000008,0.03999999999999915,qso
1.169989000000001,0.4741500000000016,0.21432499999999877,0.07668299999999917,star
0.3290000000000006,0.7100000000000009,0.5749999999999993,0.4399999999999977,wd
1.2029999999999994,0.26399999999999935,0.1269999999999989,0.08500000000000085,qso
0.39000000000000057,-0.03200000000000003,0.1739999999999995,-0.13500000000000156,qso
0.9142939999999982,0.32009100000000146,0.1478369999999991,0.07168899999999923,star
1.9500670000000007,0.7274709999999995,0.2684809999999995,0.09870500000000071,star
0.8432059999999986,0.25285000000000224,0.08965099999999993,0.00829299999999833,star
1.223192000000001,0.46361900000000134,0.17730200000000096,0.010539999999998884,star
0.14700000000000202,0.2839999999999989,0.26500000000000057,0.6430000000000007,qso
1.6693500000000014,0.6066589999999987,0.22266300000000072,0.06527799999999928,star
1.3182079999999985,0.5472630000000009,0.2543389999999981,0.18668900000000122,star
0.41600000000000037,-0.08200000000000074,-0.1280000000000001,-0.17800000000000082,wd
0.26399999999999935,0.10099999999999909,0.23000000000000043,0.1460000000000008,qso
1.1351980000000026,0.3547969999999978,0.2401529999999994,0.07656500000000221,star
0.07000000000000028,-0.30500000000000327,-0.3509999999999991,-0.23900000000000077,wd
0.21699999999999875,0.24099999999999966,0.03900000000000148,0.3049999999999997,qso
0.06099999999999994,0.0030000000000001137,0.1910000000000025,0.0589999999999975,qso
0.2840000000000025,0.13099999999999667,0.35600000000000165,0.08999999999999986,qso
1.371661999999997,0.5447960000000016,0.2119560000000007,0.0032959999999988554,star
0.5839999999999996,0.10099999999999909,0.009000000000000341,-0.0259999999999998,wd
0.06400000000000006,0.08600000000000207,-0.010999999999999233,0.22499999999999787,qso
2.0564750000000025,0.7831199999999985,0.28518000000000043,0.1254539999999995,star
0.13299999999999912,0.3500000000000014,0.20399999999999707,0.05800000000000338,qso
0.39000000000000057,0.022999999999999687,-0.09199999999999875,-0.006000000000000227,wd
0.22800000000000153,0.028999999999999915,0.23799999999999955,-0.0990000000000002,qso
0.4109999999999978,-0.1819999999999986,-0.2890000000000015,0.120000000000001,wd
0.20399999999999707,-0.10099999999999909,0.20599999999999952,0.06300000000000239,qso
2.3616910000000004,1.131339999999998,0.37407500000000127,0.22539899999999946,star
1.2806500000000014,0.5130949999999999,0.17537300000000045,0.09905299999999784,star
-0.15900000000000247,-0.3460000000000001,-0.3379999999999974,-0.34299999999999997,wd
1.3159139999999994,0.4611850000000004,0.1753239999999998,0.08282800000000279,star
1.367220999999999,0.5014400000000006,0.23813399999999874,0.019398000000000692,star
0.4540000000000006,0.08399999999999963,0.027000000000001023,-0.05700000000000216,wd
0.9350279999999991,0.2851770000000009,0.10702699999999865,0.019819000000001807,star
-0.29799999999999827,-0.3999999999999986,-0.3979999999999997,-0.18100000000000094,wd
0.10500000000000043,-0.36599999999999966,-0.26699999999999946,-0.4590000000000032,wd
0.46399999999999864,-0.23899999999999721,-0.22800000000000153,0.027000000000001023,wd
-0.15200000000000102,-0.2729999999999997,-0.26399999999999935,0.014999999999997016,wd
1.3845009999999984,0.5099,0.17821600000000082,0.06646499999999911,star
1.4921989999999994,0.5991110000000006,0.2695469999999993,0.10789800000000227,star
0.3180000000000014,0.062000000000001165,0.06599999999999895,0.08999999999999986,qso
0.26500000000000057,0.3689999999999998,-0.21999999999999886,0.10899999999999821,qso
1.8608480000000007,0.7312580000000004,0.27399600000000035,0.14208099999999746,star
0.24099999999999966,-0.29799999999999827,-0.20700000000000074,-0.30700000000000216,wd
1.2534789999999987,0.5069449999999982,0.18318000000000012,0.058660000000003265,star
-0.26500000000000057,-0.4239999999999995,-0.3470000000000013,-0.33200000000000074,wd
-0.09800000000000253,-0.42199999999999704,-0.32500000000000284,-0.36799999999999855,wd
-0.29999999999999716,-0.4960000000000022,-0.34199999999999875,-0.3260000000000005,wd
1.1497360000000008,0.382517,0.1434519999999999,0.03945099999999968,star
0.2309999999999981,0.018000000000000682,0.14199999999999946,-0.11499999999999844,qso
0.4039999999999999,0.33899999999999864,0.5100000000000016,0.1280000000000001,qso
-0.05000000000000071,-0.17099999999999937,-0.21399999999999864,-0.05999999999999872,wd
1.5261549999999993,0.6536980000000021,0.28215199999999996,0.12643999999999878,star
0.3379999999999974,0.06400000000000006,0.20800000000000196,0.06299999999999883,qso
0.48600000000000065,-0.19399999999999906,-0.21799999999999997,-0.21499999999999986,wd
0.41199999999999903,0.004999999999999005,0.20300000000000296,-0.1440000000000019,qso
0.1739999999999995,-0.33399999999999963,-0.28800000000000026,-0.35100000000000264,wd
0.18700000000000117,0.2839999999999989,0.20200000000000173,-0.07199999999999918,qso
0.3110000000000035,0.04999999999999716,0.07000000000000028,0.0660000000000025,qso
1.6574980000000004,0.623659,0.2171890000000012,0.13871599999999873,star
0.4870000000000019,-0.2430000000000021,-0.2240000000000002,-0.10200000000000031,wd
0.3150000000000013,-0.24200000000000088,-0.24099999999999966,-0.25,wd
0.39699999999999847,0.1720000000000006,-0.004999999999999005,0.06899999999999906,wd
0.22900000000000276,0.0730000000000004,-0.08100000000000307,0.037000000000002586,qso
2.6589540000000014,1.2932279999999992,0.5500879999999988,0.29707800000000084,star
0.06400000000000006,0.2680000000000007,0.010000000000001563,-0.15200000000000102,qso
0.2289999999999992,0.18900000000000006,0.18799999999999883,0.21499999999999986,qso
1.9829229999999995,0.7989050000000013,0.34540400000000027,0.13960699999999981,star
0.2010000000000005,0.08099999999999952,0.21499999999999986,0.06400000000000006,qso
0.21100000000000207,-0.1670000000000016,0.28300000000000125,-0.6189999999999998,qso
0.12200000000000344,0.24599999999999866,0.04199999999999804,-0.07199999999999918,qso
2.5163149999999987,1.1388320000000007,0.41228900000000124,0.19258699999999962,star
-0.08099999999999952,0.0779999999999994,0.2430000000000021,0.16900000000000048,qso
0.2410000000000032,0.04299999999999926,0.23499999999999943,0.036999999999999034,qso
0.023999999999997357,-0.33999999999999986,-0.3059999999999974,-0.28300000000000125,wd
2.3960469999999994,1.144819,0.46296800000000005,0.2867569999999997,star
1.705921,0.7346840000000014,0.25679799999999986,0.12792400000000015,star
0.39399999999999835,0.0020000000000024443,-0.09299999999999997,-0.1460000000000008,wd
1.425221999999998,0.5809610000000021,0.24859599999999915,0.1302279999999989,star
0.8940660000000022,0.27834199999999854,0.11058200000000085,0.0023879999999998347,star
0.07000000000000028,0.125,0.07700000000000173,0.14599999999999724,qso
0.3290000000000006,-0.10400000000000276,0.17100000000000293,0.045999999999999375,qso
1.4370970000000014,0.5548800000000007,0.22750699999999924,0.11329299999999876,star
0.08399999999999963,0.5690000000000026,0.39299999999999713,0.20000000000000284,qso
0.19200000000000017,-0.3279999999999994,-0.2560000000000002,-0.402000000000001,wd
1.3019810000000014,0.6351089999999999,0.19923400000000058,0.16131399999999907,star
0.4800000000000004,0.08200000000000074,0.04299999999999926,0.28000000000000114,qso
0.34399999999999764,0.13500000000000156,0.129999999999999,0.14499999999999957,qso
0.33999999999999986,-0.21699999999999875,-0.2010000000000005,-0.3999999999999986,wd
1.747883999999999,0.7870199999999983,0.3305340000000001,0.1224330000000009,star
0.3910000000000018,0.09100000000000108,-0.018000000000000682,-0.10099999999999909,wd
0.40000000000000213,0.5029999999999966,0.20800000000000196,0.14499999999999957,qso
-0.11299999999999955,-0.27399999999999736,-0.27600000000000335,-0.11599999999999966,wd
0.4339999999999975,-0.07499999999999929,-0.20599999999999952,0.0,wd
0.02500000000000213,0.13100000000000023,0.1739999999999995,0.2809999999999988,qso
0.5410000000000004,0.15000000000000213,0.264999999999997,0.08100000000000307,qso
0.41799999999999926,-0.045999999999999375,-0.10099999999999909,-0.07499999999999929,wd
0.4400000000000013,0.01799999999999713,-0.09399999999999764,0.0329999999999977,wd
0.6639999999999979,0.4930000000000021,0.23600000000000065,0.6139999999999972,qso
1.1164379999999987,0.43921999999999883,0.1408680000000011,0.07743999999999929,star
-0.07600000000000051,-0.3260000000000005,-0.2839999999999989,-0.05799999999999983,wd
-0.4369999999999976,-0.4930000000000021,-0.2270000000000003,-0.2619999999999969,wd
1.3360199999999978,0.5885350000000003,0.23766000000000176,0.10083500000000001,star
0.18100000000000094,0.2579999999999991,-0.12099999999999866,0.08699999999999974,qso
1.5185909999999971,0.5738510000000012,0.15091100000000068,0.1616850000000003,star
1.6067810000000016,0.6120049999999999,0.22375000000000078,0.07141399999999898,star
1.274000000000001,0.8889999999999993,0.9860000000000007,0.6789999999999985,wd
-0.23400000000000176,-0.36799999999999855,-0.28800000000000026,-0.25800000000000267,wd
2.567394,1.3557419999999993,0.7058929999999997,0.31144200000000133,star
1.2242770000000007,0.39749199999999973,0.18329400000000007,0.07288700000000148,star
2.637741000000002,1.144482,0.44067999999999863,0.22705400000000076,star
0.019999999999999574,-0.00999999999999801,0.3230000000000004,0.01699999999999946,qso
0.006000000000000227,-0.36299999999999955,-0.26099999999999923,-0.4200000000000017,wd
0.6069999999999993,0.6649999999999991,0.1700000000000017,0.10199999999999676,qso
0.5090000000000003,0.11899999999999977,-0.03200000000000003,-0.012999999999998124,wd
2.6416869999999975,1.2268369999999997,0.4803680000000021,0.2385609999999989,star
1.3353059999999992,0.5154710000000016,0.1498500000000007,0.1224659999999993,star
1.3443069999999988,0.4921970000000009,0.19895999999999958,0.07271599999999978,star
2.541131,1.1631470000000022,0.43209699999999884,0.24030400000000007,star
0.6099999999999994,0.02500000000000213,0.1479999999999997,0.4369999999999976,qso
0.1720000000000006,-0.3230000000000004,-0.2789999999999999,-0.18299999999999983,wd
1.2584800000000023,0.4942309999999992,0.15879900000000013,0.05232900000000029,star
0.25,0.28300000000000125,0.2240000000000002,-0.022999999999999687,qso
0.3450000000000024,-0.2289999999999992,-0.30700000000000216,-0.0779999999999994,wd
1.4126359999999991,0.49628799999999984,0.15655800000000042,0.051259999999999195,star
0.9136279999999992,0.32322699999999926,0.1137010000000025,0.048575999999997066,star
-0.03999999999999915,-0.2809999999999988,-0.21600000000000108,0.013999999999999346,wd
1.012867,0.30828599999999895,0.12575000000000003,0.01632500000000192,star
-0.29100000000000037,-0.45899999999999963,-0.397000000000002,0.08400000000000318,wd
0.17099999999999937,0.14999999999999858,0.26000000000000156,0.08299999999999841,qso
1.1451220000000006,0.39277099999999976,0.12982599999999778,0.043169000000002455,star
-0.00999999999999801,-0.3979999999999997,-0.30400000000000205,-0.27099999999999724,wd
0.43700000000000117,0.02500000000000213,-0.05500000000000327,-0.05099999999999838,wd
0.30799999999999983,0.062000000000001165,-0.08900000000000219,0.14800000000000324,qso
0.4609999999999985,-0.28800000000000026,-0.14199999999999946,-0.13200000000000145,wd
0.36400000000000077,0.07899999999999707,0.036000000000001364,0.036000000000001364,qso
0.08400000000000318,0.31099999999999994,-0.1180000000000021,-0.1319999999999979,qso
1.4649430000000017,0.5670779999999986,0.22970700000000122,0.08860400000000013,star
1.0277659999999997,0.036137000000000086,-0.045408000000000115,-0.11269899999999922,star
1.129884999999998,0.43370000000000175,0.11787799999999748,0.025253000000002856,star
2.0580079999999974,0.7714630000000007,0.26274899999999946,0.17039100000000218,star
-0.06099999999999994,-0.2759999999999998,-0.14300000000000068,-0.4220000000000006,wd
0.3470000000000013,0.013999999999999346,0.20800000000000196,0.08899999999999864,qso
2.5853600000000014,1.2839910000000003,0.7878039999999995,0.42552200000000084,star
0.6419999999999995,-0.02499999999999858,-0.021000000000000796,0.2759999999999998,qso
0.43100000000000094,-0.1700000000000017,-0.1789999999999985,-0.2469999999999999,wd
0.29199999999999804,-0.0730000000000004,0.6370000000000005,0.5450000000000017,wd
0.4289999999999985,-0.05799999999999983,-0.12199999999999989,-0.1509999999999998,wd
0.2259999999999991,0.08999999999999986,0.10200000000000031,0.5519999999999996,qso
0.4609999999999985,-0.28800000000000026,-0.14199999999999946,-0.13200000000000145,wd
2.3617120000000007,1.0242120000000003,0.42554400000000037,0.2124889999999997,star
0.375,0.13599999999999923,-0.015000000000000568,0.19700000000000273,qso
0.504999999999999,0.1440000000000019,0.07699999999999818,-0.05299999999999727,wd
-0.012000000000000455,-0.2959999999999994,-0.29100000000000037,-0.33200000000000074,wd
0.9997119999999988,0.2906990000000018,0.08998199999999912,0.00741999999999976,star
0.8718409999999999,0.31625000000000014,0.10083900000000057,0.04630900000000082,star
2.5625590000000003,1.3664510000000014,0.6876149999999992,0.3276310000000002,star
0.9818689999999997,0.4239940000000004,0.18307899999999933,0.04998900000000006,star
1.1193279999999994,0.31489699999999843,0.15873900000000063,0.028105000000000047,star
1.2368970000000026,0.4446979999999989,0.16833700000000107,0.0632969999999986,star
1.5408289999999987,0.6862829999999995,0.27225699999999975,0.1232609999999994,star
1.2618360000000024,0.4259499999999985,0.18191000000000024,0.12978700000000032,star
1.4000570000000003,0.43385299999999916,0.13593700000000197,0.08993299999999849,star
1.176045000000002,0.4836159999999978,0.13841000000000037,0.0662629999999993,star
1.5134679999999996,0.6437230000000014,0.22337900000000133,0.0790779999999991,star
0.11699999999999733,0.25400000000000134,-0.05600000000000094,0.008000000000002672,qso
0.2359999999999971,0.1479999999999997,0.022000000000002018,0.10999999999999943,qso
2.564350000000001,1.2189499999999995,0.43584400000000123,0.2471180000000004,star
-0.0329999999999977,-0.38000000000000256,-0.24899999999999878,-0.30900000000000105,wd
1.425650000000001,0.5574929999999991,0.25619299999999967,0.1193559999999998,star
0.3360000000000021,-0.25,-0.1490000000000009,-0.1460000000000008,wd
2.469957000000001,1.016127000000001,0.3268740000000001,0.20169800000000038,star
0.657,0.5360000000000014,0.2749999999999986,0.19900000000000162,qso
0.22299999999999898,-0.2629999999999981,-0.3940000000000019,0.129999999999999,wd
0.1700000000000017,0.14099999999999824,0.07000000000000028,0.1769999999999996,qso
2.1236020000000018,0.792228999999999,0.31825100000000006,0.14068400000000025,star
-0.2699999999999996,-0.43299999999999983,-0.4139999999999979,-0.2959999999999994,wd
1.2213429999999992,0.41534799999999983,0.036473000000000866,0.11664299999999983,star
-0.04400000000000048,0.4469999999999992,0.6020000000000003,0.5139999999999993,wd
0.1609999999999978,-0.33899999999999864,-0.29100000000000037,-0.2530000000000001,wd
0.4089999999999989,-0.2069999999999972,-0.21300000000000097,-0.1980000000000004,wd
0.05299999999999727,0.022000000000002018,0.20700000000000074,0.12199999999999989,qso
0.5620000000000012,0.19499999999999673,0.060000000000002274,-0.053000000000000824,wd
0.13700000000000045,-0.19500000000000028,-0.254999999999999,-0.21300000000000097,wd
0.2560000000000002,0.18100000000000094,0.08399999999999963,-0.0990000000000002,qso
0.07400000000000162,-0.3210000000000015,-0.19299999999999784,-0.13400000000000034,wd
0.1980000000000004,0.0990000000000002,0.21000000000000085,-0.07399999999999807,qso
0.3739999999999988,-0.05600000000000094,-0.18400000000000105,-0.18299999999999983,wd
2.5990280000000006,0.9732399999999988,0.4377689999999994,0.22736399999999968,star
0.9160809999999984,0.24314599999999942,0.07284399999999991,-0.04990399999999795,star
-0.4059999999999988,-0.4540000000000006,-0.35900000000000176,-0.125,wd
0.06499999999999773,-0.053999999999998494,0.26000000000000156,-0.09600000000000009,qso
0.9382239999999982,0.31600800000000007,0.11179200000000122,0.015228000000000463,star
0.08999999999999986,0.22100000000000009,-0.07600000000000051,-0.05000000000000071,qso
0.12300000000000111,0.11199999999999832,-0.1269999999999989,0.05000000000000071,qso
0.26099999999999923,-0.3069999999999986,-0.2270000000000003,-0.33000000000000185,wd
2.6949049999999986,1.3530960000000007,0.5704969999999996,0.3067250000000019,star
0.5809999999999995,-0.08099999999999952,0.036999999999999034,-0.4480000000000004,wd
1.4449119999999986,0.6712610000000012,0.23250799999999927,0.11969900000000067,star
1.3830279999999995,0.5480799999999988,0.21678400000000053,0.11797899999999828,star
1.5958649999999999,0.5459500000000013,0.23166499999999957,0.025967000000001406,star
2.393650000000001,1.1387210000000003,0.4421590000000002,0.24858399999999925,star
0.28300000000000125,-0.23199999999999932,-0.2950000000000017,-0.11799999999999855,wd
0.9109039999999986,0.27852800000000144,0.09548699999999855,0.05889000000000166,star
1.158185999999997,0.5031370000000024,0.2063069999999989,0.054787999999998505,star
0.8817899999999987,0.29593100000000305,0.09103799999999751,0.023344000000001586,star
-0.020999999999997243,-0.23500000000000298,-0.21099999999999852,-0.1739999999999995,wd
0.14199999999999946,0.08999999999999986,0.1440000000000019,-0.1039999999999992,qso
1.3512920000000008,0.5988329999999991,0.3169380000000004,0.0813050000000004,star
0.45200000000000173,-0.0519999999999996,-0.060000000000002274,-0.09299999999999997,wd
2.255237000000001,0.9745289999999969,0.33343400000000045,0.16198300000000287,star
2.164287999999999,0.8394779999999997,0.26808800000000055,0.1366929999999993,star
0.4920000000000009,-0.19200000000000017,-0.17300000000000182,-0.1460000000000008,wd
0.26599999999999824,-0.04499999999999815,0.31099999999999994,0.25,qso
0.3440000000000012,0.2289999999999992,0.09299999999999997,0.24599999999999866,qso
1.9305610000000009,0.7143109999999986,0.27084600000000236,0.13836499999999852,star
1.1131330000000013,0.42679000000000045,0.15403599999999784,0.06316700000000353,star
1.774630000000002,0.6706079999999979,0.18240800000000235,0.2274839999999987,star
0.47800000000000153,-0.10800000000000054,-0.21600000000000108,-0.2010000000000005,wd
0.012000000000000455,-0.05299999999999727,0.17999999999999972,0.2799999999999976,qso
-0.38700000000000045,-0.39699999999999847,-0.3309999999999995,-0.45000000000000284,wd
0.43299999999999983,-0.006999999999997897,-0.11500000000000199,-0.12099999999999866,wd
-0.0020000000000024443,0.22500000000000142,-0.030000000000001137,0.08600000000000207,qso
1.6509719999999994,0.626095000000003,0.23502499999999849,0.11911100000000019,star
0.47499999999999787,-0.16799999999999926,-0.16399999999999793,-0.1700000000000017,wd
0.16199999999999903,0.2510000000000012,0.6020000000000003,0.4800000000000004,wd
-0.11100000000000065,-0.29100000000000037,-0.3200000000000003,-0.11599999999999966,wd
1.1587090000000018,0.4211949999999991,0.1585409999999996,0.0044719999999998095,star
1.4515619999999991,0.5551690000000011,0.22784300000000002,0.12157299999999971,star
0.8993099999999998,0.23780999999999963,0.12863499999999917,-0.054511999999999006,star
1.384915999999997,0.45805000000000007,0.17153800000000174,0.2097680000000004,star
1.771457999999999,0.674042,0.31203300000000134,0.09615399999999852,star
0.44200000000000017,0.3249999999999993,0.26200000000000045,-0.03200000000000003,qso
0.4220000000000006,0.546999999999997,0.010000000000001563,-0.036000000000001364,qso
1.056439000000001,0.3415239999999997,0.15579199999999815,0.017233000000000942,star
0.25099999999999767,0.008000000000002672,-0.0470000000000006,0.5670000000000002,qso
0.4089999999999989,0.13899999999999935,0.2680000000000007,0.0710000000000015,qso
0.5580000000000034,0.07499999999999929,0.06199999999999761,0.03400000000000247,qso
-0.05700000000000216,-0.33699999999999974,-0.2789999999999999,-0.21799999999999997,wd
1.4993109999999987,0.5474560000000004,0.2387870000000003,0.1020190000000003,star
0.46899999999999764,-0.19500000000000028,-0.2129999999999974,-0.2759999999999998,wd
0.532,-0.125,-0.06899999999999906,0.20199999999999818,qso
1.2356669999999994,0.47533400000000015,0.15386900000000026,-0.0015999999999998238,star
0.3019999999999996,-0.2530000000000001,-0.21699999999999875,-0.23000000000000043,wd
0.8931919999999991,0.3093640000000004,0.042682000000001,0.015103999999999118,star
0.3730000000000011,-0.1410000000000018,-0.21099999999999852,-0.23900000000000077,wd
0.3309999999999995,0.1479999999999997,0.30600000000000094,0.16799999999999926,qso
0.4430000000000014,-0.1720000000000006,-0.0990000000000002,0.15500000000000114,wd
2.1124449999999975,0.8849320000000027,0.32552699999999746,0.16065800000000152,star
0.2839999999999989,0.027000000000001023,0.14199999999999946,0.07199999999999918,qso
0.07099999999999795,-0.36799999999999855,-0.26099999999999923,-0.3030000000000008,wd
0.4759999999999991,-0.17799999999999727,-0.22600000000000264,-0.19299999999999784,wd
0.5519999999999996,0.6499999999999986,0.13700000000000045,0.1490000000000009,qso
0.1769999999999996,0.2809999999999988,-0.04099999999999682,-0.10600000000000165,qso
0.05099999999999838,0.0020000000000024443,0.2879999999999967,0.037000000000002586,qso
0.15200000000000102,-0.31899999999999906,-0.27500000000000213,-0.36999999999999744,wd
-0.2660000000000018,-0.5089999999999968,-0.3150000000000013,-0.053999999999998494,wd
0.13400000000000034,0.09499999999999886,0.19599999999999795,-0.01799999999999713,qso
-0.018000000000000682,-0.33399999999999963,-0.15500000000000114,0.07600000000000051,wd
0.11700000000000088,0.3309999999999995,-0.010000000000001563,-0.07499999999999929,qso
1.094933000000001,0.37446199999999763,0.154123000000002,0.03461499999999873,star
0.5360000000000014,0.17099999999999937,0.23900000000000077,0.0470000000000006,qso
0.25400000000000134,0.05299999999999727,0.3190000000000026,0.04899999999999949,qso
1.0583859999999987,0.35742700000000127,0.16282599999999903,0.022316999999999254,star
0.21000000000000085,0.10000000000000142,0.19200000000000017,-0.07200000000000273,qso
0.8920890000000021,0.31256099999999876,0.12549800000000033,0.019766000000000616,star
0.3520000000000003,-0.054999999999999716,-0.12300000000000111,-0.24599999999999866,wd
0.40700000000000003,-0.07199999999999918,-0.12099999999999866,-0.15899999999999892,wd
0.2170000000000023,0.4869999999999983,0.23199999999999932,0.5169999999999995,qso
0.2240000000000002,-0.03399999999999892,-0.0920000000000023,-0.21899999999999764,wd
2.1090909999999994,0.7931010000000001,0.2581990000000012,0.14891799999999833,star
0.4569999999999972,-0.0009999999999976694,-0.10100000000000264,-0.1789999999999985,wd
0.3279999999999994,0.31599999999999895,0.46499999999999986,0.3880000000000017,qso
0.44700000000000273,-0.012000000000000455,-0.11500000000000199,0.2660000000000018,qso
1.230862000000002,0.5058969999999974,0.21418200000000098,0.1027780000000007,star
0.9307459999999992,0.3139870000000009,0.09258099999999914,0.03147700000000242,star
2.6483160000000012,1.2174200000000006,0.5256669999999986,0.22842999999999947,star
0.4989999999999988,0.08999999999999986,-0.019999999999999574,-0.03399999999999892,wd
1.4304939999999995,0.48100900000000024,0.2292129999999979,0.1314150000000005,star
0.42799999999999727,-0.012999999999998124,-0.125,0.1039999999999992,wd
0.27699999999999747,0.022000000000002018,-0.08300000000000196,-0.07399999999999807,wd
0.36599999999999966,0.09800000000000253,-0.1180000000000021,0.07199999999999918,qso
0.11499999999999844,0.08399999999999963,0.25,0.1529999999999987,qso
0.3979999999999997,0.0799999999999983,-0.009000000000000341,-0.18799999999999883,wd
1.5715809999999983,0.5906410000000015,0.21773299999999907,0.13133099999999942,star
0.2859999999999978,-0.1980000000000004,-0.17299999999999827,0.13599999999999923,wd
0.3509999999999991,-0.10500000000000043,-0.19299999999999784,-0.1980000000000004,wd
1.281093000000002,0.40963999999999956,0.15206699999999884,0.018437999999999732,star
0.2729999999999997,0.0990000000000002,-0.06199999999999761,0.14699999999999847,qso
1.3569999999999993,0.28999999999999915,0.06099999999999994,0.012000000000000455,qso
0.12300000000000111,-0.2690000000000019,-0.2569999999999979,0.08599999999999852,wd
1.0463860000000018,0.2894749999999995,0.10916199999999954,-0.00059899999999935,star
0.9410759999999989,0.26266499999999837,0.09169200000000188,0.01749200000000073,star
1.2138499999999972,0.42311100000000224,0.15715600000000052,0.03077199999999891,star
-0.030000000000001137,-0.30900000000000105,-0.1739999999999995,-0.379999999999999,wd
1.3602179999999997,0.5291309999999996,0.18212100000000042,0.007253000000000398,star
0.41799999999999926,-0.06400000000000006,-0.19699999999999918,-0.062000000000001165,wd
0.4690000000000012,-0.16600000000000037,-0.19399999999999906,-0.14999999999999858,wd
1.3758790000000012,0.4803909999999991,0.17064700000000066,0.08550299999999922,star
2.166514999999997,0.9825290000000031,0.37649199999999894,0.19873999999999903,star
1.598151999999999,0.6269020000000012,0.2682469999999988,0.1349429999999998,star
1.8004110000000004,0.7289909999999971,0.26965900000000076,0.1311549999999997,star
0.0470000000000006,0.06899999999999906,0.28800000000000026,-0.06400000000000006,qso
0.5809999999999995,0.13700000000000045,0.006999999999997897,-0.07000000000000028,wd
0.4450000000000003,-0.1490000000000009,-0.3099999999999987,-0.26200000000000045,wd
0.24299999999999855,-0.1479999999999997,0.15300000000000225,-0.14300000000000068,qso
-0.17600000000000193,-0.27399999999999736,0.22799999999999798,0.2530000000000001,wd
1.1102690000000024,0.3879029999999979,0.15052999999999983,0.01181100000000157,star
0.13400000000000034,0.3099999999999987,-0.004999999999999005,0.352999999999998,qso
1.6116680000000017,0.6034679999999994,0.21435200000000165,0.08309699999999864,star
1.961506,0.745375000000001,0.319153,0.09633100000000105,star
-0.2510000000000012,-0.48999999999999844,-0.30600000000000094,-0.33699999999999974,wd
-0.3200000000000003,-0.43599999999999994,-0.2890000000000015,-0.24899999999999878,wd
0.10899999999999821,0.05699999999999861,-0.18599999999999994,0.18000000000000327,qso
0.39399999999999835,-0.10999999999999943,-0.16799999999999926,-0.3019999999999996,wd
0.35800000000000054,0.30600000000000094,0.3619999999999983,0.11400000000000077,qso
0.13000000000000256,-0.08099999999999952,-0.17600000000000193,-0.2079999999999984,wd
-0.14499999999999957,-0.41300000000000026,-0.28699999999999903,-0.35999999999999943,wd
1.1540259999999982,0.32094100000000125,0.1516320000000011,0.04049499999999995,star
1.1349739999999997,0.4074360000000006,0.17645900000000125,0.022794999999998566,star
0.5040000000000013,0.13800000000000168,0.05699999999999861,-0.07199999999999918,wd
1.1867560000000008,0.392062000000001,0.18999400000000044,-0.049613000000000795,star
0.31400000000000006,0.10899999999999821,0.25500000000000256,-0.021000000000000796,qso
0.05699999999999861,0.08699999999999974,-0.06700000000000017,0.3500000000000014,qso
-0.08600000000000207,-0.24899999999999878,-0.24200000000000088,-0.24899999999999878,wd
-0.010000000000001563,-0.27199999999999847,-0.1680000000000028,-0.16799999999999926,wd
1.2524970000000017,0.5141999999999989,0.20869799999999827,0.0469190000000026,star
0.010999999999999233,0.2339999999999982,-0.027999999999998693,-0.1999999999999993,qso
0.495000000000001,0.12399999999999878,-0.013999999999999346,-0.05100000000000193,wd
1.1126159999999992,0.1555359999999979,0.13482700000000136,0.04174199999999928,star
0.23200000000000287,0.18099999999999739,-0.1319999999999979,0.047999999999998266,qso
1.8081460000000007,0.6696409999999986,0.36356500000000125,0.18727499999999964,star
0.4309999999999974,0.30500000000000327,0.2129999999999974,0.0730000000000004,qso
1.463623000000002,0.4709389999999978,0.17826300000000117,0.13530199999999937,star
0.31700000000000017,-0.0030000000000001137,0.16799999999999926,0.045000000000001705,qso
0.0020000000000024443,0.16399999999999793,-0.02699999999999747,0.12199999999999989,qso
0.14399999999999835,0.7070000000000007,-0.21499999999999986,-0.20200000000000173,qso
0.4819999999999993,0.4220000000000006,0.18100000000000094,0.00999999999999801,qso
0.9927080000000004,0.3461819999999989,0.07731799999999822,0.010363000000001676,star
0.3470000000000013,0.022999999999999687,0.07000000000000028,0.4079999999999977,qso
1.6512810000000009,0.5657539999999983,0.3938120000000005,-0.08375299999999797,star
0.13400000000000034,-0.006000000000000227,0.06899999999999906,0.10999999999999943,qso
0.41199999999999903,-0.17300000000000182,-0.25099999999999767,-0.554000000000002,wd
1.1219999999999999,1.027000000000001,0.6610000000000014,0.39399999999999835,wd
0.16799999999999926,0.18799999999999883,0.004000000000001336,0.10800000000000054,qso
-0.1839999999999975,-0.4430000000000014,-0.2680000000000007,-0.29100000000000037,wd
0.46300000000000097,-0.19200000000000017,-0.2740000000000009,0.1479999999999997,wd
1.677226000000001,0.6375250000000001,0.21615999999999858,0.12480000000000047,star
0.39599999999999724,0.30900000000000105,0.3030000000000008,-0.0070000000000014495,qso
0.12400000000000233,-0.054000000000002046,0.043000000000002814,0.11799999999999855,qso
-0.365000000000002,-0.48999999999999844,-0.3550000000000004,-0.5309999999999988,wd
1.308790000000002,0.40655899999999967,0.20045799999999936,-0.022833999999999577,star
0.06099999999999994,-0.3200000000000003,-0.26399999999999935,-0.3520000000000003,wd
0.0990000000000002,0.25400000000000134,0.036999999999999034,-0.015000000000000568,qso
1.0233060000000016,0.29578699999999714,0.1273370000000007,0.027359000000000577,star
0.25,0.2339999999999982,0.2010000000000005,-0.09799999999999898,qso
1.1456489999999988,0.35335500000000053,0.11514700000000033,0.037164999999998116,star
1.0521809999999974,0.3916530000000016,0.09983400000000131,0.039314999999998435,star
0.4190000000000005,0.04199999999999804,-0.16399999999999793,0.06799999999999784,qso
0.5760000000000005,0.11899999999999977,0.10099999999999909,0.09500000000000242,qso
0.3520000000000003,-0.0020000000000024443,-0.08599999999999852,-0.12100000000000222,wd
0.2710000000000008,-0.31400000000000006,-0.26399999999999935,-0.2660000000000018,wd
0.029000000000003467,-0.38300000000000267,-0.28200000000000003,-0.23699999999999832,wd
-0.3289999999999971,-0.4940000000000033,-0.3689999999999998,-0.31700000000000017,wd
0.17800000000000082,0.11799999999999855,0.15800000000000125,0.2510000000000012,qso
1.9565030000000014,0.7505319999999998,0.24657000000000018,0.12898400000000088,star
0.11100000000000065,-0.3099999999999987,-0.30600000000000094,-0.2740000000000009,wd
-0.03999999999999915,0.06800000000000139,0.5899999999999999,0.509999999999998,wd
0.43599999999999994,0.5180000000000007,0.14699999999999847,0.06099999999999994,qso
0.384999999999998,0.2840000000000025,0.04999999999999716,0.44700000000000273,qso
0.11100000000000065,-0.0940000000000012,-0.12199999999999989,-0.2749999999999986,wd
2.1503750000000004,0.8577119999999994,0.3290609999999994,0.13159600000000182,star
-0.28600000000000136,-0.4430000000000014,-0.3119999999999976,-0.3620000000000019,wd
0.004000000000001336,-0.13500000000000156,-0.18599999999999994,-0.12600000000000122,wd
0.41799999999999926,-0.20400000000000063,-0.16399999999999793,0.11499999999999844,wd
0.1720000000000006,0.1750000000000007,-0.12600000000000122,0.04100000000000037,qso
0.20199999999999818,0.19000000000000128,-0.053000000000000824,-0.08799999999999741,qso
1.6781010000000016,0.6994439999999997,0.24318099999999987,0.13702400000000026,star
0.2789999999999999,-0.25900000000000034,-0.26699999999999946,-0.3670000000000009,wd
0.27099999999999724,-0.15499999999999758,-0.022000000000002018,-0.13899999999999935,qso
1.2258379999999995,0.4239350000000002,0.14960100000000054,0.0707000000000022,star
1.01877,0.18632299999999802,0.04039600000000121,-0.000332000000000221,star
0.3119999999999976,0.022000000000002018,0.1559999999999988,-0.006000000000000227,qso
1.1186410000000002,0.3746020000000012,0.10993999999999993,0.04908000000000001,star
1.120000000000001,0.24299999999999855,0.05799999999999983,0.0,qso
0.23600000000000065,0.4259999999999984,0.26099999999999923,0.10300000000000153,qso
2.6757869999999997,1.385866,0.6678330000000017,0.36655199999999866,star
-0.2799999999999976,-0.49099999999999966,-0.3440000000000012,-0.2839999999999989,wd
0.30799999999999983,0.10400000000000276,0.24299999999999855,-0.21199999999999974,qso
0.9801619999999982,0.24685500000000005,0.07273700000000005,-0.04816100000000034,star
0.21099999999999852,0.19200000000000017,0.036000000000001364,0.05699999999999861,qso
0.3049999999999997,0.045999999999999375,0.8189999999999991,0.6460000000000008,wd
1.7030310000000028,0.6422919999999994,0.2560709999999986,0.14811900000000122,star
0.11100000000000065,0.15700000000000003,0.03900000000000148,-0.010000000000001563,qso
0.22300000000000253,-0.2510000000000012,-0.245000000000001,-0.28999999999999915,wd
0.3460000000000001,-0.08800000000000097,-0.08000000000000185,-0.1869999999999976,wd
0.375,0.2779999999999987,0.021000000000000796,0.11700000000000088,qso
0.6069999999999993,0.1460000000000008,-0.02500000000000213,0.25400000000000134,qso
0.10000000000000142,0.14899999999999736,0.1390000000000029,-0.004000000000001336,qso
0.39800000000000324,-0.06500000000000128,-0.22500000000000142,-0.24199999999999733,wd
0.1680000000000028,0.18499999999999872,0.13400000000000034,0.5500000000000007,qso
0.4259999999999984,-0.10999999999999943,-0.17999999999999972,-0.4770000000000003,wd
1.0845640000000003,0.35512299999999897,0.12333500000000086,0.07070199999999716,star
0.1269999999999989,0.054999999999999716,0.15899999999999892,0.022000000000002018,qso
0.2779999999999987,-0.2530000000000001,-0.2560000000000002,-0.2309999999999981,wd
1.292542000000001,0.49027000000000065,0.1733930000000008,0.05217500000000008,star
1.4091890000000014,0.6095749999999995,0.2097130000000007,0.13310699999999898,star
0.13800000000000168,-0.2700000000000031,-0.2309999999999981,-0.31700000000000017,wd
-0.006999999999997897,0.16900000000000048,0.0019999999999988916,0.602999999999998,qso
0.8968959999999981,0.2967630000000021,0.08950999999999709,0.031517000000000905,star
0.16699999999999804,-0.16499999999999915,-0.2220000000000013,0.3520000000000003,wd
0.10500000000000043,0.2560000000000002,0.4289999999999985,0.06800000000000139,qso
0.23100000000000165,0.32700000000000173,0.21599999999999753,0.01600000000000179,qso
0.26599999999999824,-0.006000000000000227,-0.09799999999999898,-0.31200000000000117,wd
0.4670000000000023,-0.20599999999999952,-0.1490000000000009,-0.2710000000000008,wd
2.474109000000002,1.2452739999999984,0.5421449999999997,0.2764009999999999,star
0.24899999999999878,0.08999999999999986,0.037000000000002586,0.11899999999999977,qso
1.4967159999999993,0.6134409999999981,0.22109100000000126,0.11819200000000052,star
2.4251000000000005,1.3624480000000005,0.9508890000000001,0.4675570000000011,star
1.2753230000000002,-0.15448899999999988,-0.12800099999999937,-0.13222000000000023,star
2.0169449999999998,0.8759970000000017,0.2774259999999984,0.19965000000000188,star
2.0321019999999983,0.773341000000002,0.2979409999999998,0.09112799999999943,star
0.34199999999999875,-0.06700000000000017,0.08200000000000074,-0.10600000000000165,qso
0.33399999999999963,-0.2259999999999991,0.012000000000000455,0.43400000000000105,wd
1.0680000000000014,0.4039999999999999,0.16199999999999903,0.3019999999999996,qso
-0.054000000000002046,-0.36799999999999855,-0.3030000000000008,-0.26200000000000045,wd
0.41499999999999915,-0.12300000000000111,-0.14199999999999946,-0.129999999999999,wd
0.26399999999999935,-0.3069999999999986,-0.29299999999999926,-0.3680000000000021,wd
1.23236,0.5128020000000006,0.1833600000000004,0.08852299999999858,star
0.4770000000000003,-0.12600000000000122,-0.125,-0.26599999999999824,wd
0.23300000000000054,0.33500000000000085,0.18400000000000105,-0.06500000000000128,qso
0.2970000000000006,-0.16799999999999926,0.03399999999999892,0.2519999999999989,wd
0.40700000000000003,0.19099999999999895,0.03399999999999892,0.20500000000000185,qso
0.5059999999999967,0.40300000000000225,0.36499999999999844,0.02500000000000213,qso
0.46499999999999986,-0.1509999999999998,-0.11199999999999832,-0.10000000000000142,wd
0.33999999999999986,0.2759999999999998,0.027000000000001023,0.15399999999999991,qso
1.1891520000000018,0.4034089999999999,0.0766139999999993,0.00376700000000163,star
0.13999999999999702,0.240000000000002,0.1559999999999988,0.01699999999999946,qso
0.46699999999999875,0.1999999999999993,0.3230000000000004,0.2710000000000008,qso
0.5749999999999993,0.16000000000000014,0.07199999999999918,-0.04299999999999926,wd
0.31099999999999994,0.44099999999999895,0.2950000000000017,0.28800000000000026,qso
0.14499999999999957,0.129999999999999,-0.015999999999998238,0.08199999999999719,qso
0.9833759999999998,0.3629230000000021,0.17044399999999982,0.0005969999999990705,star
0.5139999999999993,-0.18900000000000006,-0.18799999999999883,-0.38599999999999923,wd
0.5800000000000018,0.2049999999999983,0.07700000000000173,-0.07400000000000162,wd
1.228904,0.43869300000000067,0.1458010000000023,0.061019999999999186,star
0.4759999999999991,-0.06299999999999883,-0.10000000000000142,-0.15500000000000114,wd
2.650105,1.2603340000000003,0.5060730000000007,0.29925099999999993,star
0.44499999999999673,0.4220000000000006,0.07499999999999929,-0.03200000000000003,qso
2.5368059999999986,1.108823000000001,0.41080200000000033,0.19654799999999994,star
-0.028999999999999915,-0.35100000000000264,-0.29799999999999827,-0.2430000000000021,wd
0.4150000000000027,-0.2710000000000008,-0.16400000000000148,-0.2940000000000005,wd
1.2998100000000008,0.49582699999999846,0.1232740000000021,0.15887299999999982,star
0.28500000000000014,-0.006000000000000227,0.1769999999999996,-0.19500000000000028,qso
0.22100000000000009,-0.45899999999999963,-0.28600000000000136,-0.352999999999998,wd
0.41699999999999804,-0.046999999999997044,-0.060000000000002274,-0.19299999999999784,wd
0.45600000000000307,-0.19200000000000017,-0.16000000000000014,-0.15300000000000225,wd
1.8862440000000014,0.7362320000000011,0.26674699999999874,0.1391050000000007,star
-0.0019999999999988916,-0.2980000000000018,-0.23000000000000043,-0.2729999999999997,wd
2.7007389999999987,1.0888980000000004,0.398752,0.28459199999999996,star
0.02400000000000091,0.014999999999997016,0.4140000000000015,-0.0030000000000001137,qso
0.26099999999999923,0.10500000000000043,0.047999999999998266,0.2680000000000007,qso
0.31299999999999883,-0.2779999999999987,-0.1700000000000017,-0.13899999999999935,wd
2.713909000000001,1.2022099999999991,0.4221269999999997,0.26809800000000017,star
0.2839999999999989,0.2940000000000005,0.28600000000000136,-0.23499999999999943,qso
1.4610020000000006,0.6071489999999997,0.20701300000000167,0.1263860000000001,star
0.42199999999999704,0.20400000000000063,0.23300000000000054,0.129999999999999,qso
1.5811480000000024,0.5930639999999983,0.20414900000000102,0.09198899999999988,star
0.504999999999999,0.28800000000000026,0.12900000000000134,0.16499999999999915,qso
0.1479999999999997,0.41100000000000136,0.021000000000000796,0.04100000000000037,qso
2.3421459999999996,0.9382799999999989,0.31238400000000155,0.18112299999999948,star
1.2595799999999997,0.4609740000000002,0.16715200000000152,0.059478999999999616,star
1.8002049999999983,0.737992000000002,0.26631300000000024,0.1431699999999978,star
1.0205020000000005,0.24259499999999967,0.2874579999999991,0.008047000000001248,star
0.036999999999999034,-0.26899999999999835,-0.24600000000000222,-0.15899999999999892,wd
0.17299999999999827,-0.3269999999999982,-0.2140000000000022,-0.30299999999999727,wd
0.3839999999999968,-0.1109999999999971,-0.17100000000000293,-0.21199999999999974,wd
0.41699999999999804,-0.07399999999999807,-0.07600000000000051,-0.18599999999999994,wd
-0.12899999999999778,-0.3979999999999997,-0.3390000000000022,-0.26500000000000057,wd
-0.09799999999999898,-0.39199999999999946,-0.31200000000000117,-0.16400000000000148,wd
2.504206,1.2524639999999998,0.4738679999999995,0.29157600000000095,star
0.42700000000000315,-0.02300000000000324,-0.12599999999999767,-0.18900000000000006,wd
2.377257,0.9937240000000003,0.33517300000000105,0.21334099999999978,star
0.5240000000000009,0.125,0.05600000000000094,-0.12199999999999989,wd
-0.0030000000000001137,0.22199999999999775,0.022999999999999687,-0.11100000000000065,qso
0.4490000000000016,-0.11799999999999855,-0.1769999999999996,-0.25800000000000267,wd
0.21399999999999864,0.15200000000000102,0.19200000000000017,-0.13100000000000023,qso
0.3420000000000023,-0.0030000000000001137,0.06599999999999895,0.16600000000000037,qso
1.222811,0.4212379999999989,0.11076699999999917,0.08206200000000052,star
1.3071690000000018,0.4214689999999983,0.2034470000000006,0.0687149999999992,star
0.3739999999999988,0.012000000000000455,-0.004000000000001336,0.21199999999999974,qso
0.35999999999999943,0.19700000000000273,-0.043000000000002814,0.05100000000000193,qso
0.7100000000000009,0.022000000000002018,0.2809999999999988,0.0010000000000012221,qso
0.17599999999999838,0.0020000000000024443,0.33899999999999864,0.01699999999999946,qso
1.7699320000000007,0.5996959999999998,0.27461100000000016,0.12571499999999958,star
0.5219999999999985,0.010000000000001563,-0.20900000000000318,-0.04299999999999926,wd
1.4365880000000004,0.5376879999999993,0.23009400000000113,0.1286529999999999,star
1.195812,0.4308799999999984,0.153181,0.07697600000000193,star
0.4120000000000026,0.1529999999999987,0.09299999999999997,0.2309999999999981,qso
0.9282649999999997,0.29664800000000113,0.13913399999999854,0.037331999999999255,star
-0.06400000000000006,0.36799999999999855,0.15500000000000114,-0.0019999999999988916,qso
0.43100000000000094,0.4009999999999998,0.1109999999999971,0.5840000000000032,qso
0.504999999999999,-0.16900000000000048,-0.16999999999999815,-0.21300000000000097,wd
0.41499999999999915,-0.05000000000000071,0.027000000000001023,-0.1999999999999993,wd
1.5217170000000024,0.5346790000000006,0.19272599999999684,0.06713500000000039,star
0.35300000000000153,0.120000000000001,0.027999999999998693,-0.16300000000000026,wd
1.6997399999999985,0.6129759999999997,0.20613100000000273,0.12556599999999918,star
0.9454670000000007,0.33925999999999945,0.13707099999999883,0.016211000000001974,star
1.0879060000000003,0.4099749999999993,0.07334299999999772,0.05660500000000113,star
2.6396960000000007,1.357804999999999,0.6475019999999994,0.3704370000000008,star
0.39099999999999824,0.02500000000000213,0.01899999999999835,0.022999999999999687,qso
0.4210000000000029,-0.022999999999999687,-0.03300000000000125,-0.1180000000000021,wd
0.12900000000000134,0.3739999999999988,0.08399999999999963,-0.120000000000001,qso
0.8030000000000008,0.5730000000000004,0.30799999999999983,0.4759999999999991,qso
0.08200000000000074,-0.006999999999997897,0.1739999999999995,-0.21300000000000097,qso
0.9894059999999989,0.31529500000000255,0.0902940000000001,0.009430999999999301,star
1.771760999999998,0.6466840000000005,0.23140099999999997,0.1181390000000011,star
-0.3049999999999997,0.38899999999999935,0.036000000000001364,1.118000000000002,qso
0.1720000000000006,-0.19500000000000028,-0.15800000000000125,-0.23199999999999932,wd
1.230599999999999,0.5574539999999999,0.23570199999999986,0.08968199999999982,star
2.3965549999999993,0.9416979999999988,0.3431730000000002,0.15207300000000146,star
0.21399999999999864,-0.27199999999999847,-0.23900000000000077,-0.03300000000000125,wd
0.15700000000000003,0.021000000000000796,-0.0730000000000004,-0.13799999999999812,wd
1.1585730000000005,0.3749299999999991,0.1252500000000012,0.08005899999999855,star
0.22000000000000242,0.07000000000000028,0.07299999999999685,-0.0990000000000002,qso
0.20399999999999707,0.20800000000000196,0.06500000000000128,0.07699999999999818,qso
1.5264280000000028,0.5815029999999979,0.26677000000000106,0.11174000000000106,star
1.2570260000000015,0.5351129999999991,0.1843900000000005,0.09440700000000035,star
1.2427849999999978,0.40432300000000154,0.15113299999999796,0.024603000000002595,star
0.44099999999999895,-0.27199999999999847,-0.17600000000000193,-0.1339999999999968,wd
0.05099999999999838,0.3210000000000015,0.14300000000000068,-0.013000000000001677,qso
0.44099999999999895,-0.09499999999999886,-0.09600000000000009,-0.06899999999999906,wd
0.4369999999999976,-0.06400000000000006,-0.134999999999998,-0.2740000000000009,wd
2.4711630000000007,1.0842169999999989,0.39234100000000005,0.21493099999999998,star
0.2430000000000021,0.1109999999999971,0.1980000000000004,-0.038000000000000256,qso
0.2270000000000003,-0.2989999999999995,-0.259999999999998,-0.2140000000000022,wd
0.9435330000000004,0.2698780000000003,0.09594300000000011,0.06514600000000037,star
-0.31700000000000017,-0.4280000000000008,-0.33200000000000074,-0.39099999999999824,wd
1.2873479999999997,0.4040520000000001,0.18494600000000005,0.08316099999999871,star
1.3139220000000016,0.4628219999999992,0.22319099999999992,0.15344400000000036,star
0.07000000000000028,0.33699999999999974,-0.10800000000000054,0.0799999999999983,qso
2.6321239999999975,1.1707810000000016,0.4170059999999989,0.27409700000000115,star
0.6159999999999997,0.777000000000001,0.384999999999998,0.2410000000000032,qso
-0.08200000000000074,-0.35800000000000054,-0.2989999999999995,-0.21600000000000108,wd
2.553609999999999,1.3688390000000012,0.6354439999999997,0.32824900000000135,star
-0.3130000000000024,-0.2240000000000002,-0.015999999999998238,0.21999999999999886,wd
0.9519999999999982,0.23499999999999943,-0.045999999999999375,0.09199999999999875,qso
1.1671130000000005,0.37398300000000084,0.14639799999999958,0.04323099999999869,star
1.1499179999999996,0.42552900000000093,0.13369199999999992,0.08436199999999872,star
-0.006999999999997897,-0.05600000000000094,-0.08599999999999852,0.4269999999999996,qso
0.3099999999999987,0.05700000000000216,0.17299999999999827,-0.09299999999999997,qso
0.1609999999999978,0.09700000000000131,0.15700000000000003,0.19500000000000028,qso
0.4330000000000034,-0.07400000000000162,0.04299999999999926,-0.1269999999999989,wd
0.29299999999999926,-0.12799999999999656,0.15700000000000003,0.08799999999999741,qso
1.7389940000000017,0.6729200000000013,0.2319279999999999,0.09149799999999786,star
1.1156129999999997,0.12235499999999888,0.008594999999999686,-0.06744399999999828,star
1.8054290000000002,0.8320099999999968,0.2961620000000025,0.17086600000000018,star
0.04999999999999716,0.25400000000000134,-0.01600000000000179,0.02300000000000324,qso
1.123225999999999,0.4369429999999994,0.13581100000000035,0.04354100000000116,star
0.06500000000000128,-0.022999999999999687,0.05699999999999861,0.21600000000000108,qso
0.20400000000000063,-0.07199999999999918,-0.21600000000000108,-0.17300000000000182,wd
0.14300000000000068,0.379999999999999,0.04800000000000182,-0.07700000000000173,qso
1.8356210000000033,0.6703019999999995,0.2813839999999992,0.1607579999999995,star
0.41799999999999926,0.036999999999999034,0.0730000000000004,0.14499999999999957,wd
0.13599999999999923,0.1769999999999996,0.054999999999999716,-0.01799999999999713,qso
1.0961779999999983,0.39157000000000153,0.14613299999999896,0.020042000000000115,star
0.46699999999999875,0.6189999999999998,0.30900000000000105,-0.038000000000000256,qso
1.6962130000000002,0.674633,0.251024000000001,0.18653099999999867,star
0.5259999999999998,0.09100000000000108,0.0070000000000014495,-0.10600000000000165,wd
2.2113259999999997,0.8338210000000004,0.2811559999999993,0.1888000000000023,star
0.14499999999999957,0.3550000000000004,0.010999999999999233,-0.0589999999999975,qso
0.12700000000000244,0.25,-0.0470000000000006,0.12599999999999767,qso
-0.03500000000000014,-0.3539999999999992,-0.32700000000000173,-0.3059999999999974,wd
0.4939999999999998,0.3410000000000011,0.18299999999999983,0.20599999999999952,qso
1.211466999999999,0.42416000000000054,0.1382809999999992,0.0023330000000001405,star
0.7240000000000002,0.0779999999999994,0.11199999999999832,0.38700000000000045,qso
0.15200000000000102,-0.3009999999999984,-0.22300000000000253,-0.31099999999999994,wd
0.31299999999999883,-0.3039999999999985,-0.2270000000000003,-0.2220000000000013,wd
0.012999999999998124,0.490000000000002,0.0019999999999988916,0.007999999999999119,qso
0.20800000000000196,0.03999999999999915,0.2710000000000008,0.036999999999999034,qso
0.14199999999999946,0.06800000000000139,0.37900000000000134,0.022999999999999687,qso
0.16000000000000014,0.01699999999999946,0.17099999999999937,-0.02699999999999747,qso
0.060000000000002274,0.29399999999999693,0.04100000000000037,-0.09299999999999997,qso
0.928013,0.3211100000000009,0.11286499999999933,0.030152000000001067,star
0.28999999999999915,-0.2469999999999999,-0.18599999999999994,-0.23300000000000054,wd
0.245000000000001,-0.21999999999999886,-0.30100000000000193,-0.10799999999999699,wd
0.43299999999999983,-0.2359999999999971,-0.20900000000000318,-0.1769999999999996,wd
-0.08999999999999986,0.34399999999999764,-0.06799999999999784,-0.18100000000000094,qso
0.2469999999999999,-0.2220000000000013,-0.09999999999999787,-0.15399999999999991,wd
1.8381770000000017,0.6711919999999978,0.25883199999999995,0.11783000000000143,star
1.5738149999999997,0.6217860000000002,0.21409200000000084,0.10918200000000056,star
-0.1369999999999969,0.3319999999999972,-0.07000000000000028,0.08800000000000097,qso
1.5475449999999995,0.6061499999999995,0.21568300000000207,0.10035099999999986,star
1.2001069999999991,0.5094670000000008,0.1528109999999998,0.043217999999999535,star
0.2889999999999979,0.06899999999999906,-0.012999999999998124,-0.15899999999999892,wd
-0.015000000000000568,0.013999999999999346,0.23600000000000065,0.2010000000000005,qso
0.3789999999999978,-0.21099999999999852,-0.18599999999999994,-0.16900000000000048,wd
0.14299999999999713,0.21499999999999986,0.010000000000001563,-0.1479999999999997,qso
0.09199999999999875,0.22100000000000009,-0.028999999999999915,-0.10600000000000165,qso
1.547899000000001,0.5857220000000005,0.16724999999999923,0.07974399999999804,star
0.053000000000000824,-0.3930000000000007,-0.31899999999999906,-0.3490000000000002,wd
0.9173239999999971,0.40381200000000206,0.09795199999999937,0.03280499999999975,star
0.5749999999999993,0.254999999999999,0.9529999999999994,0.7910000000000004,wd
-0.3739999999999988,-0.5019999999999989,-0.39000000000000057,-0.2950000000000017,wd
0.41499999999999915,0.010000000000001563,-0.060000000000002274,-0.17099999999999937,wd
0.04800000000000182,-0.07000000000000028,-0.0710000000000015,0.4430000000000014,qso
1.0927100000000003,0.33432200000000023,0.1328169999999993,0.008058000000001897,star
0.9071110000000004,0.2867660000000001,0.11201600000000056,0.023565999999998866,star
0.46199999999999974,0.3279999999999994,0.9289999999999985,0.7570000000000014,wd
1.5021949999999968,0.5904390000000017,0.189762,0.07588999999999935,star
0.06099999999999994,0.13800000000000168,0.10299999999999798,-0.08599999999999852,qso
0.25,-0.2859999999999978,-0.2510000000000012,-0.38599999999999923,wd
0.39000000000000057,0.07199999999999918,-0.11700000000000088,0.3689999999999998,qso
0.38899999999999935,-0.05000000000000071,-0.17099999999999937,-0.037000000000002586,wd
0.9304470000000009,0.2580279999999995,0.004260999999999626,0.15459999999999852,star
0.4140000000000015,-0.1910000000000025,-0.20099999999999696,-0.23200000000000287,wd
1.0822010000000013,0.4045880000000004,0.14188399999999746,0.04721699999999984,star
0.15800000000000125,-0.037000000000002586,0.20600000000000307,0.036999999999999034,qso
0.10699999999999932,-0.14699999999999847,0.26099999999999923,0.48799999999999955,wd
0.120000000000001,-0.23400000000000176,-0.3569999999999993,-0.0779999999999994,wd
1.5696169999999992,0.5583460000000002,0.20017999999999958,0.08328799999999958,star
-0.027999999999998693,-0.2740000000000009,-0.2569999999999979,0.038999999999997925,wd
-0.11599999999999966,-0.4089999999999989,-0.2930000000000028,-0.2259999999999991,wd
0.46799999999999997,-0.19900000000000162,-0.15700000000000003,-0.33399999999999963,wd
0.1180000000000021,0.14000000000000057,-0.038000000000000256,-0.04299999999999926,qso
1.5494079999999997,0.5799330000000005,0.24301399999999873,0.0818589999999979,star
0.2430000000000021,0.008999999999996788,-0.14199999999999946,-0.22499999999999787,wd
0.42900000000000205,-0.3550000000000004,-0.20500000000000185,-0.20199999999999818,wd
1.5909770000000023,0.5296079999999996,0.19122699999999782,0.12259100000000167,star
-0.40500000000000114,-0.39199999999999946,-0.3309999999999995,-0.29299999999999926,wd
0.23199999999999932,0.05100000000000193,-0.07500000000000284,0.12600000000000122,qso
1.5885239999999996,0.5845700000000029,0.24873699999999843,0.07428799999999924,star
1.2158470000000001,0.4194469999999981,0.16699600000000103,0.03261399999999881,star
0.23199999999999932,-0.2560000000000002,0.0019999999999988916,0.3340000000000032,wd
0.16999999999999815,-0.03200000000000003,0.2289999999999992,0.22000000000000242,qso
2.6409650000000013,1.3256699999999988,0.6492780000000007,0.32708700000000057,star
1.0839330000000018,0.38910100000000014,0.15306700000000006,0.06945800000000091,star
0.23000000000000043,-0.19000000000000128,0.07499999999999929,0.21499999999999986,qso
0.3539999999999992,0.05900000000000105,-0.02800000000000047,-0.19899999999999984,wd
0.2270000000000003,-0.3039999999999985,-0.2660000000000018,-0.2959999999999994,wd
0.46799999999999997,-0.013999999999999346,-0.07399999999999807,-0.19000000000000128,wd
0.21899999999999764,-0.2289999999999992,0.11100000000000065,0.10200000000000031,qso
1.0231460000000006,0.3356339999999989,0.10057099999999863,0.03703100000000248,star
0.15600000000000236,-0.07900000000000063,0.48300000000000054,0.6439999999999984,wd
2.449961000000002,1.0141530000000003,0.3442809999999987,0.19889400000000101,star
1.6676749999999991,0.6399460000000019,0.2580849999999977,0.13980700000000112,star
1.2910229999999991,0.5047969999999999,0.1820050000000002,0.0464020000000005,star
0.24599999999999866,0.16399999999999793,0.18200000000000216,0.21999999999999886,qso
0.40000000000000213,0.028999999999999915,0.5739999999999981,0.7170000000000023,wd
0.5750000000000028,0.4609999999999985,0.19099999999999895,0.05000000000000071,qso
0.39899999999999736,-0.18799999999999883,-0.16600000000000037,-0.2309999999999981,wd
0.4480000000000004,-0.2079999999999984,-0.20599999999999952,-0.2220000000000013,wd
0.30900000000000105,-0.2510000000000012,-0.3039999999999985,-0.23699999999999832,wd
0.3829999999999991,-0.15700000000000003,-0.2010000000000005,-0.10000000000000142,wd
0.11599999999999966,0.23500000000000298,0.1839999999999975,0.15800000000000125,qso
0.3940000000000019,-0.22900000000000276,-0.06599999999999895,-0.46000000000000085,wd
2.757931000000003,1.403648999999998,1.0026660000000014,0.5340699999999998,star
0.35400000000000276,-0.08800000000000097,-0.027000000000001023,-0.0730000000000004,qso
0.5339999999999989,0.11799999999999855,-0.09299999999999997,0.19900000000000162,qso
0.18400000000000105,-0.3240000000000016,-0.19299999999999784,-0.12400000000000233,wd
1.4844480000000004,0.5233629999999998,0.2513210000000008,0.24637199999999915,star
2.185784999999999,0.8789869999999986,0.3066330000000015,0.16004200000000068,star
0.46399999999999864,-0.19900000000000162,-0.20199999999999818,0.009000000000000341,wd
2.613213000000002,1.3531109999999984,0.7020540000000004,0.3780599999999996,star
1.8252220000000001,0.6758600000000001,0.23967700000000036,0.11963699999999733,star
-0.18099999999999739,-0.4170000000000016,-0.31400000000000006,-0.34699999999999775,wd
1.614224,0.6043279999999989,0.20970200000000006,0.1395370000000007,star
0.4120000000000026,-0.28300000000000125,-0.245000000000001,-0.33699999999999974,wd
1.0111849999999976,0.35780300000000054,0.1153870000000019,0.02258499999999941,star
1.3081850000000017,0.49866299999999875,0.20974499999999985,0.07220599999999955,star
1.989453000000001,0.7373219999999989,0.25331999999999866,0.1389490000000002,star
0.31700000000000017,0.018000000000000682,-0.021000000000000796,-0.1280000000000001,wd
-0.08300000000000196,-0.1529999999999987,0.402000000000001,0.6679999999999993,wd
2.4967129999999997,1.1503680000000003,0.45738899999999916,0.2550429999999988,star
0.4969999999999999,-0.2029999999999994,-0.21199999999999974,-0.15600000000000236,wd
1.0651639999999993,0.4169009999999993,0.1463530000000013,0.034022999999997694,star
1.014284,0.4157459999999986,0.20141800000000032,0.007889000000000479,star
0.41300000000000026,0.10299999999999798,-0.028999999999999915,-0.036999999999999034,wd
0.4210000000000029,0.00999999999999801,0.07700000000000173,-0.0519999999999996,qso
1.2427710000000012,0.520543,0.174709,0.01700899999999983,star
0.47800000000000153,-0.19200000000000017,-0.1509999999999998,-0.22299999999999898,wd
1.311668000000001,0.5791249999999994,0.18365099999999934,0.06086100000000094,star
0.35700000000000287,-0.05700000000000216,-0.09999999999999787,-0.21100000000000207,wd
0.45899999999999963,0.11799999999999855,0.0519999999999996,0.2380000000000031,qso
1.0258470000000024,0.3451609999999974,0.10505700000000218,0.00891499999999823,star
0.36599999999999966,-0.09499999999999886,-0.21799999999999997,-0.17100000000000293,wd
-0.08399999999999963,-0.2889999999999979,-0.3130000000000024,0.142000000000003,wd
2.717662999999998,1.213991,0.4460120000000014,0.19761399999999973,star
0.3719999999999999,0.10500000000000043,-0.0030000000000001137,-0.1509999999999998,wd
-0.06899999999999906,-0.2530000000000001,-0.2690000000000019,-0.1739999999999995,wd
0.4039999999999999,-0.1960000000000015,-0.19699999999999918,-0.125,wd
1.7852360000000012,0.6348539999999989,0.24539799999999978,0.12406299999999959,star
0.31899999999999906,-0.0779999999999994,0.10200000000000031,0.0009999999999976694,qso
2.480660999999998,1.142475000000001,0.500489,0.26521600000000056,star
1.6207090000000015,0.6696869999999997,0.23954399999999865,0.19373900000000077,star
1.8247260000000018,0.7134040000000006,0.26199199999999934,0.1504089999999998,star
0.2129999999999974,0.09800000000000253,0.23499999999999943,0.01899999999999835,qso
1.7598590000000023,0.6417049999999982,0.2577759999999998,0.16906600000000083,star
0.4710000000000001,0.28300000000000125,0.4369999999999976,0.2469999999999999,qso
0.397000000000002,0.08500000000000085,-0.037000000000002586,-0.1579999999999977,wd
0.26200000000000045,-0.21499999999999986,-0.14199999999999946,0.036999999999999034,wd
2.497063999999998,1.164257000000001,0.470542,0.2049430000000001,star
0.4579999999999984,-0.05799999999999983,-0.18400000000000105,-0.12299999999999756,wd
0.19099999999999895,-0.2099999999999973,0.15199999999999747,0.20500000000000185,qso
1.0537029999999987,0.3575620000000015,0.18552499999999839,0.026472999999999303,star
0.054999999999999716,0.24099999999999966,0.7680000000000007,0.6129999999999995,wd
1.2193159999999992,0.439411999999999,0.00433400000000006,0.21789600000000142,star
1.284193000000002,0.4945449999999987,0.08855099999999894,0.09364300000000014,star
2.221208999999998,1.020773000000002,0.45427899999999966,0.22859800000000163,star
-0.3039999999999985,-0.5070000000000014,-0.33200000000000074,-0.3509999999999991,wd
-0.1280000000000001,-0.3879999999999981,-0.3180000000000014,-0.384999999999998,wd
0.22199999999999775,0.20500000000000185,0.019999999999999574,0.15700000000000003,qso
0.31099999999999994,-0.29399999999999693,-0.29100000000000037,-0.1460000000000008,wd
0.42299999999999827,0.009000000000000341,-0.07399999999999807,-0.03500000000000014,wd
0.027000000000001023,0.20899999999999963,0.15800000000000125,0.01699999999999946,qso
0.2010000000000005,0.3000000000000007,0.28200000000000003,0.01899999999999835,qso
0.352999999999998,0.09600000000000009,0.027000000000001023,-0.22299999999999898,wd
0.36299999999999955,0.15899999999999892,0.1180000000000021,0.24299999999999855,qso
0.2140000000000022,-0.12600000000000122,0.2519999999999989,-0.402000000000001,qso
0.22299999999999898,-0.3609999999999971,-0.245000000000001,-0.3990000000000009,wd
0.37400000000000233,0.3559999999999981,0.09299999999999997,0.06400000000000006,qso
0.21699999999999875,-0.3099999999999987,-0.2510000000000012,-0.3299999999999983,wd
0.47800000000000153,0.1559999999999988,0.1039999999999992,0.31400000000000006,qso
0.4400000000000013,-0.16799999999999926,-0.17900000000000205,-0.2710000000000008,wd
0.10300000000000153,-0.2840000000000025,-0.26099999999999923,-0.24399999999999977,wd
0.13599999999999923,0.01899999999999835,0.1410000000000018,0.17599999999999838,qso
0.2759999999999998,-0.07900000000000063,0.24899999999999878,-0.01799999999999713,qso
0.5199999999999996,0.013000000000001677,0.036999999999999034,0.23600000000000065,qso
1.0317419999999977,0.3056429999999999,0.09958500000000114,0.03725000000000023,star
0.3869999999999969,-0.17099999999999937,-0.25900000000000034,0.06400000000000006,wd
2.7124650000000017,1.2636779999999987,0.4530089999999998,0.2728459999999995,star
0.3200000000000003,0.030000000000001137,-0.02400000000000091,-0.1579999999999977,wd
0.4690000000000012,-0.16600000000000037,-0.19399999999999906,-0.14999999999999858,wd
0.05000000000000071,0.1960000000000015,0.514999999999997,0.4210000000000029,wd
0.3880000000000017,0.26200000000000045,0.8409999999999975,0.6449999999999996,wd
1.5820729999999976,0.5989230000000028,0.22389599999999987,0.05881899999999973,star
0.2920000000000016,-0.027999999999998693,-0.06500000000000128,-0.1039999999999992,wd
0.8886409999999998,0.27109399999999795,0.10244500000000123,0.030419999999999447,star
0.4629999999999974,-0.05299999999999727,-0.19200000000000017,-0.13400000000000034,wd
-0.045999999999999375,-0.31400000000000006,-0.3089999999999975,0.17999999999999972,wd
1.0830969999999986,0.39573500000000017,0.13540700000000072,0.016729999999999023,star
0.23999999999999844,0.07700000000000173,0.2710000000000008,-0.04200000000000159,qso
0.5940000000000012,0.7779999999999987,0.5389999999999979,0.47600000000000264,wd
0.4140000000000015,-0.14199999999999946,-0.07200000000000273,-0.1789999999999985,wd
0.5199999999999996,-0.05999999999999872,0.04299999999999926,0.1700000000000017,wd
1.2123740000000005,0.43882899999999836,0.16342000000000212,0.03941899999999876,star
0.20700000000000074,-0.004000000000001336,0.23600000000000065,0.054999999999999716,qso
2.5818360000000027,1.3648339999999983,0.581391,0.3062390000000015,star
0.1509999999999998,0.08300000000000196,0.26099999999999923,-0.018000000000000682,qso
-0.129999999999999,0.39699999999999847,0.07000000000000028,-0.10699999999999932,qso
-0.0470000000000006,0.21000000000000085,0.01699999999999946,-0.015000000000000568,qso
0.1789999999999985,0.2700000000000031,0.6759999999999984,0.5330000000000013,wd
0.4190000000000005,0.0030000000000001137,-0.08800000000000097,-0.3789999999999978,wd
-0.16000000000000014,-0.31599999999999895,-0.245000000000001,-0.26399999999999935,wd
0.23699999999999832,-0.26500000000000057,-0.2629999999999981,-0.24600000000000222,wd
0.09299999999999997,0.2779999999999987,0.125,0.06700000000000017,qso
0.8986720000000012,0.42682100000000034,0.17467599999999806,0.09155499999999961,star
0.3550000000000004,-0.18999999999999773,0.16499999999999915,0.5760000000000005,wd
0.4109999999999978,-0.2629999999999981,-0.2480000000000011,0.3019999999999996,wd
-0.05600000000000094,-0.26099999999999923,-0.24900000000000233,-0.24099999999999966,wd
0.7560000000000002,0.0070000000000014495,-0.11500000000000199,-0.13899999999999935,wd
1.0169999999999995,0.11599999999999966,0.18799999999999883,0.33800000000000097,qso
1.2072600000000016,0.4539989999999996,0.18596999999999753,0.060900000000000176,star
0.3619999999999983,-0.13700000000000045,-0.2010000000000005,-0.036999999999999034,wd
0.0019999999999988916,-0.3819999999999979,-0.35900000000000176,-0.1819999999999986,wd
-0.35999999999999943,-0.34699999999999775,0.13400000000000034,0.2799999999999976,wd
2.441561,1.2231769999999997,0.5998999999999999,0.3235310000000009,star
1.243590000000001,-0.12229999999999919,-0.09414800000000056,-0.05938899999999947,star
0.36999999999999744,-0.0259999999999998,0.04299999999999926,0.35600000000000165,qso
0.6479999999999997,0.11199999999999832,0.19700000000000273,0.15199999999999747,qso
0.2789999999999999,-0.23300000000000054,-0.19200000000000017,-0.4599999999999973,wd
0.1930000000000014,-0.10300000000000153,-0.16900000000000048,-0.02699999999999747,wd
2.5642549999999993,1.2139030000000002,0.49500100000000025,0.28071499999999894,star
0.31599999999999895,0.23000000000000043,0.22800000000000153,0.13799999999999812,qso
0.0030000000000001137,0.2759999999999998,0.0,0.0,qso
1.9806310000000025,0.8089510000000004,0.2932339999999982,0.14012900000000172,star
0.6170000000000009,0.2950000000000017,0.570999999999998,0.03200000000000003,qso
2.1656119999999994,0.886337000000001,0.34327499999999844,0.19790800000000175,star
0.29100000000000037,-0.2890000000000015,-0.29499999999999815,-0.2809999999999988,wd
-0.006000000000000227,0.030999999999998806,0.30700000000000216,0.1490000000000009,qso
1.2731180000000002,0.47885699999999787,0.17400400000000005,0.05075900000000111,star
0.5420000000000016,0.08599999999999852,0.03200000000000003,-0.0849999999999973,wd
0.3009999999999984,0.06500000000000128,-0.004999999999999005,-0.06599999999999895,wd
0.2469999999999999,-0.33100000000000307,-0.24799999999999756,-0.30900000000000105,wd
1.1914580000000008,0.4960179999999994,0.23066299999999984,0.1111159999999991,star
1.9142220000000023,0.7538669999999996,0.27393099999999926,0.13053899999999885,star
0.34499999999999886,-0.25,-0.2539999999999978,-0.2630000000000017,wd
0.5600000000000023,0.10299999999999798,0.05600000000000094,0.17800000000000082,qso
1.084507000000002,0.4274219999999982,0.19908400000000093,0.1081669999999999,star
0.3689999999999998,-0.1739999999999995,-0.28000000000000114,0.054000000000002046,wd
0.19500000000000028,-0.2700000000000031,-0.3149999999999977,-0.23400000000000176,wd
1.0486369999999994,0.34477199999999897,0.13218200000000202,0.02100499999999883,star
1.3577019999999997,0.45953400000000144,0.1574629999999999,0.056006,star
0.26699999999999946,0.23000000000000043,0.1319999999999979,0.11200000000000188,qso
1.1556780000000018,0.4449959999999997,0.16491100000000003,0.07789000000000001,star
0.2889999999999979,0.13400000000000034,0.3049999999999997,0.045000000000001705,qso
0.11200000000000188,0.02499999999999858,0.31899999999999906,0.46300000000000097,wd
0.3440000000000012,0.22800000000000153,0.003999999999997783,0.13200000000000145,qso
0.08800000000000097,-0.3680000000000021,-0.2569999999999979,-0.3019999999999996,wd
0.06500000000000128,-0.3670000000000009,-0.3559999999999981,-0.30799999999999983,wd
2.874168000000001,0.7555699999999987,0.25737099999999913,0.11013200000000012,star
1.4791960000000017,0.547744999999999,0.23179400000000072,0.07339100000000087,star
0.4609999999999985,0.12199999999999989,0.054000000000002046,-0.1930000000000014,wd
1.986853,0.8216969999999968,0.301890000000002,0.1436820000000001,star
2.6108089999999997,1.4080030000000008,0.6734089999999995,0.35931900000000105,star
1.9008699999999976,0.7037250000000004,0.2771610000000013,0.16015699999999988,star
0.16199999999999903,0.2029999999999994,0.12900000000000134,-0.08599999999999852,qso
0.2740000000000009,0.2270000000000003,0.06299999999999883,0.0010000000000012221,qso
0.3949999999999996,-0.20899999999999963,-0.17999999999999972,-0.16300000000000026,wd
0.33000000000000185,-0.25500000000000256,-0.29499999999999815,-0.19500000000000028,wd
-0.08999999999999986,-0.28500000000000014,-0.28200000000000003,-0.2889999999999979,wd
1.19163,0.5084279999999985,0.19230300000000256,0.09852000000000061,star
1.1606290000000001,0.3934179999999987,0.12707400000000035,0.025199000000000638,star
0.4339999999999975,0.3210000000000015,0.3279999999999994,0.1479999999999997,qso
0.4720000000000013,0.03999999999999915,-0.053000000000000824,-0.13799999999999812,wd
0.13600000000000279,0.01799999999999713,0.3460000000000001,-0.10899999999999821,qso
1.0867170000000002,0.3488710000000026,0.12335799999999963,-0.015146000000001436,star
1.617004999999999,0.6821969999999986,0.27525200000000183,0.12826499999999896,star
0.3119999999999976,-0.03200000000000003,-0.1490000000000009,0.0010000000000012221,wd
0.4220000000000006,-0.036999999999999034,-0.045000000000001705,-0.11499999999999844,wd
0.27099999999999724,-0.19200000000000017,-0.28500000000000014,-0.007999999999999119,wd
0.08500000000000085,0.10500000000000043,0.31400000000000006,0.06800000000000139,qso
2.107315,0.8172389999999972,0.2790040000000005,0.15695499999999996,star
0.13200000000000145,0.04299999999999926,0.24299999999999855,-0.00999999999999801,qso
0.5459999999999994,-0.03599999999999781,-0.20800000000000196,-0.14399999999999835,wd
1.0095290000000006,0.35864999999999725,0.08276599999999945,0.008953000000001765,star
-0.020999999999997243,-0.18900000000000006,-0.23799999999999955,-0.17800000000000082,wd
1.4999949999999984,0.5278390000000002,0.20471999999999824,0.0792900000000003,star
1.1141129999999997,0.3961560000000013,0.1492369999999994,0.048408000000002005,star
0.44299999999999784,0.06700000000000017,0.240000000000002,-0.12900000000000134,qso
1.61017,0.5714649999999999,0.2183470000000014,0.1020620000000001,star
0.0920000000000023,-0.3450000000000024,-0.3719999999999999,-0.15399999999999991,wd
0.26699999999999946,0.12199999999999989,0.365000000000002,0.08500000000000085,qso
1.4950259999999993,0.5764960000000006,0.23010299999999972,0.12737899999999946,star
0.038000000000000256,0.40800000000000125,0.18900000000000006,0.4740000000000002,qso
-0.05700000000000216,0.01699999999999946,0.2700000000000031,0.10200000000000031,qso
0.4239999999999995,0.045999999999999375,-0.06899999999999906,-0.07700000000000173,wd
1.2637370000000026,0.406844999999997,0.1953470000000017,0.05175600000000102,star
0.2010000000000005,0.16699999999999804,0.30600000000000094,0.2469999999999999,qso
-0.16999999999999815,-0.3390000000000022,-0.254999999999999,-0.3089999999999975,wd
0.2579999999999991,0.004999999999999005,0.1509999999999998,0.125,qso
-0.2729999999999997,-0.38599999999999923,-0.38899999999999935,-0.2380000000000031,wd
-0.20899999999999963,-0.4579999999999984,-0.33000000000000185,-0.2970000000000006,wd
0.1999999999999993,0.012999999999998124,0.15300000000000225,0.3490000000000002,qso
0.9969870000000007,0.3411210000000011,0.11016599999999954,0.017132000000000147,star
0.2699999999999996,0.05099999999999838,0.20599999999999952,0.12700000000000244,qso
0.11400000000000077,0.1739999999999995,0.004999999999999005,0.04299999999999926,qso
0.37099999999999866,0.0030000000000001137,-0.01799999999999713,-0.060000000000002274,wd
1.2144489999999983,0.4670830000000006,0.11700199999999938,0.07925499999999985,star
0.45600000000000307,0.05999999999999872,0.05900000000000105,0.19699999999999918,qso
2.0399509999999985,0.7974390000000007,0.38956500000000105,0.17505399999999938,star
0.18100000000000094,0.21699999999999875,0.022999999999999687,0.1509999999999998,qso
1.707768999999999,0.6606640000000006,0.22539399999999965,0.11981600000000014,star
0.38400000000000034,0.5109999999999992,0.1750000000000007,0.10600000000000165,qso
1.7766529999999996,0.7240360000000017,0.3109389999999994,0.14646300000000068,star
1.3094939999999973,0.47079300000000046,0.1763590000000015,0.05783999999999878,star
0.17099999999999937,0.038000000000000256,0.09099999999999753,0.06099999999999994,qso
0.1410000000000018,0.20199999999999818,0.13200000000000145,-0.1410000000000018,qso
0.8735110000000006,0.2780149999999999,0.09691199999999967,0.03243499999999955,star
0.10699999999999932,0.02400000000000091,0.26200000000000045,-0.22800000000000153,qso
0.2049999999999983,-0.28200000000000003,0.16000000000000014,0.5629999999999988,wd
1.1532459999999993,0.4824400000000004,0.2552330000000005,0.11317299999999975,star
0.3780000000000001,-0.23300000000000054,-0.2920000000000016,-0.0329999999999977,wd
1.908650999999999,0.9697689999999994,0.3139149999999997,0.19384500000000138,star
0.46799999999999997,0.3829999999999991,1.0600000000000023,0.727999999999998,wd
0.2289999999999992,0.20500000000000185,0.21499999999999986,-0.021000000000000796,qso
0.9280000000000008,-0.14499999999999957,0.1980000000000004,0.3069999999999986,qso
0.1789999999999985,0.20800000000000196,0.03399999999999892,0.05000000000000071,qso
0.20899999999999963,0.142000000000003,0.34399999999999764,0.008000000000002672,qso
0.20899999999999963,0.010999999999999233,-0.09100000000000108,0.08100000000000307,qso
0.08099999999999952,-0.2870000000000026,-0.17799999999999727,-0.22900000000000276,wd
0.379999999999999,0.3000000000000007,0.509999999999998,0.019999999999999574,qso
1.2774629999999974,0.38902000000000214,0.230872999999999,-0.04928699999999964,star
0.26599999999999824,-0.23000000000000043,-0.3200000000000003,-0.16799999999999926,wd
1.2873589999999986,0.4068310000000004,0.2519960000000001,0.05058600000000091,star
0.6069999999999993,0.15499999999999758,0.022000000000002018,0.3099999999999987,qso
0.3059999999999974,-0.2889999999999979,-0.28699999999999903,-0.3719999999999999,wd
0.3769999999999989,-0.1609999999999978,-0.18100000000000094,-0.16699999999999804,wd
0.35300000000000153,-0.0010000000000012221,-0.03200000000000003,-0.14199999999999946,wd
1.585091000000002,0.5588119999999996,0.21752099999999963,0.09726399999999913,star
0.5019999999999989,0.08099999999999952,-0.02699999999999747,-0.012000000000000455,wd
0.2959999999999994,-0.4299999999999997,-0.245000000000001,-0.19399999999999906,wd
1.3035119999999978,0.4911240000000028,0.1627989999999997,0.08567799999999792,star
1.833711000000001,0.7215980000000002,0.26536199999999965,0.13606599999999958,star
1.382904,0.6339979999999983,0.30058000000000007,0.20295400000000008,star
0.028999999999999915,0.41699999999999804,0.005000000000002558,-0.16000000000000014,qso
1.1770950000000013,0.45121199999999817,0.15235500000000002,0.07829500000000067,star
0.05900000000000105,0.010999999999999233,0.21999999999999886,0.01600000000000179,qso
0.23900000000000077,-0.36499999999999844,-0.2950000000000017,-0.2779999999999987,wd
1.1640000000000015,0.1739999999999995,0.08699999999999974,-0.06599999999999895,qso
-0.3539999999999992,-0.4660000000000011,-0.3409999999999975,-0.25,wd
-0.08199999999999719,0.06299999999999883,0.2920000000000016,0.05999999999999872,qso
0.5800000000000018,0.2749999999999986,0.09500000000000242,0.12199999999999989,wd
0.013999999999999346,0.1280000000000001,0.0940000000000012,0.2259999999999991,qso
0.34699999999999775,0.2140000000000022,0.10299999999999798,0.3260000000000005,qso
2.3241820000000004,0.988977000000002,0.336549999999999,0.15395399999999881,star
0.4710000000000001,-0.019999999999999574,-0.07699999999999818,-0.15000000000000213,wd
0.03500000000000014,-0.2710000000000008,-0.3440000000000012,-0.16300000000000026,wd
1.129999999999999,0.21499999999999986,0.12600000000000122,0.10899999999999821,qso
0.565999999999999,0.15399999999999991,0.01699999999999946,-0.10300000000000153,wd
1.1808389999999989,0.4625799999999991,0.20130900000000018,0.08377199999999974,star
-0.014000000000002899,0.2560000000000002,0.10100000000000264,-0.0710000000000015,qso
0.14999999999999858,0.15399999999999991,-0.10999999999999943,0.14399999999999835,qso
0.07699999999999818,0.010999999999999233,0.22000000000000242,0.006999999999997897,qso
0.6759999999999984,0.36599999999999966,0.054000000000002046,-0.03400000000000247,wd
1.234774999999999,0.5382689999999997,0.2357219999999991,0.11367600000000166,star
0.23499999999999943,0.1980000000000004,0.2480000000000011,-0.013999999999999346,qso
0.4259999999999984,0.26399999999999935,0.9470000000000027,0.718,wd
1.3471609999999998,0.5422530000000023,0.19296599999999842,0.071631,star
0.9206670000000017,0.2445219999999999,0.10638699999999801,-0.01285000000000025,star
2.351230000000001,0.9663000000000004,0.34097899999999903,0.1441150000000011,star
0.4029999999999987,-0.1789999999999985,-0.20300000000000296,-0.23999999999999844,wd
2.405645,1.0793970000000002,0.46813099999999963,0.30065099999999845,star
0.6119999999999983,0.713000000000001,1.1739999999999995,0.7480000000000011,wd
0.4819999999999993,0.17299999999999827,0.04299999999999926,0.03500000000000014,wd
-0.00999999999999801,-0.3979999999999997,-0.30400000000000205,-0.27099999999999724,wd
1.9271570000000011,0.8157189999999996,0.3095599999999994,0.1497900000000012,star
0.24899999999999878,-0.2889999999999979,-0.3719999999999999,0.4059999999999988,wd
-0.13300000000000267,-0.3559999999999981,-0.3219999999999992,0.1059999999999981,wd
0.9171809999999994,0.3155859999999997,0.11222400000000121,0.018224999999997493,star
0.20500000000000185,0.12899999999999778,0.12300000000000111,-0.053000000000000824,qso
1.7300000000000004,0.25,0.3309999999999995,0.34499999999999886,qso
0.11200000000000188,0.045999999999999375,0.259999999999998,0.0870000000000033,qso
1.3454599999999992,0.46828299999999956,0.1591210000000025,0.05332399999999993,star
0.19399999999999906,0.21799999999999997,-0.0589999999999975,0.05000000000000071,qso
0.009000000000000341,-0.3829999999999991,-0.3180000000000014,-0.5429999999999993,wd
1.2844209999999983,0.41971500000000184,0.14707199999999965,0.06537600000000054,star
0.010000000000001563,-0.3760000000000012,-0.28699999999999903,-0.16000000000000014,wd
0.08099999999999952,0.08300000000000196,0.2879999999999967,-0.15700000000000003,qso
1.5729579999999999,0.4897589999999994,0.24772799999999862,0.07882899999999893,star
0.43599999999999994,-0.18200000000000216,-0.20199999999999818,-0.21000000000000085,wd
0.16100000000000136,-0.027000000000001023,0.24200000000000088,-0.10999999999999943,qso
1.6195130000000013,0.5910449999999994,0.185651,0.08057300000000112,star
0.44200000000000017,-0.21499999999999986,-0.25400000000000134,-0.09799999999999898,wd
1.1243090000000002,0.4984130000000011,0.08740599999999965,0.06611599999999918,star
1.3552880000000016,0.5650899999999979,0.24594300000000047,0.1072330000000008,star
1.727447999999999,0.6969510000000021,0.29978499999999997,0.17043899999999823,star
1.1430490000000013,0.350641999999997,0.16163200000000089,0.02430000000000021,star
0.14299999999999713,0.3440000000000012,0.2989999999999995,0.019999999999999574,qso
1.254873,0.5096279999999993,0.14292000000000016,0.05574100000000115,star
0.15700000000000003,-0.28800000000000026,-0.3410000000000011,-0.19599999999999795,wd
1.438282000000001,0.6569250000000011,0.28542500000000004,0.1756309999999992,star
0.07400000000000162,0.28200000000000003,0.0940000000000012,-0.08900000000000219,qso
1.643491000000001,0.5552379999999992,0.18553399999999876,0.047446000000000765,star
0.5299999999999976,0.02500000000000213,-0.054999999999999716,-0.13200000000000145,wd
1.7542690000000007,0.7244869999999999,0.29334699999999714,0.15260100000000065,star
0.40700000000000003,-0.0070000000000014495,0.08500000000000085,0.15300000000000225,qso
2.475366000000001,1.0883450000000003,0.42419299999999893,0.18778499999999987,star
0.12300000000000111,0.21799999999999997,0.2480000000000011,-0.02400000000000091,qso
0.03200000000000003,0.013999999999999346,0.11899999999999977,0.1700000000000017,qso
0.11199999999999832,0.1960000000000015,-0.037000000000002586,-0.10699999999999932,qso
0.35800000000000054,0.44399999999999906,-0.009000000000000341,0.0660000000000025,qso
0.32399999999999807,-0.19099999999999895,-0.13400000000000034,-0.2480000000000011,wd
0.120000000000001,0.16499999999999915,0.23199999999999932,-0.027999999999998693,qso
0.23499999999999943,0.23000000000000043,-0.054999999999999716,-0.012000000000000455,qso
0.4559999999999995,-0.20599999999999952,-0.25900000000000034,-0.14399999999999835,wd
0.4059999999999988,-0.06400000000000006,-0.05600000000000094,-0.11299999999999955,wd
1.180605,0.4226270000000021,0.15593299999999743,0.05604600000000204,star
1.2568589999999986,0.511998000000002,0.19758699999999862,0.09246700000000097,star
0.9778920000000006,0.2995219999999996,0.11843700000000013,-0.001886999999999972,star
0.3769999999999989,0.05099999999999838,0.04200000000000159,-0.06400000000000006,wd
0.27199999999999847,0.1769999999999996,0.3150000000000013,0.06899999999999906,qso
-0.004000000000001336,0.33999999999999986,0.13200000000000145,-0.036999999999999034,qso
0.27099999999999724,0.19700000000000273,0.26899999999999835,-0.027000000000001023,qso
0.1130000000000031,0.16899999999999693,0.142000000000003,-0.09800000000000253,qso
0.3730000000000011,-0.3370000000000033,-0.22699999999999676,-0.1650000000000027,wd
0.2029999999999994,-0.08299999999999841,-0.16100000000000136,-0.18299999999999983,wd
0.4029999999999987,0.1670000000000016,-0.13299999999999912,0.2809999999999988,qso
2.4884509999999977,1.3074840000000023,0.5763249999999989,0.2949660000000005,star
0.37400000000000233,-0.030000000000001137,-0.10000000000000142,-0.08599999999999852,wd
-0.3349999999999973,-0.43700000000000117,-0.3829999999999991,-0.1680000000000028,wd
1.1780639999999991,0.39452400000000054,0.16150100000000123,0.036256999999999096,star
0.40800000000000125,0.012000000000000455,-0.06700000000000017,-0.1180000000000021,wd
0.23700000000000188,-0.28000000000000114,-0.22100000000000009,0.0020000000000024443,wd
0.120000000000001,0.28300000000000125,0.13599999999999923,0.04100000000000037,qso
1.881895,0.7603679999999979,0.25500700000000087,0.09599500000000027,star
0.647000000000002,0.062000000000001165,0.10699999999999932,0.06199999999999761,qso
1.846143999999999,0.7781599999999997,0.2830520000000014,0.12580300000000122,star
0.02400000000000091,-0.36299999999999955,-0.3030000000000008,-0.16600000000000037,wd
0.3390000000000022,0.08399999999999963,-0.08900000000000219,-0.20899999999999963,wd
0.1460000000000008,-0.0020000000000024443,0.38700000000000045,0.028999999999999915,qso
0.3319999999999972,-0.28800000000000026,-0.2729999999999997,-0.028999999999999915,wd
1.125354999999999,0.38766999999999996,0.13799700000000215,0.054204999999999615,star
0.11200000000000188,-0.40700000000000003,-0.22100000000000009,-0.16100000000000136,wd
0.3940000000000019,-0.2140000000000022,-0.17199999999999704,-0.19700000000000273,wd
1.355087000000001,0.5665309999999995,0.2201620000000002,0.05686599999999942,star
0.4059999999999988,0.05699999999999861,0.18100000000000094,-0.31299999999999883,qso
0.24399999999999977,0.07000000000000028,0.17600000000000193,0.0259999999999998,qso
0.5500000000000007,0.1529999999999987,0.045999999999999375,-0.02499999999999858,wd
1.7416480000000014,0.7718750000000014,0.25015399999999843,0.1282260000000015,star
1.3429350000000007,0.4894489999999969,0.12316700000000225,0.10154099999999744,star
0.03399999999999892,0.03400000000000247,0.2270000000000003,0.07699999999999818,qso
0.03400000000000247,-0.32500000000000284,-0.2759999999999998,-0.3149999999999977,wd
2.2625899999999994,0.8982829999999993,0.2843600000000013,0.146293,star
1.1344630000000002,0.4364259999999973,0.13525600000000182,0.04893500000000017,star
1.0890769999999996,0.2568380000000001,0.07271300000000025,0.012872999999999024,star
-0.25,-0.4400000000000013,-0.3000000000000007,-0.13100000000000023,wd
0.20899999999999963,0.11100000000000065,0.05099999999999838,0.18599999999999994,qso
1.9822659999999992,0.7744609999999987,0.2817120000000024,0.13298199999999838,star
1.5411849999999987,0.5627270000000024,0.1939089999999979,0.10831800000000058,star
0.1880000000000024,0.1559999999999988,0.15200000000000102,0.23300000000000054,qso
0.129999999999999,0.06800000000000139,0.19399999999999906,-0.01600000000000179,qso
1.054678000000001,0.36021200000000064,0.08864299999999936,0.03599700000000006,star
1.4064769999999989,0.5195350000000012,0.18319799999999908,0.039996000000000365,star
0.2010000000000005,0.2989999999999995,-0.027999999999998693,-0.08300000000000196,qso
-0.41100000000000136,-0.3099999999999987,-0.30600000000000094,-0.21999999999999886,wd
1.0438630000000018,0.3046779999999991,0.133934,0.079187000000001,star
1.4071840000000009,0.5480639999999983,0.12982200000000077,0.07729999999999926,star
0.990670999999999,0.367522000000001,0.12679999999999936,3.2999999998395424e-05,star
-0.02400000000000091,-0.31700000000000017,-0.26899999999999835,-0.28699999999999903,wd
0.22800000000000153,0.120000000000001,0.13599999999999923,0.10099999999999909,qso
0.16300000000000026,0.20200000000000173,-0.08900000000000219,-0.19899999999999807,qso
1.3599859999999993,0.30473500000000087,0.11782399999999882,0.07532899999999998,star
1.165452000000002,0.4235139999999973,0.1397970000000015,0.06672499999999815,star
0.2989999999999995,0.3219999999999992,0.24900000000000233,0.134999999999998,qso
-0.01699999999999946,-0.018000000000000682,0.2959999999999994,0.05700000000000216,qso
-0.05299999999999727,-0.028000000000002245,0.28800000000000026,0.03399999999999892,qso
-0.3420000000000023,-0.49499999999999744,-0.3520000000000003,-0.2660000000000018,wd
-0.04100000000000037,0.21899999999999764,0.19500000000000028,-0.02499999999999858,qso
2.069890000000001,0.8198939999999979,0.3451190000000004,0.2327210000000015,star
0.3839999999999968,-0.006999999999997897,0.39099999999999824,-0.004999999999999005,qso
1.3551709999999986,0.4971350000000001,0.17820700000000045,-0.004754999999999399,star
0.021999999999998465,0.11799999999999855,0.1930000000000014,0.13700000000000045,qso
0.3149999999999977,-0.01699999999999946,0.13400000000000034,0.08600000000000207,qso
0.02499999999999858,0.05799999999999983,0.33500000000000085,0.0,qso
1.6765730000000012,0.6185479999999988,0.21454899999999988,0.06884400000000035,star
0.18200000000000216,0.1839999999999975,-0.06199999999999761,0.03999999999999915,qso
0.3680000000000021,0.21399999999999864,0.2560000000000002,0.1460000000000008,qso
1.4947209999999984,0.5355349999999994,0.15376499999999993,0.08204100000000025,star
1.2199000000000026,0.465681,0.1753789999999995,0.06057599999999752,star
1.6402479999999997,0.6860990000000005,0.25191300000000005,0.11729400000000112,star
0.48400000000000176,-0.20899999999999963,-0.2690000000000019,-0.12599999999999767,wd
0.33500000000000085,0.12600000000000122,0.021999999999998465,-0.13100000000000023,wd
0.24399999999999977,0.15800000000000125,0.21300000000000097,0.038999999999997925,qso
0.472999999999999,0.26399999999999935,0.24600000000000222,0.12599999999999767,qso
1.5987679999999997,0.47208200000000033,0.20643600000000006,0.05425199999999997,star
1.862082000000001,0.8665449999999986,0.30415100000000095,0.18494400000000155,star
1.2008629999999982,0.4232820000000004,0.1745289999999997,0.06850000000000023,star
-0.264999999999997,-0.3810000000000002,-0.2759999999999998,-0.1720000000000006,wd
1.174940000000003,0.46793399999999963,0.1478629999999974,0.026278000000001356,star
0.16799999999999926,0.4350000000000023,0.0329999999999977,-0.05999999999999872,qso
0.18799999999999883,0.08500000000000085,0.20500000000000185,0.03999999999999915,qso
0.012999999999998124,-0.7620000000000005,-0.027999999999998693,-0.3249999999999993,wd
0.1980000000000004,-0.3810000000000002,-0.2220000000000013,-0.29100000000000037,wd
0.7360000000000007,0.19099999999999895,0.45600000000000307,0.18999999999999773,qso
0.41499999999999915,0.07400000000000162,-0.12199999999999989,-0.02499999999999858,wd
0.4289999999999985,-0.09299999999999997,-0.19099999999999895,-0.15899999999999892,wd
-0.054999999999999716,-0.2959999999999994,-0.2839999999999989,-0.245000000000001,wd
0.03300000000000125,-0.1750000000000007,-0.16900000000000048,0.0940000000000012,wd
0.3769999999999989,-0.20700000000000074,-0.29799999999999827,-0.21399999999999864,wd
0.2989999999999995,0.006000000000000227,-0.10600000000000165,-0.21899999999999764,wd
0.5190000000000019,0.2190000000000012,0.1319999999999979,0.26200000000000045,qso
0.45899999999999963,-0.06400000000000006,0.3500000000000014,0.12599999999999767,qso
0.3200000000000003,0.1579999999999977,-0.1109999999999971,0.11299999999999955,qso
1.4100510000000028,0.4610299999999974,0.16365200000000257,0.06103299999999834,star
1.1807920000000003,0.4446849999999998,0.12849399999999989,0.10012500000000202,star
0.4549999999999983,0.0020000000000024443,-0.1769999999999996,0.12299999999999756,wd
0.48400000000000176,-0.15200000000000102,0.2569999999999979,0.6320000000000014,wd
0.5199999999999996,0.0519999999999996,-0.08300000000000196,-0.03399999999999892,wd
0.44200000000000017,-0.20200000000000173,-0.19299999999999784,-0.3760000000000012,wd
2.117000000000001,0.21199999999999974,0.3930000000000007,0.24099999999999966,qso
0.25900000000000034,0.34699999999999775,-0.0009999999999976694,0.12399999999999878,qso
0.2759999999999998,-0.13899999999999935,0.11200000000000188,0.5470000000000006,wd
0.5249999999999986,-0.14499999999999957,-0.10899999999999821,-0.2480000000000011,wd
0.8912179999999985,0.33367700000000156,0.11440699999999993,0.01780899999999974,star
2.469562,1.3439450000000015,0.586746999999999,0.2987639999999985,star
-0.0030000000000001137,-0.021999999999998465,0.5509999999999984,0.5250000000000021,wd
1.5102849999999997,0.6212030000000013,0.22748100000000093,0.12477299999999936,star
1.8764520000000005,0.7022030000000008,0.21272699999999922,0.11672100000000007,star
1.309663999999998,0.5171130000000019,0.21596899999999764,0.1381300000000003,star
0.14199999999999946,-0.26399999999999935,-0.2930000000000028,-0.19599999999999795,wd
1.286688999999999,0.4448839999999983,0.14673000000000158,0.05093199999999953,star
0.9186840000000025,0.3575780000000002,0.06384499999999704,0.011928000000001049,star
0.9832299999999989,0.41685000000000016,0.13358500000000006,0.0443870000000004,star
0.28200000000000003,-0.3000000000000007,-0.1509999999999998,0.0030000000000001137,wd
1.191911000000001,0.37679899999999833,0.18406900000000093,0.04590299999999914,star
0.23600000000000065,0.053999999999998494,0.3999999999999986,0.07000000000000028,qso
0.1700000000000017,0.2010000000000005,-0.0070000000000014495,-0.02499999999999858,qso
0.21600000000000108,0.35300000000000153,0.7909999999999968,0.5710000000000015,wd
0.19500000000000028,-0.1789999999999985,0.1609999999999978,0.07800000000000296,qso
0.48900000000000077,-0.018000000000000682,-0.1739999999999995,-0.20700000000000074,wd
0.15399999999999991,-0.08299999999999841,0.2359999999999971,-0.03599999999999781,qso
1.2753429999999994,0.3924810000000001,0.2139319999999998,0.0555570000000003,star
-0.003999999999997783,-0.05700000000000216,0.2480000000000011,-0.01600000000000179,qso
1.060687999999999,0.44415900000000264,0.19357699999999767,0.09561899999999923,star
0.028000000000002245,-0.0470000000000006,0.5449999999999982,0.5730000000000004,wd
2.2355400000000003,0.9726239999999997,0.38644999999999996,0.21790799999999777,star
2.011475000000001,0.7746959999999987,0.2386419999999987,0.1538390000000014,star
-0.26399999999999935,-0.2940000000000005,0.2710000000000008,0.3249999999999993,wd
2.489146999999999,1.0917680000000018,0.4229939999999992,0.1915779999999998,star
0.3949999999999996,0.062000000000001165,-0.06099999999999994,-0.14999999999999858,wd
-0.3410000000000011,-0.5079999999999991,-0.33999999999999986,-0.4430000000000014,wd
0.060000000000002274,0.34499999999999886,0.12399999999999878,-0.06599999999999895,qso
0.48400000000000176,-0.10100000000000264,-0.15700000000000003,-0.0779999999999994,wd
1.9307520000000018,0.6855259999999994,0.24790199999999984,0.06105799999999917,star
0.2849999999999966,-0.3119999999999976,-0.18299999999999983,0.05099999999999838,wd
0.0519999999999996,0.08999999999999986,0.2240000000000002,0.0519999999999996,qso
0.38200000000000145,0.7349999999999994,0.7519999999999989,0.5030000000000001,wd
1.182658,0.4133180000000003,0.20545399999999958,0.02442800000000034,star
0.43599999999999994,-0.021000000000000796,-0.11599999999999966,-0.15800000000000125,wd
0.2530000000000001,0.3619999999999983,0.0519999999999996,-0.07900000000000063,qso
0.33500000000000085,-0.03999999999999915,-0.10999999999999943,-0.08699999999999974,wd
1.111350999999999,0.36791399999999896,0.15271399999999957,0.034427000000000874,star
0.4529999999999994,-0.11400000000000077,-0.16000000000000014,-0.134999999999998,wd
0.3460000000000001,-0.3119999999999976,-0.22900000000000276,-0.34399999999999764,wd
0.43700000000000117,0.15700000000000003,0.3309999999999995,0.11899999999999977,qso
-0.03100000000000236,0.06300000000000239,0.37599999999999767,-0.13999999999999702,qso
0.1319999999999979,-0.2710000000000008,-0.2579999999999991,-0.16199999999999903,wd
2.429024000000002,1.2787849999999992,0.5388599999999997,0.3126029999999993,star
0.41699999999999804,-0.038000000000000256,0.004999999999999005,-0.26099999999999923,wd
0.3309999999999995,-0.14700000000000202,0.09299999999999997,-0.053999999999998494,qso
0.4770000000000003,0.14399999999999835,-0.01699999999999946,0.08000000000000185,qso
0.44399999999999906,0.0730000000000004,-0.01699999999999946,-0.06400000000000006,wd
2.173618000000001,0.8363060000000004,0.3082409999999989,0.14555000000000007,star
0.5679999999999978,0.19900000000000162,0.006000000000000227,0.16100000000000136,qso
1.2222810000000024,0.22708499999999887,0.1304780000000001,0.05145399999999967,star
1.1577219999999997,0.4142589999999995,0.1261340000000004,0.014447999999999794,star
-0.005999999999996675,-0.3150000000000013,-0.37900000000000134,-0.2799999999999976,wd
0.22300000000000253,0.31400000000000006,0.14699999999999847,-0.00999999999999801,qso
0.44200000000000017,-0.2759999999999998,-0.23999999999999844,-0.20899999999999963,wd
0.16400000000000148,0.14199999999999946,0.19500000000000028,-0.06400000000000006,qso
0.2010000000000005,0.21899999999999764,-0.06499999999999773,0.24499999999999744,qso
0.3230000000000004,-0.2660000000000018,-0.259999999999998,-0.6780000000000008,wd
1.1963709999999992,0.44632000000000005,0.1701929999999976,0.09174700000000158,star
1.2407829999999986,0.4676329999999993,0.14423800000000142,0.049543999999999144,star
0.0710000000000015,0.22800000000000153,0.1819999999999986,-0.05699999999999861,qso
1.6305759999999978,0.5949369999999998,0.22632600000000025,0.08100800000000064,star
1.358896999999999,0.6186919999999994,0.2606579999999994,0.07672499999999971,star
1.7450299999999999,0.7155680000000011,0.24431900000000084,0.11870699999999879,star
0.16100000000000136,0.16499999999999915,0.14199999999999946,0.07200000000000273,qso
0.23000000000000043,0.04199999999999804,-0.07699999999999818,-0.13300000000000267,wd
0.5860000000000021,0.09299999999999997,-0.22800000000000153,-0.0730000000000004,qso
2.319386999999999,0.929591000000002,0.32879999999999754,0.1909830000000028,star
0.37799999999999656,0.02400000000000091,-0.0030000000000001137,0.10300000000000153,qso
0.18799999999999883,-0.14000000000000057,0.3130000000000024,0.6009999999999991,wd
1.133890000000001,0.38668699999999845,0.16114200000000167,0.02742200000000139,star
0.40700000000000003,-0.21300000000000097,-0.14399999999999835,0.07199999999999918,wd
0.42600000000000193,-0.0660000000000025,-0.10999999999999943,-0.11199999999999832,wd
0.19500000000000028,-0.3290000000000006,-0.24099999999999966,-0.44099999999999895,wd
0.4029999999999987,-0.13500000000000156,-0.16499999999999915,-0.25900000000000034,wd
1.199538999999998,0.5276129999999988,0.10279500000000041,0.10004999999999953,star
0.1410000000000018,0.6260000000000012,0.5629999999999988,0.347999999999999,wd
-0.011000000000002785,-0.26899999999999835,-0.33399999999999963,-0.1700000000000017,wd
0.053000000000000824,-0.32399999999999807,-0.30900000000000105,-0.26000000000000156,wd
0.7850000000000001,-0.21999999999999886,-0.21600000000000108,-0.24599999999999866,wd
0.7930000000000028,0.3719999999999999,0.3549999999999969,0.38500000000000156,qso
1.1928249999999991,0.43779400000000024,0.14002599999999887,0.034718999999999056,star
-0.21499999999999986,-0.2630000000000017,-0.31799999999999784,-0.21100000000000207,wd
0.6159999999999997,-0.10699999999999932,-0.23000000000000043,-0.1559999999999988,wd
0.375,-0.09799999999999898,-0.16600000000000037,-0.22500000000000142,wd
1.5262399999999978,0.6022640000000017,0.2045729999999999,0.09837100000000021,star
0.28999999999999915,-0.21099999999999852,0.15500000000000114,0.023999999999997357,qso
0.15399999999999991,0.00999999999999801,-0.045999999999999375,0.09100000000000108,qso
0.4740000000000002,-0.029999999999997584,-0.05600000000000094,-0.13400000000000034,wd
0.37900000000000134,-0.11599999999999966,-0.18100000000000094,-0.10200000000000031,wd
0.06400000000000006,0.2289999999999992,0.37900000000000134,0.036000000000001364,qso
0.3440000000000012,-0.2959999999999994,-0.24099999999999966,0.0849999999999973,wd
0.04400000000000048,-0.34499999999999886,-0.3130000000000024,-0.2539999999999978,wd
0.0799999999999983,-0.003999999999997783,0.26399999999999935,0.06700000000000017,qso
1.219296,0.43486899999999906,0.09777700000000067,0.08483899999999878,star
1.1128179999999972,0.41274600000000206,0.11421599999999899,0.05807300000000026,star
0.38400000000000034,0.019999999999999574,0.05600000000000094,0.1720000000000006,qso
-0.05100000000000193,0.13200000000000145,0.21699999999999875,0.2740000000000009,qso
1.3558459999999997,0.47115100000000254,0.2728029999999997,-0.006966000000002026,star
2.1662350000000004,0.7625399999999978,0.31221800000000144,0.1391379999999991,star
0.13700000000000045,0.33899999999999864,0.125,-0.08399999999999963,qso
1.9470729999999996,0.7427170000000025,0.25788499999999814,0.11007200000000061,star
0.1769999999999996,-0.07499999999999929,-0.08600000000000207,-0.20899999999999963,wd
0.3269999999999982,-0.19299999999999784,-0.20900000000000318,-0.010999999999999233,wd
0.38400000000000034,-0.23700000000000188,-0.2710000000000008,-0.06799999999999784,wd
1.5621379999999974,0.6316810000000004,0.2670020000000015,0.14133599999999902,star
0.2629999999999981,-0.34999999999999787,-0.2610000000000028,-0.4029999999999987,wd
1.2865179999999974,0.48683600000000204,0.1723719999999993,0.0603820000000006,star
0.267000000000003,0.11199999999999832,0.2190000000000012,0.06400000000000006,qso
0.3829999999999991,-0.06400000000000006,-0.06199999999999761,-0.1910000000000025,wd
0.8470000000000013,0.34499999999999886,0.3819999999999979,0.1280000000000001,qso
0.4460000000000015,-0.28699999999999903,-0.26000000000000156,-0.16499999999999915,wd
0.3719999999999999,-0.03599999999999781,-0.2469999999999999,-0.17900000000000205,wd
2.385390000000001,1.1560239999999986,0.39082800000000084,0.16504599999999847,star
1.2244740000000007,0.2957859999999979,0.16223000000000098,0.0734370000000002,star
1.1915680000000002,0.44446999999999903,0.17476100000000017,0.015681999999998197,star
0.44399999999999906,0.06499999999999773,-0.03500000000000014,-0.1819999999999986,wd
-0.11400000000000077,-0.3009999999999984,-0.21199999999999974,-0.25900000000000034,wd
0.4670000000000023,0.07099999999999795,0.2510000000000012,-0.05799999999999983,qso
1.3135139999999978,0.4506630000000005,0.13163199999999975,-0.00042099999999933857,star
0.07899999999999707,0.1620000000000026,-0.03900000000000148,-0.1460000000000008,qso
1.6467379999999991,0.6437020000000011,0.18855500000000092,0.14041699999999935,star
0.4079999999999977,-0.3149999999999977,-0.20899999999999963,-0.08399999999999963,wd
0.2579999999999991,0.2970000000000006,0.2510000000000012,-0.0519999999999996,qso
0.30799999999999983,0.11299999999999955,0.22499999999999787,-0.14199999999999946,qso
1.2611659999999993,0.4966869999999979,0.18954500000000252,0.0785039999999988,star
0.9267879999999984,0.33170300000000097,0.1031109999999984,0.04494500000000201,star
1.1813660000000006,0.3981779999999979,0.1357580000000027,0.059987999999997044,star
1.9075229999999976,0.621728000000001,0.20534199999999814,0.11594800000000127,star
0.8956839999999993,0.271255,0.11008900000000033,0.0031199999999991235,star
0.1620000000000026,0.09999999999999787,0.2989999999999995,0.12300000000000111,qso
2.2730050000000013,0.938269,0.31550099999999937,0.10862700000000025,star
2.253084000000001,0.8352799999999974,0.319898000000002,0.10211900000000007,star
0.44200000000000017,0.01699999999999946,0.11799999999999855,0.125,qso
1.5517010000000013,0.600403,0.19923199999999852,0.0868510000000029,star
0.5070000000000014,0.1819999999999986,0.05999999999999872,0.0020000000000024443,wd
0.41199999999999903,0.08399999999999963,-0.029999999999997584,-0.06800000000000139,wd
0.42700000000000315,0.015999999999998238,-0.09499999999999886,-0.3160000000000025,wd
0.9653510000000018,0.3764479999999981,0.0797680000000014,0.054047999999999874,star
0.03200000000000003,0.16000000000000014,0.13299999999999912,0.07600000000000051,qso
0.36699999999999733,-0.010999999999999233,-0.06400000000000006,0.1460000000000008,qso
2.2290419999999997,0.9531169999999989,0.3170700000000011,0.19460100000000047,star
-0.11400000000000077,0.00999999999999801,0.30900000000000105,-0.18999999999999773,qso
0.32399999999999807,-0.2339999999999982,-0.2759999999999998,-0.24399999999999977,wd
2.537332000000003,1.1414659999999976,0.41323000000000043,0.2235680000000002,star
0.3860000000000028,0.04999999999999716,-0.006999999999997897,-0.08099999999999952,wd
0.1739999999999995,-0.04100000000000037,0.19200000000000017,0.10099999999999909,qso
2.5037560000000028,1.1703829999999993,0.4128209999999992,0.2368100000000002,star
1.5638120000000022,0.6896509999999978,0.2158300000000004,0.08472100000000182,star
0.16799999999999926,0.4009999999999998,0.012000000000000455,0.19500000000000028,qso
2.2050310000000017,0.9468189999999979,0.32925300000000135,0.18358699999999928,star
1.9264849999999996,0.7475579999999997,0.2609250000000003,0.14236200000000032,star
0.5450000000000017,-0.028999999999999915,0.1720000000000006,0.1319999999999979,qso
2.55603,1.2108179999999997,0.5099940000000025,0.2794599999999985,star
-0.47600000000000264,-0.5729999999999968,-0.37900000000000134,-0.3309999999999995,wd
1.099494,0.3050159999999984,0.12682700000000047,-0.05784000000000056,star
1.7039030000000004,0.6070729999999998,0.23137799999999942,0.03716100000000111,star
0.365000000000002,0.46699999999999875,-0.05000000000000071,0.08000000000000185,qso
1.9886149999999994,0.7804499999999983,0.282585000000001,0.14007099999999895,star
0.1999999999999993,-0.17599999999999838,-0.142000000000003,-0.16199999999999903,wd
0.2240000000000002,0.2970000000000006,0.23999999999999844,0.21000000000000085,qso
0.2989999999999995,-0.006000000000000227,-0.12199999999999989,0.13100000000000023,qso
0.245000000000001,-0.2980000000000018,-0.1869999999999976,-0.26000000000000156,wd
0.40000000000000213,0.31899999999999906,0.006999999999997897,0.03500000000000014,qso
0.3240000000000016,0.4190000000000005,0.028999999999999915,0.03999999999999915,qso
0.2940000000000005,-0.28800000000000026,-0.2480000000000011,-0.3009999999999984,wd
2.0323700000000002,0.754500000000002,0.3068419999999996,0.17026300000000028,star
0.05699999999999861,0.18799999999999883,0.04200000000000159,0.03300000000000125,qso
2.496174,1.1163329999999991,0.41784400000000055,0.19534900000000022,star
0.865000000000002,0.1269999999999989,0.18400000000000105,0.3780000000000001,qso
0.37099999999999866,-0.04299999999999926,-0.07499999999999929,-0.08999999999999986,wd
0.2560000000000002,0.08299999999999841,0.6170000000000009,0.593,wd
0.35900000000000176,-0.21000000000000085,-0.24899999999999878,-0.2270000000000003,wd
0.46799999999999997,0.004999999999999005,-0.04400000000000048,-0.0779999999999994,wd
1.0032430000000012,0.41300199999999876,0.19150000000000134,0.09862700000000046,star
0.06500000000000128,0.0,0.028999999999999915,-0.0730000000000004,qso
0.18799999999999883,-0.08399999999999963,0.16000000000000014,0.028999999999999915,qso
1.2007600000000025,0.3691919999999982,0.1224570000000007,0.14038499999999843,star
1.673614999999998,0.6279140000000005,0.21736699999999942,0.11436500000000294,star
-0.23000000000000043,0.4819999999999993,-0.05600000000000094,-0.09600000000000009,qso
0.1410000000000018,0.010999999999999233,0.1490000000000009,0.16000000000000014,qso
1.563056999999997,0.6465020000000017,0.2568809999999999,0.10161099999999834,star
1.8668329999999997,0.7508410000000012,0.30209199999999825,0.20661700000000138,star
0.38500000000000156,-0.13899999999999935,-0.16100000000000136,-0.1529999999999987,wd
0.26699999999999946,0.17600000000000193,0.012999999999998124,-0.16600000000000037,qso
-0.21199999999999974,-0.2519999999999989,-0.3509999999999991,-0.08399999999999963,wd
0.5030000000000001,-0.08800000000000097,0.2809999999999988,-0.0009999999999976694,qso
0.9272520000000029,0.29750800000000055,0.10407599999999917,0.05640999999999963,star
0.4239999999999995,-0.07499999999999929,-0.14000000000000057,-0.19899999999999807,wd
0.07000000000000028,-0.277000000000001,-0.3309999999999995,-0.03399999999999892,wd
0.23400000000000176,-0.13500000000000156,-0.17299999999999827,-0.18599999999999994,wd
0.6189999999999998,0.6059999999999981,0.5300000000000011,0.35999999999999943,qso
1.0814929999999983,0.3545890000000007,0.10045099999999962,-0.03325099999999992,star
2.334705000000003,1.0595629999999971,0.477425000000002,0.23947999999999858,star
0.1180000000000021,0.10899999999999821,0.0730000000000004,0.15200000000000102,qso
1.287371000000002,0.3888449999999999,0.1775399999999987,0.04215500000000105,star
1.2294350000000023,0.46865999999999985,0.17263399999999862,0.09028999999999954,star
0.1509999999999998,-0.06899999999999906,-0.16100000000000136,-0.2519999999999989,wd
0.06499999999999773,0.26399999999999935,0.08300000000000196,0.03500000000000014,qso
0.16400000000000148,-0.11100000000000065,-0.15300000000000225,-0.2339999999999982,wd
2.5712569999999992,1.1704340000000002,0.4553459999999987,0.23095299999999952,star
0.15899999999999892,-0.30600000000000094,-0.24799999999999756,-0.4350000000000023,wd
-0.18499999999999872,-0.08200000000000074,0.5889999999999986,0.657,wd
0.1869999999999976,0.272000000000002,0.20400000000000063,-0.0990000000000002,qso
1.2648600000000023,0.5480289999999997,0.18749799999999794,0.10721800000000314,star
1.8086959999999976,0.7268410000000003,0.24989900000000276,0.07531200000000027,star
0.0400000000000027,0.14899999999999736,0.18200000000000216,0.23899999999999721,qso
0.2989999999999995,0.375,0.07199999999999918,0.03300000000000125,qso
2.307155999999999,0.979932999999999,0.3613930000000014,0.1919639999999987,star
0.33200000000000074,-0.21399999999999864,-0.21199999999999974,-0.26500000000000057,wd
1.831980999999999,0.7244290000000007,0.22807899999999925,0.2180029999999995,star
-0.19900000000000162,-0.2289999999999992,0.06500000000000128,-0.07700000000000173,wd
1.7966499999999996,0.7812860000000015,0.27699499999999944,0.16259200000000007,star
1.3030280000000012,0.5456679999999992,0.21371399999999952,0.07271200000000277,star
1.332611,0.4830280000000009,0.18762100000000004,0.09218899999999763,star
0.42799999999999727,-0.04400000000000048,-0.12299999999999756,-0.21199999999999974,wd
0.375,-0.0259999999999998,-0.045999999999999375,-0.1750000000000007,wd
0.4250000000000007,-0.11399999999999721,-0.17100000000000293,-0.20599999999999952,wd
1.6099560000000004,0.6224919999999976,0.24500300000000053,0.10644000000000275,star
1.1607309999999984,0.4324380000000012,0.15436499999999853,0.06036399999999986,star
2.0010239999999975,0.7628770000000031,0.28815799999999925,0.13202700000000078,star
1.3408159999999985,0.40829800000000027,0.13222999999999985,0.0642150000000008,star
1.313994000000001,0.5324910000000003,0.1876359999999977,0.0812240000000024,star
0.472999999999999,-0.15200000000000102,-0.18499999999999872,-0.3360000000000021,wd
0.05799999999999983,-0.04800000000000182,0.2900000000000027,0.030999999999998806,qso
0.11899999999999977,-0.14199999999999946,0.03200000000000003,0.19399999999999906,qso
0.37099999999999866,0.1680000000000028,-0.0020000000000024443,0.15399999999999991,qso
0.945328,0.30566599999999866,0.11539300000000097,0.03900300000000101,star
-0.04199999999999804,-0.3460000000000001,-0.22300000000000253,-0.06700000000000017,wd
1.4126510000000003,0.6235299999999988,0.2982900000000015,0.08613199999999921,star
0.4289999999999985,0.48499999999999943,0.09500000000000242,0.12299999999999756,qso
1.5997249999999994,0.6737730000000024,0.29349399999999903,0.1571080000000009,star
1.0272830000000006,0.3991199999999999,0.18482799999999955,0.06473099999999832,star
-0.02400000000000091,0.027000000000001023,0.14000000000000057,0.1559999999999988,qso
0.2630000000000017,0.25299999999999656,0.3620000000000019,0.12300000000000111,qso
0.1509999999999998,0.31700000000000017,0.0660000000000025,-0.038000000000000256,qso
0.1269999999999989,0.07700000000000173,0.28500000000000014,-0.07700000000000173,qso
0.23600000000000065,0.05900000000000105,0.007999999999999119,0.04800000000000182,qso
0.33399999999999963,-0.10999999999999943,-0.06400000000000006,-0.666999999999998,wd
-0.021999999999998465,-0.3550000000000004,-0.32200000000000273,-0.232999999999997,wd
0.3069999999999986,-0.24499999999999744,-0.23700000000000188,-0.06299999999999883,wd
1.2198640000000012,0.3829779999999978,0.1828510000000012,0.053122000000000114,star
0.3210000000000015,0.2959999999999994,0.2099999999999973,0.11400000000000077,qso
0.3329999999999984,0.13200000000000145,0.03999999999999915,-0.1410000000000018,wd
0.4450000000000003,0.03599999999999781,0.06800000000000139,-0.09299999999999997,qso
1.471,-0.019000000000001904,-0.02499999999999858,0.19099999999999895,qso
0.02699999999999747,-0.28699999999999903,-0.20700000000000074,0.07400000000000162,wd
2.042432999999999,0.7648389999999985,0.2959360000000011,0.19549599999999856,star
0.5589999999999975,0.04100000000000037,0.13200000000000145,0.08999999999999986,qso
0.46499999999999986,0.02400000000000091,-0.08000000000000185,0.006000000000000227,wd
0.6630000000000003,0.9699999999999989,0.5509999999999984,0.267000000000003,wd
0.11200000000000188,-0.06299999999999883,0.28999999999999915,0.4250000000000007,wd
0.2430000000000021,0.11899999999999977,-0.10400000000000276,0.04200000000000159,qso
0.1529999999999987,-0.04199999999999804,0.26099999999999923,-0.20599999999999952,qso
-0.2859999999999978,-0.4700000000000024,-0.32099999999999795,-0.6750000000000007,wd
0.47499999999999787,0.23600000000000065,0.0519999999999996,0.19500000000000028,qso
1.7738060000000004,0.6628860000000003,0.24920199999999681,0.15446500000000185,star
0.31400000000000006,-0.13300000000000267,0.26699999999999946,0.5060000000000002,wd
-0.3049999999999997,-0.4750000000000014,-0.30799999999999983,-0.379999999999999,wd
0.39000000000000057,0.11499999999999844,0.02400000000000091,-0.053999999999998494,wd
0.08699999999999974,0.04100000000000037,0.1109999999999971,0.04900000000000304,qso
0.37900000000000134,0.11899999999999977,0.6550000000000011,0.5839999999999996,wd
0.2950000000000017,0.20599999999999952,0.23300000000000054,0.07499999999999929,qso
0.1269999999999989,-0.0519999999999996,0.2220000000000013,-0.02499999999999858,qso
0.3329999999999984,0.2940000000000005,0.06900000000000261,-0.02400000000000091,qso
0.44099999999999895,-0.13899999999999935,-0.20599999999999952,-0.07000000000000028,wd
0.05900000000000105,0.31599999999999895,-0.13799999999999812,-0.13200000000000145,wd
0.11199999999999832,-0.3520000000000003,-0.3329999999999984,-0.0920000000000023,wd
0.4039999999999999,-0.13200000000000145,-0.11299999999999955,-0.2970000000000006,wd
0.43400000000000105,-0.6939999999999991,0.34199999999999875,-0.1559999999999988,wd
2.6340579999999996,1.4324639999999995,0.6687729999999998,0.38698300000000074,star
0.32800000000000296,-0.17700000000000315,0.23000000000000043,-0.0799999999999983,qso
0.495000000000001,0.036999999999999034,-0.07099999999999795,-0.11700000000000088,wd
1.7096139999999984,0.6080630000000014,0.12525300000000072,0.10542699999999883,star
0.2380000000000031,0.41699999999999804,0.11200000000000188,0.03399999999999892,qso
1.1204470000000022,0.41535999999999973,0.1632800000000003,0.06766000000000005,star
-0.402000000000001,-0.5380000000000003,-0.36999999999999744,-0.3080000000000034,wd
1.9079999999999977,0.2510000000000012,-0.10900000000000176,0.11100000000000065,qso
0.6809999999999974,0.6600000000000001,0.8260000000000005,0.583000000000002,wd
0.38599999999999923,0.21799999999999997,0.3290000000000006,-0.1999999999999993,qso
0.1670000000000016,0.07099999999999795,0.2690000000000019,0.012000000000000455,qso
1.1753029999999995,0.33908199999999944,0.10028900000000007,0.0018220000000006564,star
0.10200000000000031,-0.37900000000000134,-0.26200000000000045,-0.33699999999999974,wd
0.245000000000001,-0.34499999999999886,-0.2170000000000023,0.01699999999999946,wd
-0.12400000000000233,0.3620000000000019,0.047999999999998266,-0.1479999999999997,qso
0.3119999999999976,-0.08999999999999986,0.24399999999999977,0.38200000000000145,qso
0.19400000000000261,0.2829999999999977,-0.054999999999999716,0.06800000000000139,qso
0.1509999999999998,0.19399999999999906,0.12399999999999878,0.18900000000000006,qso
-0.15600000000000236,-0.34999999999999787,-0.24599999999999866,-0.4870000000000019,wd
0.16600000000000037,0.120000000000001,0.16699999999999804,0.07600000000000051,qso
1.1376629999999999,0.3445929999999997,0.18909100000000123,-0.003387000000000029,star
0.043000000000002814,-0.07900000000000063,0.09799999999999898,0.16300000000000026,qso
0.4450000000000003,0.08300000000000196,-0.013000000000001677,-0.10099999999999909,wd
0.4190000000000005,-0.0259999999999998,-0.0990000000000002,-0.07900000000000063,wd
-0.25700000000000145,-0.4540000000000006,-0.3979999999999997,-0.38899999999999935,wd
1.623542999999998,0.626234000000002,0.23240900000000053,0.11079099999999897,star
2.252277999999997,0.9335000000000022,0.3029719999999987,0.32506599999999963,star
0.4009999999999998,-0.03399999999999892,-0.018000000000000682,0.26099999999999923,qso
0.9399999999999977,1.0130000000000017,1.001999999999999,0.5850000000000009,wd
0.5619999999999976,0.14700000000000202,0.0009999999999976694,0.14300000000000068,qso
1.1132639999999974,0.38699300000000036,0.1386780000000023,0.1282989999999984,star
-0.16400000000000148,-0.4469999999999992,-0.3069999999999986,-0.19700000000000273,wd
1.7657590000000027,0.6596329999999995,0.24925599999999903,0.158099,star
1.816948,0.696987,0.2725849999999994,0.10053399999999968,star
0.1769999999999996,-0.09099999999999753,0.17299999999999827,0.06800000000000139,qso
0.8789970000000018,0.29636099999999743,0.10286900000000188,0.05859299999999834,star
0.3810000000000002,0.5110000000000028,0.10299999999999798,0.022000000000002018,qso
0.22499999999999787,-0.26099999999999923,-0.2699999999999996,-0.26099999999999923,wd
0.1819999999999986,0.2170000000000023,0.01899999999999835,-0.013999999999999346,qso
2.4404680000000027,1.243776999999998,0.24623599999999968,0.5701680000000007,star
-0.022999999999999687,-0.2970000000000006,-0.24200000000000088,0.060000000000002274,wd
1.0458950000000016,0.41242599999999996,0.14031400000000005,0.05880900000000011,star
-0.13800000000000168,0.19400000000000261,-0.027000000000001023,-0.16900000000000048,qso
0.3149999999999977,0.13400000000000034,0.20700000000000074,-0.18700000000000117,qso
0.6120000000000019,0.22299999999999898,0.12099999999999866,0.11299999999999955,qso
1.2295489999999987,0.4508739999999989,0.21281300000000059,-0.01670299999999969,star
1.2912169999999996,0.47253100000000003,0.18214800000000153,0.06704099999999968,star
0.232999999999997,0.13300000000000267,0.2309999999999981,0.11200000000000188,qso
0.5249999999999986,0.13700000000000045,0.010000000000001563,0.04499999999999815,wd
0.3689999999999998,0.08799999999999741,0.014000000000002899,-0.0710000000000015,wd
0.5970000000000013,0.1280000000000001,0.012000000000000455,0.09799999999999898,qso
0.4220000000000006,0.08800000000000097,0.8189999999999991,0.7040000000000006,wd
-0.054999999999999716,-0.3819999999999979,-0.3130000000000024,-0.357999999999997,wd
0.3960000000000008,0.47499999999999787,0.11100000000000065,0.21499999999999986,qso
0.34699999999999775,0.25800000000000267,0.11699999999999733,0.47300000000000253,qso
1.3517640000000029,0.5099089999999968,0.2419360000000026,0.07194099999999892,star
0.4380000000000024,0.006000000000000227,-0.28800000000000026,0.17299999999999827,wd
0.022000000000002018,-0.26500000000000057,-0.26699999999999946,-0.4120000000000026,wd
1.2034110000000027,0.42742599999999875,0.1398849999999996,0.03841500000000053,star
0.2270000000000003,-0.2900000000000027,-0.2699999999999996,-0.17299999999999827,wd
0.010999999999999233,-0.18900000000000006,-0.18599999999999994,-0.17199999999999704,wd
0.8117269999999976,0.2713990000000024,0.07625999999999777,0.004159000000001356,star
0.0940000000000012,-0.03200000000000003,0.17800000000000082,-0.04899999999999949,qso
0.35300000000000153,0.20199999999999818,0.16100000000000136,0.21000000000000085,qso
0.07199999999999918,0.09700000000000131,0.2579999999999991,0.06800000000000139,qso
0.21600000000000108,0.134999999999998,0.038000000000000256,0.1490000000000009,qso
0.3409999999999975,0.15500000000000114,0.25400000000000134,0.1280000000000001,qso
0.3549999999999969,-0.352999999999998,-0.24899999999999878,0.08599999999999852,wd
0.03300000000000125,0.13799999999999812,0.10100000000000264,0.2779999999999987,qso
1.6346339999999984,0.5623930000000001,0.1774160000000009,0.04441399999999973,star
2.0772699999999986,0.7829580000000007,0.3240149999999993,0.14909700000000115,star
1.1070209999999996,0.4576190000000011,0.14936800000000083,0.09713099999999919,star
0.4710000000000001,-0.16000000000000014,-0.08200000000000074,-0.3230000000000004,wd
0.10900000000000176,-0.33200000000000074,-0.2519999999999989,-0.11500000000000199,wd
1.762945000000002,0.6069999999999993,0.2698199999999993,0.08595800000000153,star
2.6031689999999976,1.1855180000000018,0.5073469999999993,0.28132100000000015,star
0.08400000000000318,0.29199999999999804,0.13800000000000168,0.0,qso
0.9693380000000023,0.34879899999999964,0.1590209999999992,0.023350000000000648,star
1.0971009999999985,0.3358520000000027,0.1669799999999988,0.10229700000000008,star
0.2380000000000031,-0.2890000000000015,-0.21600000000000108,-0.09999999999999787,wd
2.609124999999999,1.218081999999999,0.5059649999999998,0.264876000000001,star
0.39199999999999946,-0.10800000000000054,-0.16000000000000014,-0.11899999999999977,wd
0.04400000000000048,-0.35600000000000165,-0.30799999999999983,-0.29199999999999804,wd
0.4430000000000014,0.011999999999996902,-0.10200000000000031,-0.08199999999999719,wd
0.21099999999999852,0.09499999999999886,0.5930000000000035,0.5019999999999989,wd
0.46899999999999764,0.1930000000000014,0.013999999999999346,0.16799999999999926,qso
0.04200000000000159,-0.41499999999999915,-0.24099999999999966,-0.28500000000000014,wd
0.6999999999999993,-0.2190000000000012,-0.18599999999999994,-0.07900000000000063,wd
0.3390000000000022,-0.12199999999999989,-0.13500000000000156,0.07700000000000173,wd
2.5277770000000004,1.1995649999999998,0.4941469999999981,0.24333700000000036,star
0.31200000000000117,-0.015000000000000568,-0.036000000000001364,-0.43799999999999883,wd
0.3409999999999975,-0.3039999999999985,-0.28200000000000003,-0.2220000000000013,wd
0.35600000000000165,0.34399999999999764,0.7360000000000007,0.4870000000000019,wd
0.5040000000000013,-0.12600000000000122,-0.15700000000000003,-0.28800000000000026,wd
0.33100000000000307,0.31299999999999883,0.021000000000000796,0.009000000000000341,qso
2.647306999999998,1.273971000000003,0.5257489999999976,0.3240350000000003,star
0.23699999999999832,0.036000000000001364,0.17600000000000193,-0.022000000000002018,qso
1.9239260000000016,0.792484,0.33046099999999967,0.12301300000000026,star
-0.46699999999999875,-0.48799999999999955,-0.36400000000000077,-0.3049999999999997,wd
0.13200000000000145,0.46000000000000085,0.06999999999999673,-0.027999999999998693,qso
0.45899999999999963,0.30900000000000105,-0.07600000000000051,0.19399999999999906,qso
0.3810000000000002,-0.24600000000000222,-0.2469999999999999,0.0990000000000002,wd
0.13200000000000145,0.18599999999999994,0.20399999999999707,0.08000000000000185,qso
0.5129999999999981,-0.08999999999999986,-0.1059999999999981,0.15199999999999747,qso
0.16300000000000026,-0.13100000000000023,-0.1440000000000019,-0.15899999999999892,wd
0.29999999999999716,-0.259999999999998,-0.20400000000000063,-0.37099999999999866,wd
0.3769999999999989,-0.22799999999999798,0.08899999999999864,0.11500000000000199,wd
1.2291150000000002,0.4593229999999995,0.15682600000000058,0.06215100000000007,star
1.1828519999999987,0.41660899999999934,0.13686299999999996,0.03092999999999968,star
0.5680000000000014,0.19099999999999895,0.06299999999999883,-0.0329999999999977,wd
2.100214000000001,0.8955289999999998,0.32592200000000027,0.15771900000000016,star
1.2699640000000016,0.40364100000000036,0.13720499999999802,0.05068200000000189,star
0.29100000000000037,0.2259999999999991,0.30200000000000315,0.015999999999998238,qso
0.3739999999999988,0.17100000000000293,-0.017000000000003013,0.043000000000002814,qso
0.02499999999999858,-0.40500000000000114,-0.2079999999999984,-0.2989999999999995,wd
2.641000000000002,0.5239999999999974,0.10999999999999943,0.0920000000000023,qso
-0.11599999999999966,-0.4410000000000025,-0.3359999999999985,-0.24899999999999878,wd
0.04299999999999926,-0.054999999999999716,0.34299999999999997,0.08300000000000196,qso
1.4922280000000008,0.5522969999999994,0.19936999999999827,0.10084300000000113,star
0.11999999999999744,-0.06599999999999895,0.3829999999999991,0.08999999999999986,qso
0.5850000000000009,0.021999999999998465,0.045999999999999375,0.2840000000000025,qso
0.13200000000000145,0.038000000000000256,0.21899999999999764,0.07000000000000028,qso
0.3509999999999991,0.1269999999999989,0.19699999999999918,0.20600000000000307,qso
0.20400000000000063,-0.2469999999999999,-0.23499999999999943,-0.23799999999999955,wd
0.2010000000000005,0.2870000000000026,0.01699999999999946,0.036999999999999034,qso
1.5529670000000024,0.5963949999999976,0.20579800000000148,0.16570600000000013,star
2.048448999999998,0.7777540000000016,0.24925099999999922,0.13925899999999913,star
0.15200000000000102,0.05799999999999983,0.2309999999999981,0.043000000000002814,qso
0.1269999999999989,0.18400000000000105,0.264999999999997,0.24900000000000233,qso
0.4269999999999996,-0.2989999999999995,-0.24899999999999878,-0.04299999999999926,wd
1.0306119999999979,0.31952400000000125,0.15756299999999968,0.033415999999999,star
1.4616010000000017,0.6592179999999992,0.23738099999999918,0.16291599999999917,star
0.21399999999999864,0.1039999999999992,0.04100000000000037,0.11500000000000199,qso
1.0960050000000017,0.3176099999999984,0.13858199999999954,0.027017999999999986,star
-0.2789999999999999,-0.565999999999999,-0.42600000000000193,-0.05799999999999983,wd
1.8152289999999986,0.7175979999999988,0.22440000000000104,0.11338699999999946,star
0.4190000000000005,-0.09199999999999875,-0.09600000000000009,-0.07800000000000296,wd
1.4705060000000003,0.5975419999999971,0.20889300000000333,0.1485289999999999,star
1.953913,0.8383059999999993,0.2307049999999986,0.16086000000000134,star
0.39199999999999946,0.21699999999999875,0.07000000000000028,0.028999999999999915,wd
2.0422100000000007,0.906803,0.2996920000000003,0.1799389999999974,star
2.562622000000001,1.1153629999999986,0.4429809999999996,0.2293839999999996,star
1.9547620000000023,0.7113069999999979,0.3031710000000025,0.12121099999999885,star
0.477999999999998,0.10600000000000165,-0.0010000000000012221,-0.08099999999999952,wd
0.42900000000000205,-0.04400000000000048,-0.12099999999999866,-0.12900000000000134,wd
0.4989999999999988,0.21199999999999974,-0.02499999999999858,0.16699999999999804,qso
0.2140000000000022,-0.30600000000000094,-0.28200000000000003,-0.2259999999999991,wd
0.254999999999999,-0.029999999999997584,0.16699999999999804,0.10999999999999943,qso
2.7708319999999986,1.2959000000000032,0.5322769999999988,0.2794919999999994,star
0.8803940000000026,0.22850799999999793,0.13119700000000023,-0.0451379999999979,star
0.536999999999999,0.08200000000000074,0.007999999999999119,0.08000000000000185,qso
0.08800000000000097,-0.12199999999999989,-0.18400000000000105,-0.007999999999999119,wd
0.26899999999999835,-0.24899999999999878,-0.0030000000000001137,0.3069999999999986,wd
1.191625000000002,0.40169799999999967,0.2509859999999975,0.05457100000000281,star
0.35900000000000176,-0.07900000000000063,0.2579999999999991,0.0730000000000004,qso
-0.32700000000000173,-0.46999999999999886,-0.5199999999999996,-0.12900000000000134,wd
0.8159739999999989,0.2714660000000002,0.080565,0.001682999999999879,star
-0.27699999999999747,-0.4140000000000015,-0.3719999999999999,-0.18100000000000094,wd
2.563203999999999,1.1654419999999988,0.43464100000000094,0.2605430000000002,star
0.347999999999999,0.06899999999999906,-0.21099999999999852,0.21000000000000085,qso
-0.04199999999999804,-0.33300000000000196,-0.28699999999999903,-0.35800000000000054,wd
1.514000000000003,0.15199999999999747,0.11200000000000188,0.07399999999999807,qso
0.28999999999999915,-0.2469999999999999,-0.18599999999999994,-0.23300000000000054,wd
0.4969999999999999,0.22600000000000264,0.06799999999999784,0.29299999999999926,qso
1.1533259999999999,0.4122099999999982,0.1489590000000014,0.03636700000000026,star
0.17099999999999937,-0.3269999999999982,-0.2480000000000011,-0.3410000000000011,wd
0.24899999999999878,0.03500000000000014,0.2240000000000002,-0.07199999999999918,qso
-0.10999999999999943,-0.3710000000000022,-0.36599999999999966,-0.27199999999999847,wd
0.5030000000000001,-0.21099999999999852,-0.17999999999999972,-0.2170000000000023,wd
0.3279999999999994,0.35600000000000165,0.3780000000000001,0.4289999999999985,qso
0.5060000000000002,0.14199999999999946,0.48900000000000077,0.20199999999999818,qso
0.6059999999999981,-0.19799999999999685,-0.1960000000000015,0.05799999999999983,wd
1.4909490000000005,0.5605659999999979,0.20861400000000252,0.09739499999999879,star
0.03400000000000247,-0.2510000000000012,-0.25400000000000134,-0.2539999999999978,wd
1.4948010000000025,0.4836899999999993,0.18067499999999725,0.05351100000000031,star
0.41000000000000014,-0.0470000000000006,-0.07900000000000063,-0.16499999999999915,wd
0.03200000000000003,0.2890000000000015,0.06599999999999895,-0.13599999999999923,qso
2.083745999999998,0.8203850000000017,0.312303,0.14342199999999927,star
2.266030999999998,1.0671600000000012,0.45310399999999973,0.2338280000000008,star
0.038000000000000256,0.08599999999999852,0.23199999999999932,0.11100000000000065,qso
0.29199999999999804,-0.1869999999999976,-0.17900000000000205,-0.20099999999999696,wd
0.4529999999999994,0.15700000000000003,0.036000000000001364,-0.03300000000000125,wd
1.2860249999999986,0.49661000000000044,0.1589400000000012,0.10916699999999935,star
0.347999999999999,0.12400000000000233,-0.04400000000000048,0.16300000000000026,qso
-0.045999999999999375,0.28500000000000014,-0.019999999999999574,-0.06700000000000017,qso
0.5169999999999995,0.23000000000000043,0.03999999999999915,-0.06700000000000017,wd
1.0288559999999976,0.40455400000000097,0.1902639999999991,0.016758000000002937,star
1.7644629999999992,0.674944,0.26716100000000154,0.15114600000000067,star
0.24899999999999878,0.2699999999999996,0.2480000000000011,-0.01899999999999835,qso
0.5039999999999978,0.3569999999999993,0.38700000000000045,0.13400000000000034,qso
0.1930000000000014,-0.08200000000000074,-0.06500000000000128,-0.1039999999999992,wd
2.419367000000001,1.0336610000000004,0.4890460000000001,0.22345299999999924,star
-0.129999999999999,0.28000000000000114,-0.07400000000000162,-0.05900000000000105,qso
0.2510000000000012,0.27199999999999847,0.129999999999999,0.0030000000000001137,qso
0.015000000000000568,0.04899999999999949,-0.07900000000000063,0.7890000000000015,qso
0.3150000000000013,0.16699999999999804,0.28100000000000236,0.014999999999997016,qso
-0.48100000000000165,-0.49799999999999756,-0.3930000000000007,-0.36100000000000065,wd
0.19399999999999906,0.23000000000000043,-0.01600000000000179,0.08500000000000085,qso
0.5620000000000012,0.10899999999999821,0.08300000000000196,0.1769999999999996,qso
0.3180000000000014,0.23900000000000077,0.24799999999999756,0.48100000000000165,qso
0.5279999999999987,0.1440000000000019,0.24499999999999744,0.14700000000000202,qso
0.06099999999999994,-0.39099999999999824,-0.26200000000000045,-0.3130000000000024,wd
2.083135000000002,0.8445420000000006,0.2802919999999993,0.15059499999999915,star
0.9271939999999983,0.24156499999999959,0.10682100000000005,0.028868000000001004,star
-0.3660000000000032,-0.5579999999999998,-0.4499999999999993,-0.11899999999999977,wd
0.17900000000000205,0.04899999999999949,-0.15600000000000236,0.04600000000000293,qso
2.5366980000000012,1.233039999999999,0.5389970000000002,0.25114699999999957,star
1.6814529999999976,0.6214259999999996,0.2518540000000016,0.1291620000000009,star
0.4569999999999972,-0.12399999999999878,-0.1039999999999992,-0.2430000000000021,wd
0.9720000000000013,1.123000000000001,0.42499999999999716,0.3150000000000013,qso
0.14599999999999724,0.06700000000000017,-0.036999999999999034,0.07699999999999818,qso
0.8201640000000019,0.37449399999999855,0.15578299999999956,0.05758700000000161,star
0.2950000000000017,-0.2220000000000013,-0.22199999999999775,-0.1670000000000016,wd
2.354383000000002,1.0081729999999993,0.36323499999999953,0.1973780000000005,star
0.49199999999999733,0.27500000000000213,-0.054999999999999716,0.1039999999999992,qso
0.28100000000000236,-0.04900000000000304,-0.03999999999999915,-0.11700000000000088,wd
-0.20800000000000196,-0.3359999999999985,-0.3279999999999994,0.07899999999999707,wd
1.2311440000000005,0.42708800000000124,0.12296999999999869,0.03419500000000042,star
0.33899999999999864,0.13899999999999935,0.23100000000000165,0.37299999999999756,qso
1.3626179999999994,0.4677799999999994,0.16924000000000028,0.04610500000000073,star
-0.14399999999999835,-0.054000000000002046,0.3180000000000014,0.006999999999997897,qso
0.39800000000000324,-0.1460000000000008,-0.19699999999999918,-0.1930000000000014,wd
0.0660000000000025,-0.2190000000000012,-0.1559999999999988,-0.240000000000002,wd
0.08500000000000085,-0.12300000000000111,-0.21000000000000085,0.02400000000000091,wd
-0.11100000000000065,-0.0009999999999976694,0.2749999999999986,0.02499999999999858,qso
1.1001249999999985,0.3464330000000011,0.14927000000000135,0.035033999999999565,star
0.5539999999999985,-0.04899999999999949,-0.10200000000000031,-0.07000000000000028,wd
0.16399999999999793,0.32500000000000284,0.007999999999999119,0.08299999999999841,qso
0.5039999999999978,0.18100000000000094,0.04800000000000182,-0.1680000000000028,wd
0.4400000000000013,0.26500000000000057,0.32399999999999807,0.19500000000000028,qso
2.5626929999999994,1.2010930000000002,0.5321979999999993,0.23561100000000046,star
1.2549590000000013,0.44117499999999943,0.1871609999999997,0.014266000000001,star
0.15900000000000247,0.08799999999999741,0.22100000000000009,-0.13299999999999912,qso
0.4800000000000004,0.1319999999999979,0.027000000000001023,-0.11799999999999855,wd
0.13500000000000156,0.09100000000000108,0.055999999999997385,-0.2259999999999991,qso
1.3395620000000008,0.5866790000000002,0.22163799999999867,0.12996100000000155,star
2.0630570000000006,0.7615920000000003,0.2596310000000006,0.11181200000000047,star
0.8401850000000017,0.23128899999999852,0.09178499999999978,0.029952000000001533,star
-0.384999999999998,-0.5629999999999988,-0.30700000000000216,0.06599999999999895,wd
0.3180000000000014,0.23600000000000065,0.0730000000000004,0.0,qso
0.022999999999999687,0.20300000000000296,0.04299999999999926,-0.05799999999999983,qso
1.5409889999999997,0.5840250000000005,0.2219459999999991,0.09783000000000186,star
0.384999999999998,-0.06400000000000006,-0.038999999999997925,-0.23300000000000054,wd
1.0847490000000022,0.40109700000000004,0.13512199999999908,0.10010499999999922,star
0.8852600000000024,0.26717499999999816,0.10843300000000156,0.05730399999999847,star
-0.42799999999999727,-0.46199999999999974,-0.3890000000000029,-0.36699999999999733,wd
1.974059999999998,0.7251890000000003,0.2667470000000005,0.14634699999999867,star
1.269476000000001,0.4757010000000008,0.12556999999999974,0.11396599999999779,star
1.6368230000000032,0.6199169999999974,0.23797599999999974,0.13472800000000262,star
1.3963280000000005,0.5033969999999997,0.1704650000000001,0.05905800000000028,star
1.1742579999999982,0.42043499999999945,0.16185700000000125,0.08997699999999931,star
0.1559999999999988,0.5120000000000005,0.16999999999999815,-0.07199999999999918,qso
1.5118660000000013,0.5917339999999989,0.1870150000000006,0.06168699999999916,star
0.2630000000000017,-0.010999999999999233,0.045999999999999375,0.17999999999999972,qso
1.2371980000000011,0.4752890000000001,0.17527700000000124,-0.007160999999999973,star
1.1091579999999972,0.43993300000000346,0.19317499999999654,0.01179700000000139,star
-0.038999999999997925,-0.24600000000000222,-0.3520000000000003,-0.01699999999999946,wd
1.2731999999999992,0.46679599999999866,0.16314399999999907,0.08792500000000203,star
2.2500280000000004,0.9612659999999984,0.22654300000000127,0.3120959999999986,star
0.19699999999999918,-0.023999999999997357,0.21999999999999886,0.03599999999999781,qso
0.2789999999999999,-0.18999999999999773,-0.2430000000000021,-0.29299999999999926,wd
0.9743479999999991,0.3695430000000002,0.1274070000000016,0.005295000000000272,star
-0.16600000000000037,-0.41300000000000026,-0.3949999999999996,-0.21199999999999974,wd
0.3240000000000016,0.0009999999999976694,0.03500000000000014,0.03200000000000003,qso
0.08899999999999864,0.15600000000000236,-0.11400000000000077,0.10800000000000054,qso
1.4295310000000008,0.4933859999999992,0.15190699999999957,0.05570400000000042,star
1.213940000000001,0.4196969999999993,0.1532329999999984,0.04508900000000082,star
1.0134489999999978,0.31761900000000054,0.13614100000000207,0.05257999999999896,star
0.3769999999999989,-0.19099999999999895,-0.1769999999999996,-0.2840000000000025,wd
0.625,0.11100000000000065,0.08099999999999952,0.018000000000000682,qso
0.5570000000000022,-0.08100000000000307,-0.17499999999999716,-0.267000000000003,wd
0.26899999999999835,0.30799999999999983,0.03300000000000125,-0.1280000000000001,qso
0.29100000000000037,-0.3000000000000007,-0.28600000000000136,-0.02400000000000091,wd
0.06300000000000239,-0.3230000000000004,-0.22600000000000264,0.240000000000002,wd
2.418051000000002,1.1435069999999996,0.6123329999999996,0.2596369999999997,star
1.1578009999999992,0.48038500000000184,0.13242900000000013,0.03373700000000035,star
-0.03500000000000014,0.28600000000000136,0.02499999999999858,-0.04299999999999926,qso
2.421210000000002,1.0397660000000002,0.37263499999999894,0.18216400000000021,star
1.3166790000000006,0.42018500000000003,0.1446109999999976,0.04897900000000277,star
0.33800000000000097,0.17999999999999972,0.2680000000000007,-0.022000000000002018,qso
0.19699999999999918,0.23400000000000176,0.08200000000000074,-0.0920000000000023,qso
0.38700000000000045,-0.10500000000000043,-0.2959999999999994,-0.2940000000000005,wd
2.1288850000000004,0.8353249999999974,0.3229770000000016,0.23703899999999933,star
0.42299999999999827,-0.245000000000001,-0.21499999999999986,-0.1999999999999993,wd
0.3009999999999984,0.06500000000000128,-0.004999999999999005,-0.06599999999999895,wd
1.0355219999999967,0.2807660000000034,0.10061799999999721,-0.03739299999999801,star
0.4750000000000014,-0.045000000000001705,-0.09699999999999775,-0.16000000000000014,wd
0.4770000000000003,0.03500000000000014,-0.03500000000000014,-0.0470000000000006,wd
1.3290000000000006,0.1819999999999986,0.14499999999999957,0.11299999999999955,qso
1.0920089999999973,0.40640100000000245,0.17170699999999783,0.06419500000000156,star
1.494995000000003,0.5925139999999978,0.25910999999999973,0.1306130000000003,star
0.1720000000000006,0.13700000000000045,0.4049999999999976,0.07500000000000284,qso
1.3258399999999995,0.420655,0.13647100000000023,0.007451999999998904,star
0.3069999999999986,-0.06700000000000017,0.19500000000000028,0.18100000000000094,qso
-0.16600000000000037,-0.3680000000000021,-0.23300000000000054,-0.19200000000000017,wd
-0.18499999999999872,-0.08200000000000074,0.5889999999999986,0.657,wd
1.8728069999999981,0.6802250000000001,0.24226400000000226,0.09497599999999906,star
-0.19500000000000028,-0.11299999999999955,0.18999999999999773,0.30799999999999983,wd
1.1848259999999975,0.41284700000000285,0.14178099999999816,0.027163000000001603,star
0.18200000000000216,-0.4090000000000025,-0.21799999999999997,-0.2049999999999983,wd
-0.24200000000000088,0.0020000000000024443,0.3289999999999971,0.18100000000000094,qso
0.4450000000000003,0.2469999999999999,0.25,0.021000000000000796,qso
1.1720889999999997,0.43377900000000125,0.14028199999999913,0.04255399999999909,star
0.01899999999999835,-0.33500000000000085,-0.3319999999999972,-0.1509999999999998,wd
0.20300000000000296,0.09299999999999997,0.24099999999999966,0.30299999999999727,qso
0.06400000000000006,-0.3550000000000004,-0.375,-0.2010000000000005,wd
1.3843370000000021,0.48981099999999955,0.1695670000000007,0.0609909999999978,star
2.604679000000001,1.2092189999999974,0.5060640000000021,0.276548,star
0.11499999999999844,-0.26500000000000057,-0.28999999999999915,-0.4450000000000003,wd
-0.41100000000000136,-0.509999999999998,-0.370000000000001,-0.14999999999999858,wd
0.4770000000000003,-0.22300000000000253,-0.20199999999999818,0.03500000000000014,wd
2.5397680000000022,1.1148319999999998,0.42269100000000037,0.23810099999999856,star
-0.06899999999999906,-0.23000000000000043,-0.21399999999999864,0.09499999999999886,wd
0.43599999999999994,0.16400000000000148,0.02499999999999858,-0.036999999999999034,wd
0.4410000000000025,-0.16900000000000048,-0.08900000000000219,-0.3539999999999992,wd
0.3949999999999996,-0.04400000000000048,-0.053000000000000824,-0.1670000000000016,wd
2.4500680000000017,1.3291009999999979,0.7462640000000018,0.33528300000000044,star
-0.24899999999999878,-0.41100000000000136,-0.31999999999999673,-0.21100000000000207,wd
1.0345760000000013,0.3122379999999989,0.07206700000000055,-0.016945000000001542,star
1.397871000000002,0.4823689999999985,0.1768850000000004,0.08046000000000042,star
-0.23300000000000054,-0.4289999999999985,-0.33699999999999974,-0.29900000000000304,wd
0.16600000000000037,-0.3619999999999983,-0.35800000000000054,-0.23199999999999932,wd
0.30200000000000315,0.04399999999999693,0.3360000000000021,-0.2190000000000012,qso
0.3949999999999996,-0.08200000000000074,-0.24200000000000088,0.1980000000000004,wd
0.0779999999999994,-0.26899999999999835,0.18499999999999872,0.33500000000000085,wd
0.11799999999999855,-0.3689999999999998,-0.25,-0.245000000000001,wd
1.735705000000003,0.6633029999999991,0.25349999999999895,0.13435400000000186,star
0.42700000000000315,-0.02300000000000324,-0.12599999999999767,-0.18900000000000006,wd
1.2253240000000005,0.46321299999999965,0.18351200000000034,0.07649800000000084,star
0.9543920000000021,0.28795200000000065,0.1427669999999992,0.0038909999999994227,star
1.9669109999999996,0.8132289999999998,0.3014499999999991,0.1417490000000008,star
-0.11199999999999832,-0.3990000000000009,-0.3290000000000006,-0.3569999999999993,wd
1.363706999999998,0.5648949999999999,0.19139900000000054,0.13279700000000005,star
1.043180999999997,0.007414000000000698,-0.05755699999999919,-0.049693999999998795,star
-0.0329999999999977,0.20899999999999963,0.0030000000000001137,-0.04800000000000182,qso
0.062000000000001165,-0.006000000000000227,0.36400000000000077,-0.13500000000000156,qso
0.13899999999999935,0.2010000000000005,0.21699999999999875,0.2240000000000002,qso
2.553196,1.3161629999999995,0.6020039999999991,0.31665200000000127,star
1.3251120000000007,0.5102140000000013,0.17745499999999836,0.03764400000000023,star
-0.28000000000000114,-0.29499999999999815,-0.03500000000000014,-0.005000000000002558,wd
1.7023960000000002,0.6766739999999984,0.24883799999999923,0.1170320000000018,star
0.3869999999999969,-0.02699999999999747,-0.08699999999999974,-0.06900000000000261,qso
1.5101109999999984,0.5525950000000002,0.1968589999999999,0.06404799999999966,star
-0.30900000000000105,-0.48499999999999943,-0.22600000000000264,-0.0019999999999988916,wd
0.9371229999999997,0.2595479999999988,0.08311100000000238,0.046317999999999415,star
0.27600000000000335,-0.1680000000000028,0.3100000000000023,0.48999999999999844,wd
1.0960609999999988,0.35671600000000225,0.13517699999999877,0.08609000000000044,star
0.2740000000000009,0.04499999999999815,-0.1319999999999979,-0.26200000000000045,wd
0.40600000000000236,-0.022000000000002018,-0.10099999999999909,-0.20899999999999963,wd
2.501408999999999,0.9802900000000001,0.35257899999999864,0.1869410000000009,star
0.13700000000000045,0.12300000000000111,-0.013000000000001677,0.08800000000000097,qso
0.41600000000000037,-0.13100000000000023,-0.1529999999999987,-0.14199999999999946,wd
0.26000000000000156,-0.18100000000000094,-0.24899999999999878,0.0799999999999983,wd
2.2997929999999975,1.0148849999999996,0.3733850000000025,0.18424199999999757,star
0.03999999999999915,-0.24299999999999855,-0.22500000000000142,-0.3329999999999984,wd
-0.02500000000000213,-0.2909999999999968,-0.18000000000000327,-0.22699999999999676,wd
2.0493369999999977,0.8658540000000023,0.2690640000000002,0.14717899999999773,star
1.944303999999999,0.7517199999999988,0.1705609999999993,0.18688200000000066,star
0.22299999999999898,0.3049999999999997,-0.1819999999999986,0.31700000000000017,qso
-0.3940000000000019,-0.514999999999997,-0.35400000000000276,-0.4559999999999995,wd
0.10699999999999932,0.17800000000000082,0.19399999999999906,-0.07900000000000063,qso
1.1126840000000016,-0.01575599999999966,-0.12564100000000167,-0.08684999999999832,star
0.254999999999999,0.012000000000000455,0.08200000000000074,0.40500000000000114,qso
0.9098059999999997,0.3005059999999986,0.11139700000000019,0.045875999999999806,star
0.1739999999999995,0.2469999999999999,-0.12299999999999756,-0.021000000000000796,qso
1.7055880000000023,0.6669419999999988,0.2247640000000004,0.13475899999999896,star
0.24099999999999966,0.21100000000000207,0.23699999999999832,0.21999999999999886,qso
-0.14300000000000068,0.18100000000000094,0.04099999999999682,-0.06700000000000017,qso
0.11299999999999955,0.013999999999999346,0.25900000000000034,-0.027000000000001023,qso
1.0759849999999993,0.3942009999999989,0.15862100000000012,0.07982499999999959,star
0.19899999999999807,-0.019999999999999574,-0.06299999999999883,-0.11200000000000188,wd
2.5279249999999998,1.2018869999999993,0.49643000000000015,0.2906209999999998,star
0.2629999999999981,0.07000000000000028,0.04200000000000159,0.13999999999999702,qso
0.49799999999999756,-0.08399999999999963,-0.11299999999999955,-0.11599999999999966,wd
0.9108849999999968,0.14957100000000167,0.040700999999998544,-0.0042839999999984,star
0.993977000000001,0.3522829999999999,0.11733899999999942,0.02149999999999963,star
1.1940150000000003,0.4877040000000008,0.20936400000000077,0.0889009999999999,star
1.7317810000000016,0.650504999999999,0.23948700000000045,0.10948700000000144,star
2.1068289999999976,0.9659019999999998,0.36802700000000144,0.2185769999999998,star
1.6954630000000002,0.651412999999998,0.3389150000000001,0.01714899999999986,star
0.33399999999999963,0.21000000000000085,0.2970000000000006,0.3049999999999997,qso
1.3199819999999995,0.4472580000000015,0.1444529999999986,0.07619499999999846,star
-0.06900000000000261,-0.24399999999999977,-0.21899999999999764,-0.30100000000000193,wd
0.24099999999999966,-0.30299999999999727,-0.2610000000000028,-0.3089999999999975,wd
1.4996639999999992,0.5230370000000022,0.19964499999999852,0.19348700000000107,star
0.06899999999999906,-0.3099999999999987,-0.33200000000000074,-0.19899999999999807,wd
1.2388329999999996,0.5801140000000018,0.2470739999999978,0.17028200000000027,star
0.06299999999999883,0.2740000000000009,0.12399999999999878,0.030000000000001137,qso
-0.4280000000000008,-0.5510000000000019,-0.41300000000000026,-0.2619999999999969,wd
0.3190000000000026,-0.10100000000000264,-0.21099999999999852,-0.24200000000000088,wd
0.34699999999999775,0.21100000000000207,0.2519999999999989,-0.03200000000000003,qso
0.33800000000000097,0.5919999999999987,0.1700000000000017,0.023999999999997357,qso
0.35999999999999943,-0.2309999999999981,-0.23500000000000298,-0.19299999999999784,wd
0.07000000000000028,0.07400000000000162,-0.1130000000000031,0.07500000000000284,qso
0.07000000000000028,0.31099999999999994,0.11400000000000077,-0.010000000000001563,qso
0.9139999999999979,-0.05999999999999872,0.07399999999999807,0.24900000000000233,qso
-0.44799999999999685,-0.5250000000000021,-0.3550000000000004,-0.37299999999999756,wd
0.3739999999999988,0.3440000000000012,0.019999999999999574,-0.16000000000000014,qso
1.2904739999999997,0.5289529999999978,0.16001700000000163,0.09842099999999832,star
0.8295920000000017,0.29998199999999997,0.09502799999999922,0.0034559999999999036,star
0.05799999999999983,0.25400000000000134,0.11999999999999744,-0.24399999999999977,qso
0.9531959999999984,0.18643199999999993,-0.007213999999997611,0.010076999999999003,star
1.0730569999999986,0.20456199999999924,0.06653599999999926,-0.0012859999999967897,star
0.13899999999999935,-0.3249999999999993,-0.2740000000000009,-0.45700000000000074,wd
0.14700000000000202,0.23499999999999943,-0.013000000000001677,0.05900000000000105,qso
0.2789999999999999,-0.0519999999999996,0.03399999999999892,-0.006999999999997897,qso
0.08800000000000097,0.18900000000000006,-0.04200000000000159,-0.04199999999999804,qso
1.7266010000000023,0.6616089999999986,0.2519139999999993,0.12974700000000183,star
-0.0070000000000014495,-0.3760000000000012,-0.26200000000000045,-0.06699999999999662,wd
1.1340000000000003,0.9100000000000001,1.3079999999999998,0.7539999999999996,wd
0.08900000000000219,0.11199999999999832,-0.03999999999999915,0.08599999999999852,qso
0.4450000000000003,-0.0019999999999988916,0.023999999999997357,-0.1059999999999981,wd
1.1160219999999974,0.3796900000000001,0.24837499999999935,-0.058856999999999715,star
0.07399999999999807,-0.1869999999999976,-0.2240000000000002,-0.03500000000000014,wd
0.3099999999999987,-0.3210000000000015,-0.22499999999999787,-0.16799999999999926,wd
0.03100000000000236,-0.27800000000000225,-0.19299999999999784,-0.3420000000000023,wd
0.09100000000000108,-0.22500000000000142,-0.15200000000000102,-0.254999999999999,wd
-0.019000000000001904,-0.10000000000000142,-0.13099999999999667,-0.3150000000000013,wd
0.3299999999999983,0.26500000000000057,-0.012000000000000455,0.06400000000000006,qso
0.259999999999998,0.6539999999999999,0.22100000000000009,0.045999999999999375,qso
1.1715489999999988,0.49275599999999997,0.17244099999999918,0.06311100000000103,star
0.12299999999999756,-0.28500000000000014,-0.27099999999999724,-0.14500000000000313,wd
0.05799999999999983,0.11299999999999955,0.2190000000000012,0.2079999999999984,qso
2.273631999999999,1.0097790000000018,0.43451299999999904,0.21771899999999889,star
1.496649999999999,0.5152529999999995,0.21175600000000117,0.07856299999999905,star
0.347999999999999,0.3160000000000025,0.29299999999999926,0.08699999999999974,qso
0.39000000000000057,0.2029999999999994,0.0,-0.08199999999999719,qso
0.44399999999999906,0.012000000000000455,-0.05600000000000094,-0.08500000000000085,wd
0.003999999999997783,-0.20899999999999963,-0.28699999999999903,-0.2270000000000003,wd
1.162472000000001,0.46093099999999865,0.16037000000000035,0.04755000000000109,star
0.05099999999999838,-0.2829999999999977,-0.3160000000000025,-0.48600000000000065,wd
0.8847540000000009,0.31767099999999715,0.186079000000003,0.05277499999999691,star
2.6787719999999986,1.3040610000000008,0.6725689999999993,0.28972200000000115,star
0.4369999999999976,-0.036999999999999034,-0.11899999999999977,-0.14199999999999946,wd
0.3689999999999998,-0.2010000000000005,-0.2619999999999969,0.08599999999999852,wd
2.434818,1.062531,0.4071490000000022,0.19348899999999958,star
0.490000000000002,-0.1390000000000029,-0.15199999999999747,-0.19400000000000261,wd
0.19500000000000028,0.05099999999999838,-0.09299999999999997,0.0920000000000023,qso
0.39199999999999946,0.14000000000000057,0.054000000000002046,0.1769999999999996,qso
0.1559999999999988,0.12700000000000244,-0.030000000000001137,0.045000000000001705,qso
0.2270000000000003,-0.3360000000000021,-0.31299999999999883,-0.3329999999999984,wd
0.14899999999999736,-0.29999999999999716,-0.2759999999999998,-0.23300000000000054,wd
0.4469999999999992,0.15600000000000236,-0.03400000000000247,0.17300000000000182,qso
2.1459689999999974,0.8325960000000023,0.3642620000000001,0.2027259999999984,star
0.3200000000000003,0.3039999999999985,0.2240000000000002,0.0519999999999996,qso
0.4480000000000004,0.14699999999999847,0.7950000000000017,0.6780000000000008,wd
0.28600000000000136,-0.26699999999999946,-0.28000000000000114,-0.3230000000000004,wd
0.023999999999997357,-0.4239999999999995,-0.24599999999999866,-0.3099999999999987,wd
0.12099999999999866,-0.13500000000000156,0.0030000000000001137,-0.02499999999999858,qso
0.4529999999999994,-0.13799999999999812,-0.1769999999999996,-0.20700000000000074,wd
1.9641400000000004,0.7033539999999974,0.2274210000000032,0.14015199999999695,star
0.31899999999999906,-0.010999999999999233,0.11499999999999844,0.19000000000000128,qso
0.19399999999999906,0.3420000000000023,-0.030000000000001137,-0.0010000000000012221,qso
0.4200000000000017,-0.0920000000000023,-0.03200000000000003,-0.19200000000000017,wd
0.1739999999999995,0.03500000000000014,0.1559999999999988,-0.11299999999999955,qso
0.4659999999999975,-0.20199999999999818,-0.21999999999999886,-0.23900000000000077,wd
2.129535999999998,0.7539870000000004,0.24415299999999895,0.1322940000000017,star
1.9069020000000023,0.6565340000000006,0.2486859999999993,0.11123500000000064,star
0.0730000000000004,0.06700000000000017,0.26399999999999935,-0.07699999999999818,qso
2.0622030000000002,0.798335999999999,0.4355879999999992,0.17247400000000113,star
-0.07499999999999929,-0.0660000000000025,0.20500000000000185,0.10899999999999821,qso
-0.1059999999999981,-0.3160000000000025,-0.19599999999999795,-0.037000000000002586,wd
0.2759999999999998,0.2220000000000013,0.24299999999999855,-0.05999999999999872,qso
0.4740000000000002,0.006000000000000227,-0.04200000000000159,-0.16499999999999915,wd
0.10299999999999798,-0.31599999999999895,-0.254999999999999,-0.05600000000000094,wd
0.3880000000000017,-0.21799999999999997,-0.21100000000000207,-0.30299999999999727,wd
0.6690000000000005,0.5240000000000009,0.20400000000000063,0.1819999999999986,qso
1.3158550000000027,0.5442929999999997,0.23363399999999857,0.08483200000000046,star
0.5,0.5100000000000016,0.24899999999999878,0.33699999999999974,qso
1.3172430000000013,0.6142350000000008,0.23617599999999683,0.12015300000000195,star
0.46899999999999764,0.1460000000000008,-0.030999999999998806,-0.09799999999999898,wd
1.8136630000000018,0.7424479999999996,0.3594059999999999,0.09356999999999971,star
1.8901690000000002,0.7118129999999994,0.23747299999999782,0.14229500000000073,star
-0.24899999999999878,-0.5279999999999987,-0.3910000000000018,-0.43400000000000105,wd
1.1474820000000001,0.3529130000000009,0.10224099999999936,0.06695399999999907,star
2.549899,1.3890190000000011,0.78261,0.47753799999999913,star
0.37700000000000244,0.012999999999998124,-0.0519999999999996,-0.14000000000000057,wd
0.16900000000000048,-0.23999999999999844,-0.28000000000000114,-0.29299999999999926,wd
0.4609999999999985,0.07900000000000063,-0.038000000000000256,-0.14199999999999946,wd
0.490000000000002,0.5389999999999979,0.10200000000000031,-0.07599999999999696,qso
0.24299999999999855,0.1269999999999989,0.10500000000000043,0.21000000000000085,qso
-0.010999999999999233,0.3049999999999997,0.07699999999999818,0.06900000000000261,qso
0.027999999999998693,0.019999999999999574,0.33000000000000185,-0.018000000000000682,qso
1.1059029999999996,0.40561000000000114,0.11403699999999972,0.05862300000000076,star
0.5670000000000002,-0.0710000000000015,0.10099999999999909,0.2920000000000016,qso
1.9219760000000008,0.7459179999999996,0.29094000000000086,0.15628200000000092,star
0.36299999999999955,0.44299999999999784,0.18400000000000105,-0.009000000000000341,qso
0.5289999999999999,-0.1609999999999978,-0.1700000000000017,-0.18799999999999883,wd
1.872126999999999,0.7052839999999989,0.24427400000000077,0.11168600000000062,star
0.2309999999999981,0.26000000000000156,0.11299999999999955,0.15500000000000114,qso
1.1201669999999986,0.5002960000000023,0.13635400000000075,0.021083999999998326,star
-0.0940000000000012,-0.3730000000000011,-0.28200000000000003,-0.2530000000000001,wd
1.070651999999999,0.41291999999999973,0.16206400000000087,0.0728989999999996,star
0.46999999999999886,-0.07900000000000063,-0.26200000000000045,-0.23799999999999955,wd
1.4018730000000001,0.5362400000000012,0.1786329999999996,0.07310099999999942,star
2.3480159999999977,1.0002330000000015,0.40342899999999915,0.17661400000000071,star
0.18100000000000094,-0.2560000000000002,-0.28000000000000114,0.022999999999999687,wd
-0.09700000000000131,-0.33899999999999864,-0.2289999999999992,-0.2560000000000002,wd
0.23000000000000043,-0.30100000000000193,-0.1789999999999985,0.14399999999999835,wd
0.1410000000000018,0.08999999999999986,0.16199999999999903,0.13700000000000045,qso
0.245000000000001,-0.26500000000000057,-0.29999999999999716,-0.07900000000000063,wd
0.39299999999999713,-0.16899999999999693,0.532,0.5960000000000001,wd
-0.08399999999999963,-0.30799999999999983,-0.2560000000000002,-0.4759999999999991,wd
1.1682890000000015,0.43935899999999783,0.1514520000000008,0.028078000000000713,star
2.341702999999999,1.230837000000001,0.5580059999999989,0.24327100000000002,star
0.504999999999999,-0.10099999999999909,-0.08899999999999864,-0.11700000000000088,wd
0.010000000000001563,0.3879999999999981,0.43299999999999983,0.02300000000000324,qso
-0.08399999999999963,-0.29299999999999926,-0.28800000000000026,-0.23900000000000077,wd
2.1056859999999986,0.7884180000000001,0.27662300000000073,0.14981199999999895,star
0.259999999999998,-0.17099999999999937,0.1700000000000017,-0.010000000000001563,qso
1.0650000000000013,0.08999999999999986,0.06499999999999773,0.10900000000000176,qso
0.3460000000000001,0.10600000000000165,-0.07400000000000162,0.1930000000000014,qso
0.28100000000000236,0.07599999999999696,0.23600000000000065,-0.11100000000000065,qso
2.165647,0.8494649999999986,0.33222900000000166,0.1692430000000016,star
0.018000000000000682,0.019999999999999574,0.3910000000000018,-0.004000000000001336,qso
0.8756599999999999,0.2978570000000005,0.06999799999999823,0.04557800000000256,star
1.4420929999999998,0.5307250000000021,0.21268300000000018,0.09063899999999947,star
1.938483999999999,0.8442710000000027,0.3678779999999975,0.2265870000000021,star
0.14599999999999724,0.22900000000000276,0.27699999999999747,-0.06799999999999784,qso
0.3440000000000012,-0.22100000000000009,-0.13100000000000023,-0.13700000000000045,wd
-0.13100000000000023,-0.30799999999999983,-0.2799999999999976,-0.17800000000000082,wd
0.7069999999999972,0.062000000000001165,-0.0010000000000012221,0.10300000000000153,qso
0.21699999999999875,0.06299999999999883,0.24200000000000088,0.053000000000000824,qso
0.07699999999999818,-0.4259999999999984,-0.26699999999999946,-0.20800000000000196,wd
0.3219999999999992,-0.2710000000000008,-0.20399999999999707,-0.22900000000000276,wd
1.774203,0.7122840000000004,0.23948799999999792,0.12523499999999999,star
0.10699999999999932,0.18799999999999883,0.1410000000000018,0.023999999999997357,qso
1.153105,0.44121399999999866,0.1271980000000017,0.08565600000000018,star
0.12300000000000111,-0.2690000000000019,-0.2569999999999979,0.08599999999999852,wd
1.0310810000000004,0.25046399999999913,0.07495600000000024,-0.03379800000000088,star
1.281485,0.47908800000000085,0.19773500000000155,0.06172099999999858,star
0.5530000000000008,0.05699999999999861,-0.03999999999999915,0.13700000000000045,qso
2.544220000000003,1.2327329999999996,0.4749049999999997,0.26660799999999973,star
0.1700000000000017,-0.29299999999999926,-0.2900000000000027,-0.1999999999999993,wd
0.25700000000000145,0.1839999999999975,0.43100000000000094,0.16199999999999903,qso
0.39599999999999724,0.09299999999999997,-0.05699999999999861,-0.10900000000000176,wd
1.2100819999999999,0.4599569999999993,0.2680439999999997,-0.048767999999999034,star
1.6849750000000014,0.6612449999999974,0.24258100000000127,0.14784699999999873,star
0.022000000000002018,0.379999999999999,0.2889999999999979,0.17800000000000082,qso
0.03300000000000125,-0.03200000000000003,0.17099999999999937,0.15399999999999991,qso
0.3960000000000008,0.0329999999999977,-0.06099999999999994,-0.35999999999999943,wd
1.1146220000000007,0.37073700000000187,0.06466299999999947,0.057150000000000034,star
1.2234419999999986,0.3676250000000021,0.14767999999999937,0.04380300000000048,star
-0.0660000000000025,0.24200000000000088,0.01600000000000179,-0.10000000000000142,qso
0.43700000000000117,0.07400000000000162,0.04399999999999693,-0.13100000000000023,wd
1.256534000000002,0.46591199999999944,0.1869379999999996,0.03560799999999986,star
1.138147,0.4211530000000021,0.12488099999999847,0.0628920000000015,star
0.07499999999999929,0.05999999999999872,0.21000000000000085,-0.045000000000001705,qso
0.33899999999999864,0.09100000000000108,0.16499999999999915,0.04800000000000182,qso
0.8959559999999982,0.2610530000000004,0.12990699999999933,0.030744999999999578,star
1.373749,0.5025820000000003,0.1649649999999987,0.08986300000000114,star
0.1490000000000009,0.26500000000000057,-0.0730000000000004,0.06899999999999906,qso
0.027000000000001023,-0.4200000000000017,-0.23999999999999844,-0.38300000000000267,wd
0.17599999999999838,0.010000000000001563,0.2729999999999997,0.07399999999999807,qso
1.4520489999999988,0.5395029999999998,0.19013200000000197,0.08380599999999916,star
0.20400000000000063,0.3019999999999996,-0.18100000000000094,-0.15700000000000003,qso
0.06300000000000239,0.41000000000000014,0.05799999999999983,-0.06700000000000017,qso
0.23600000000000065,-0.3260000000000005,-0.2510000000000012,-0.3019999999999996,wd
2.531410000000001,1.3334329999999994,0.5170619999999992,0.2860410000000009,star
0.264999999999997,-0.06899999999999906,0.16400000000000148,0.31099999999999994,qso
1.3470460000000006,0.5232669999999988,0.14776400000000045,0.07283600000000057,star
1.2433620000000012,0.41913999999999874,0.13023199999999946,-0.012357999999998981,star
-0.34499999999999886,-0.35600000000000165,0.07499999999999929,0.17600000000000193,wd
0.3619999999999983,0.7650000000000006,0.3440000000000012,0.4079999999999977,qso
1.7369109999999992,0.6834169999999986,0.1389370000000021,0.17462499999999892,star
0.245000000000001,0.14399999999999835,0.16100000000000136,0.11799999999999855,qso
0.16300000000000026,0.05699999999999861,0.08000000000000185,0.14099999999999824,qso
0.4499999999999993,-0.18400000000000105,-0.18900000000000006,-0.22800000000000153,wd
1.3949090000000002,0.5201789999999988,0.1931900000000013,0.029086999999998753,star
2.56513,1.1407169999999986,0.4542190000000019,0.28203200000000095,star
0.3789999999999978,-0.2339999999999982,-0.18599999999999994,-0.2469999999999999,wd
1.3244129999999998,0.460249000000001,0.14153699999999958,0.06431200000000104,star
1.0676249999999996,0.35576700000000194,0.12964299999999973,0.015862999999999516,star
0.4989999999999988,0.15000000000000213,-0.010000000000001563,-0.1509999999999998,wd
0.39599999999999724,-0.07600000000000051,-0.07399999999999807,-0.01600000000000179,wd
0.1559999999999988,0.12300000000000111,0.12399999999999878,-0.16199999999999903,qso
-0.18099999999999739,-0.4380000000000024,-0.3309999999999995,-0.34699999999999775,wd
0.347999999999999,0.08400000000000318,0.07599999999999696,0.020000000000003126,qso
0.5479999999999983,-0.09699999999999775,-0.1479999999999997,-0.125,wd
1.4762929999999983,0.6750260000000026,0.24556199999999961,0.10046399999999878,star
1.194351000000001,0.3757969999999986,0.13786200000000015,0.0317690000000006,star
0.028999999999999915,0.18299999999999983,0.06700000000000017,-0.11599999999999966,qso
0.15700000000000003,-0.3119999999999976,-0.21300000000000097,-0.2789999999999999,wd
0.3470000000000013,0.04199999999999804,0.08200000000000074,-0.03300000000000125,qso
0.0259999999999998,0.30299999999999727,0.09299999999999997,-0.04399999999999693,qso
1.3962230000000027,0.4776329999999973,0.23693199999999948,0.07740800000000192,star
0.14499999999999957,0.018000000000000682,0.1999999999999993,-0.04400000000000048,qso
1.213623000000002,0.49178699999999864,0.13994399999999985,0.05347899999999939,star
1.0622289999999985,0.4275000000000002,0.11878700000000109,0.03368399999999916,star
-0.04200000000000159,0.06400000000000006,0.008000000000002672,0.4599999999999973,qso
2.2089169999999996,0.9222050000000017,0.3318449999999977,0.1668680000000009,star
0.5619999999999976,0.20899999999999963,0.09000000000000341,0.027999999999998693,wd
0.490000000000002,0.19799999999999685,-0.00999999999999801,0.06099999999999994,wd
1.0997730000000026,0.4095799999999983,0.13984100000000055,0.06624400000000108,star
0.34199999999999875,0.20600000000000307,0.06700000000000017,0.19299999999999784,qso
1.5109999999999992,0.38700000000000045,0.3719999999999999,0.4190000000000005,qso
0.5829999999999984,0.4640000000000022,0.24099999999999966,0.09799999999999898,qso
1.577999000000002,0.5351479999999995,0.20477799999999924,0.06681099999999951,star
-0.1280000000000001,-0.41100000000000136,-0.2839999999999989,-0.47300000000000253,wd
0.16900000000000048,0.07000000000000028,0.3249999999999993,0.018000000000000682,qso
0.16900000000000048,-0.3420000000000005,-0.2599999999999998,-0.3039999999999985,wd
0.34499999999999886,-0.2309999999999981,-0.23300000000000054,-0.2029999999999994,wd
0.04600000000000293,0.08699999999999974,0.43799999999999883,0.35800000000000054,wd
1.198677,0.49781799999999876,0.2674139999999987,0.015596999999999639,star
1.430768999999998,0.4725910000000013,0.247954,0.07937800000000195,star
0.29499999999999815,0.009000000000000341,0.4039999999999999,0.02400000000000091,qso
2.4342240000000004,1.1198189999999997,0.43068699999999893,0.2527940000000015,star
0.4400000000000013,0.5489999999999995,0.13000000000000256,0.05799999999999983,qso
0.4319999999999986,0.46000000000000085,0.019000000000001904,0.023999999999997357,qso
1.5715470000000025,0.6437220000000003,0.2864539999999991,0.11534699999999987,star
0.0710000000000015,0.21999999999999886,0.13299999999999912,0.23300000000000054,qso
1.352844000000001,0.6038469999999982,0.2638739999999995,0.10511900000000018,star
1.0727139999999977,0.38527300000000153,0.09381999999999735,0.09172500000000028,star
0.3290000000000006,0.17999999999999972,0.09700000000000131,0.23699999999999832,qso
1.17061,0.38512399999999936,0.17520000000000024,0.00356700000000032,star
0.9789289999999973,0.30716500000000124,0.1308329999999991,0.04460900000000123,star
0.08399999999999963,-0.13400000000000034,-0.1579999999999977,-0.21300000000000097,wd
0.8521499999999982,0.2293440000000011,0.09528299999999845,0.011099000000001524,star
0.402000000000001,0.3589999999999982,-0.011999999999996902,0.08199999999999719,qso
0.4339999999999975,-0.06799999999999784,-0.1460000000000008,-0.0010000000000012221,wd
0.970873000000001,0.268616999999999,0.08769300000000158,0.02526099999999687,star
1.1308149999999983,0.45537400000000083,0.13362300000000005,0.049571000000000254,star
1.1646520000000002,0.47188999999999837,0.1701490000000021,0.043280999999996794,star
-0.11499999999999844,0.13599999999999923,0.3099999999999987,0.29100000000000037,wd
-0.010999999999999233,-0.25400000000000134,-0.12099999999999866,-0.18599999999999994,wd
1.0934519999999992,0.38476599999999905,0.13323000000000107,0.03626699999999872,star
1.3835920000000002,0.5989779999999989,0.28478700000000146,0.18351699999999838,star
1.6236270000000026,0.6272929999999981,0.20515400000000028,0.13033300000000025,star
0.21799999999999997,-0.12099999999999866,0.2569999999999979,0.04400000000000048,qso
0.3049999999999997,0.11100000000000065,0.25900000000000034,-0.06800000000000139,qso
1.2392119999999984,0.4631120000000024,0.14835699999999719,0.08794200000000174,star
1.0001099999999994,0.37180700000000044,0.1135889999999975,0.07897700000000185,star
0.129999999999999,-0.3049999999999997,-0.32099999999999795,-0.26500000000000057,wd
0.4800000000000004,0.17999999999999972,0.13100000000000023,0.10000000000000142,qso
2.146044,0.8827460000000009,0.13544100000000014,0.48986200000000046,star
-0.036999999999999034,0.21699999999999875,0.1180000000000021,0.03999999999999915,qso
0.19400000000000261,0.2789999999999999,0.24099999999999966,-0.004999999999999005,qso
-0.10800000000000054,-0.012000000000000455,0.22500000000000142,0.023999999999997357,qso
1.0613649999999986,0.14282700000000048,0.03470000000000084,-0.040124999999999744,star
0.03900000000000148,-0.036000000000001364,0.2220000000000013,0.0730000000000004,qso
-0.17599999999999838,-0.46000000000000085,-0.2920000000000016,-0.3009999999999984,wd
1.586276999999999,0.6317659999999989,0.20870200000000239,0.1206739999999975,star
0.532,0.21799999999999997,0.04299999999999926,0.008000000000002672,wd
1.3357489999999999,0.4379080000000002,0.13800799999999924,0.07173099999999977,star
0.27300000000000324,-0.2960000000000029,-0.19599999999999795,-0.23400000000000176,wd
0.12600000000000122,-0.06300000000000239,0.25500000000000256,0.05099999999999838,qso
0.347999999999999,0.4089999999999989,0.13800000000000168,0.08299999999999841,qso
-0.013999999999999346,0.02499999999999858,0.20700000000000074,0.0019999999999988916,qso
0.3019999999999996,-0.25900000000000034,-0.27199999999999847,-0.2480000000000011,wd
0.10200000000000031,-0.379999999999999,-0.3190000000000026,0.027000000000001023,wd
1.3866370000000003,0.5199270000000009,0.20100500000000032,0.057973000000000496,star
0.4870000000000019,-0.0259999999999998,-0.08000000000000185,-0.16199999999999903,wd
0.3880000000000017,0.14199999999999946,0.14599999999999724,-0.003999999999997783,qso
0.23500000000000298,0.12899999999999778,0.04400000000000048,0.379999999999999,qso
0.495000000000001,0.5169999999999995,0.4939999999999998,0.04899999999999949,qso
0.2740000000000009,0.3069999999999986,0.11900000000000333,-0.011000000000002785,qso
-0.062000000000001165,0.28200000000000003,-0.06099999999999994,-0.004000000000001336,qso
1.2415519999999987,0.46021100000000104,0.2124120000000005,0.020662000000001512,star
0.21099999999999852,0.06400000000000006,0.11500000000000199,0.045999999999999375,qso
0.13100000000000023,0.3520000000000003,0.13500000000000156,0.006999999999997897,qso
0.7390000000000008,0.6260000000000012,0.25900000000000034,0.020999999999997243,qso
0.3219999999999992,-0.28200000000000003,-0.2779999999999987,-0.25200000000000244,wd
0.97776,0.25806200000000246,0.07066999999999979,0.06174599999999941,star
0.15199999999999747,0.17100000000000293,0.12599999999999767,-0.027999999999998693,qso
0.7590000000000003,0.3569999999999993,0.4610000000000021,0.23899999999999721,qso
1.0475030000000025,0.31134799999999885,0.18595700000000193,-0.01997400000000127,star
1.5791989999999991,0.6954799999999999,0.27295500000000317,0.11729300000000009,star
2.1965520000000005,0.8979619999999997,0.3598789999999994,0.13450699999999927,star
0.23699999999999832,-0.3009999999999984,-0.32500000000000284,-0.04499999999999815,wd
2.4695670000000014,0.9915689999999984,0.36011900000000097,0.19993999999999978,star
1.4310189999999992,0.5139819999999986,0.17504200000000125,0.052552000000000376,star
1.1817949999999975,0.49041899999999927,0.19804000000000244,0.09544999999999959,star
0.5380000000000003,0.18900000000000006,0.24200000000000088,0.15399999999999991,qso
0.45700000000000074,-0.11899999999999977,-0.06799999999999784,0.14699999999999847,wd
0.16799999999999926,0.17599999999999838,0.13700000000000045,-0.16999999999999815,qso
0.8749660000000006,0.3124919999999989,0.13847499999999968,0.014796999999999727,star
1.0899810000000016,0.16151100000000085,0.07594499999999726,0.00745200000000068,star
0.8980390000000007,0.3316420000000022,0.11245199999999755,0.055355000000002264,star
0.27199999999999847,-0.006000000000000227,-0.17999999999999972,-0.46499999999999986,wd
-0.08599999999999852,-0.3780000000000001,-0.30799999999999983,-0.2779999999999987,wd
0.19500000000000028,0.2870000000000026,-0.062000000000001165,-0.03900000000000148,qso
0.9209999999999994,0.5670000000000002,0.29100000000000037,0.3509999999999991,qso
0.9903639999999996,0.39600400000000135,0.16430399999999779,0.04730400000000046,star
-0.01799999999999713,-0.19400000000000261,-0.1839999999999975,-0.20400000000000063,wd
0.07200000000000273,-0.360000000000003,-0.2909999999999968,-0.25400000000000134,wd
0.16600000000000037,0.1529999999999987,-0.1769999999999996,0.13400000000000034,qso
0.2729999999999997,-0.2729999999999997,-0.28000000000000114,-0.4109999999999978,wd
0.14300000000000068,0.3309999999999995,-0.027999999999998693,-0.0710000000000015,qso
0.25700000000000145,0.06599999999999895,0.1440000000000019,-0.0730000000000004,qso
1.4949999999999974,0.272000000000002,0.14000000000000057,0.36599999999999966,qso
0.5090000000000003,0.23600000000000065,0.054000000000002046,0.06199999999999761,wd
-0.06799999999999962,-0.3819999999999997,-0.3160000000000007,-0.3030000000000008,wd
0.21000000000000085,0.13899999999999935,0.2079999999999984,0.1670000000000016,qso
0.23899999999999721,-0.29799999999999827,-0.2560000000000002,-0.28500000000000014,wd
0.4720000000000013,0.10999999999999943,0.027000000000001023,-0.09299999999999997,wd
0.1269999999999989,0.15400000000000347,-0.16100000000000136,0.053999999999998494,qso
0.22300000000000253,0.003999999999997783,0.10699999999999932,-0.054999999999999716,qso
0.3290000000000006,0.05799999999999983,0.0030000000000001137,0.07199999999999918,qso
1.512981,0.5532080000000015,0.22470700000000043,0.0950539999999993,star
1.3969740000000002,0.49779000000000195,0.20050200000000018,0.05802200000000113,star
0.08999999999999986,0.010999999999999233,0.5340000000000025,0.5199999999999996,wd
0.21000000000000085,0.12199999999999989,0.1739999999999995,-0.03200000000000003,qso
0.4529999999999994,-0.22500000000000142,-0.2079999999999984,-0.245000000000001,wd
1.1069850000000017,0.4689849999999982,0.18317300000000003,-0.0034119999999990824,star
2.593329999999998,1.120631000000003,0.45632499999999787,0.2072130000000012,star
0.028999999999999915,-0.3460000000000001,-0.2940000000000005,-0.29799999999999827,wd
1.2245479999999986,0.03326200000000057,-0.03615600000000185,-0.04471500000000006,star
0.490000000000002,-0.053000000000000824,-0.10299999999999798,-0.18100000000000094,wd
0.3230000000000004,0.15899999999999892,0.17999999999999972,0.028000000000002245,qso
0.3999999999999986,-0.17800000000000082,-0.2799999999999976,-0.19400000000000261,wd
1.2712280000000007,0.5331959999999967,0.21375300000000053,0.06509700000000151,star
2.4861240000000002,1.0405289999999994,0.36459999999999937,0.22739999999999938,star
0.18000000000000327,0.007999999999999119,0.4079999999999977,-0.07599999999999696,qso
0.03500000000000014,0.1720000000000006,-0.03400000000000247,-0.13999999999999702,qso
0.3569999999999993,0.45600000000000307,0.5640000000000001,0.10099999999999909,qso
2.443411000000001,1.1502049999999997,0.5389920000000004,0.27828799999999987,star
0.3879999999999999,-0.06700000000000017,-0.06799999999999962,-0.1850000000000005,wd
-0.4369999999999976,-0.45700000000000074,-0.3049999999999997,-0.23700000000000188,wd
1.6573930000000026,0.6307200000000002,0.2273229999999984,0.11378099999999947,star
2.279135,0.9743309999999994,0.3939640000000004,0.22137900000000066,star
0.1980000000000004,0.6169999999999973,0.5840000000000032,0.34199999999999875,wd
1.3294010000000007,0.4801410000000015,0.15500999999999898,0.0396219999999996,star
0.16300000000000026,0.08099999999999952,0.006000000000000227,0.45800000000000196,qso
0.3620000000000019,0.17999999999999972,-0.1739999999999995,0.1319999999999979,qso
0.4239999999999995,-0.2619999999999969,-0.18100000000000094,-0.3360000000000021,wd
0.038000000000000256,0.29100000000000037,0.14099999999999824,-0.01699999999999946,qso
2.588949000000003,1.377362999999999,0.627955,0.2920999999999996,star
-0.4759999999999991,-0.4930000000000021,-0.22799999999999798,-0.30700000000000216,wd
0.31700000000000017,0.4989999999999988,0.08999999999999986,0.021000000000000796,qso
-0.48799999999999955,-0.5299999999999976,-0.38200000000000145,-0.40700000000000003,wd
0.16000000000000014,0.16900000000000048,0.4510000000000005,0.07700000000000173,qso
0.01699999999999946,0.05099999999999838,0.19399999999999906,0.18500000000000227,qso
-0.23900000000000077,-0.3319999999999972,-0.24900000000000233,-0.3879999999999981,wd
0.3150000000000013,-0.24900000000000233,-0.3089999999999975,-0.2510000000000012,wd
1.1883060000000008,0.37477499999999964,0.14018700000000095,0.04794300000000007,star
0.39000000000000057,0.10299999999999798,0.17300000000000182,0.019999999999999574,qso
0.26399999999999935,-0.04100000000000037,0.14399999999999835,-0.10899999999999821,qso
0.379999999999999,-0.03500000000000014,-0.09600000000000009,-0.053999999999998494,wd
0.11700000000000088,-0.11899999999999977,-0.23000000000000043,0.13899999999999935,wd
0.07299999999999685,0.08900000000000219,0.30900000000000105,0.06400000000000006,qso
1.4351350000000025,0.4832479999999997,0.1695309999999992,0.09510399999999919,star
2.116691999999997,0.8916570000000021,0.30186399999999836,0.19919000000000153,star
0.6609999999999978,-0.028999999999999915,0.1880000000000024,0.39699999999999847,qso
0.5390000000000015,0.047999999999998266,0.010999999999999233,-0.09699999999999775,wd
0.45899999999999963,0.03999999999999915,-0.03399999999999892,-0.009000000000000341,wd
1.149236000000002,0.504624999999999,0.15151499999999984,0.06350699999999954,star
2.2625850000000014,0.9438209999999998,0.33579199999999965,0.17031500000000044,star
0.2640000000000029,0.007999999999999119,-0.038000000000000256,0.054999999999999716,qso
1.5949999999999989,0.19500000000000028,0.0030000000000001137,0.03500000000000014,qso
0.1479999999999997,0.19099999999999895,-0.10600000000000165,0.05799999999999983,qso
0.39000000000000057,-0.21399999999999864,-0.13400000000000034,-0.038000000000000256,wd
0.5139999999999993,0.1460000000000008,0.018000000000000682,0.04400000000000048,wd
0.3719999999999999,0.11499999999999844,-0.04299999999999926,-0.4220000000000006,wd
0.36499999999999844,0.15399999999999991,0.0030000000000001137,0.19699999999999918,qso
0.11400000000000077,0.1280000000000001,-0.06400000000000006,0.09700000000000131,qso
1.989768999999999,0.7815249999999985,0.3214030000000001,0.15882800000000152,star
0.36299999999999955,0.04899999999999949,-0.08399999999999963,-0.08300000000000196,wd
0.40199999999999747,-0.19799999999999685,-0.18200000000000216,-0.18900000000000006,wd
0.5539999999999985,0.10800000000000054,0.0070000000000014495,0.26399999999999935,qso
1.8868670000000023,0.7550050000000006,0.2568419999999989,0.15222200000000008,star
0.3269999999999982,0.13500000000000156,-0.08900000000000219,0.11400000000000077,qso
2.1193440000000017,0.8990200000000002,0.3085589999999989,0.17991599999999863,star
1.336075000000001,0.4345269999999992,0.1779130000000002,0.03732100000000216,star
0.16799999999999926,0.3370000000000033,0.36599999999999966,-0.21000000000000085,qso
0.7660000000000018,0.41199999999999903,0.4660000000000011,0.21499999999999986,qso
1.0650049999999993,0.3505439999999993,0.12470400000000126,0.05699200000000104,star
2.169129999999999,0.8882680000000001,0.3257870000000018,0.21631400000000056,star
1.041293999999997,0.350321000000001,0.06559500000000185,0.0372029999999981,star
0.2950000000000017,-0.06299999999999883,0.16000000000000014,0.21499999999999986,qso
0.5790000000000006,0.6149999999999984,0.5120000000000005,0.20599999999999952,qso
0.4430000000000014,-0.019999999999999574,-0.08900000000000219,-0.0849999999999973,wd
1.4821189999999973,0.5465260000000001,0.24443400000000182,0.0975149999999978,star
0.4490000000000016,0.027999999999998693,0.10800000000000054,-0.045999999999999375,qso
2.0404069999999983,0.7448700000000006,0.30136000000000074,0.12920100000000012,star
1.133293,0.3634769999999996,0.1312899999999999,0.01707800000000148,star
1.6552559999999978,0.6337210000000013,0.26849099999999915,0.1166640000000001,star
0.36799999999999855,-0.14399999999999835,-0.20500000000000185,-0.129999999999999,wd
1.398662999999999,0.50732,0.17517499999999941,0.13646100000000239,star
0.7040000000000006,0.7289999999999992,0.3719999999999999,0.3069999999999986,wd
1.7783939999999987,0.7447279999999985,0.2268010000000018,0.12532500000000013,star
1.1312420000000003,0.3506190000000018,0.15174999999999983,0.06040799999999891,star
0.8962189999999985,0.30495400000000217,0.09827299999999894,0.05197499999999877,star
0.31700000000000017,-0.3030000000000008,-0.21199999999999974,-0.34199999999999875,wd
1.2826459999999997,0.4529350000000001,0.1416170000000001,0.02309800000000095,star
0.4369999999999976,-0.20199999999999818,-0.15500000000000114,-0.31599999999999895,wd
0.3769999999999989,0.04299999999999926,-0.012000000000000455,-0.10899999999999821,wd
0.4540000000000006,0.0019999999999988916,-0.0940000000000012,-0.11199999999999832,wd
0.120000000000001,0.3689999999999998,0.18099999999999739,0.01600000000000179,qso
-0.12900000000000134,-0.34299999999999997,-0.2729999999999997,-0.28500000000000014,wd
0.03200000000000003,-0.3609999999999971,-0.29100000000000037,-0.2469999999999999,wd
2.7005470000000003,1.358898,0.6448029999999996,0.35189800000000027,star
0.4450000000000003,-0.06199999999999761,-0.18100000000000094,-0.054999999999999716,wd
1.0346870000000017,0.39400300000000144,0.09796899999999908,0.08632799999999818,star
0.2889999999999979,0.20400000000000063,0.2469999999999999,0.028999999999999915,qso
0.07600000000000051,0.2759999999999998,0.07499999999999929,-0.14300000000000068,qso
2.592141999999999,1.2065090000000005,0.470993,0.27776599999999974,star
0.272000000000002,-0.2510000000000012,-0.20500000000000185,-0.26899999999999835,wd
2.6319480000000013,1.2774469999999987,0.5181140000000006,0.2993300000000012,star
-0.0070000000000014495,-0.3509999999999991,-0.272000000000002,-0.10299999999999798,wd
1.0719679999999983,0.38168100000000216,-0.1317649999999997,0.2878329999999991,star
1.1566009999999984,0.401644000000001,0.15199099999999888,0.02643899999999988,star
1.356498000000002,0.4912549999999989,0.2368830000000024,0.11881999999999948,star
1.3026860000000013,0.33182500000000026,0.14145300000000027,0.012788999999999717,star
-0.2740000000000009,-0.4609999999999985,-0.3309999999999995,0.01799999999999713,wd
0.129999999999999,0.15700000000000003,0.18100000000000094,0.07699999999999818,qso
0.4369999999999976,0.030000000000001137,0.15500000000000114,0.36299999999999955,qso
-0.28999999999999915,-0.45500000000000185,-0.26799999999999713,-0.2840000000000025,wd
-0.1930000000000014,-0.44399999999999906,-0.31400000000000006,-0.31599999999999895,wd
0.3219999999999992,0.0730000000000004,-0.07000000000000028,0.20700000000000074,qso
0.5060000000000002,-0.18799999999999883,-0.13100000000000023,-0.16600000000000037,wd
2.043135000000003,0.8447389999999988,0.31363200000000013,0.20499199999999895,star
0.25,-0.23499999999999943,-0.2519999999999989,-0.39199999999999946,wd
0.21699999999999875,-0.19200000000000017,0.21199999999999974,0.7779999999999987,wd
0.32700000000000173,0.3219999999999992,0.1319999999999979,-0.11899999999999977,qso
1.1997350000000004,0.517078999999999,0.13940600000000103,0.051126000000000005,star
0.5299999999999976,0.18299999999999983,0.03200000000000003,0.009000000000000341,wd
-0.0400000000000027,0.30200000000000315,-0.06500000000000128,-0.09199999999999875,qso
0.347999999999999,-0.16599999999999682,-0.24600000000000222,-0.21499999999999986,wd
0.4469999999999992,-0.010999999999999233,-0.05600000000000094,0.022000000000002018,wd
1.7539310000000015,0.620785999999999,0.246023000000001,0.08104399999999856,star
-0.020000000000003126,-0.027999999999998693,0.10800000000000054,0.07900000000000063,qso
1.2931349999999995,0.5410269999999997,0.2037559999999985,0.11785500000000226,star
0.46300000000000097,0.21799999999999997,-0.03999999999999915,0.02499999999999858,qso
0.26399999999999935,-0.3309999999999995,-0.2560000000000002,-0.28600000000000136,wd
0.3099999999999987,0.06400000000000006,0.1280000000000001,-0.053999999999998494,qso
0.495000000000001,-0.13299999999999912,-0.14000000000000057,-0.18100000000000094,wd
0.1490000000000009,0.29100000000000037,-0.06299999999999883,-0.10900000000000176,qso
0.3410000000000011,-0.26200000000000045,-0.2240000000000002,-0.1769999999999996,wd
1.751999999999999,0.2759999999999998,0.12300000000000111,-0.01600000000000179,qso
0.4559999999999995,0.1529999999999987,0.015000000000000568,-0.0940000000000012,wd
1.3342759999999991,0.5358430000000034,0.21190699999999651,0.05829800000000063,star
1.5649300000000004,0.723433,0.26237899999999925,0.11616499999999874,star
1.3311400000000013,0.47387400000000035,0.13431699999999935,0.060102000000000544,star
0.129999999999999,0.20400000000000063,0.09099999999999753,-0.05099999999999838,qso
0.47800000000000153,-0.018000000000000682,-0.08399999999999963,-0.15700000000000003,wd
-0.12700000000000244,-0.41000000000000014,-0.29499999999999815,-0.08099999999999952,wd
0.34299999999999997,0.05999999999999872,-0.0470000000000006,-0.036999999999999034,wd
2.6454260000000005,1.3836689999999976,0.6590530000000001,0.3802960000000013,star
0.272000000000002,0.03599999999999781,-0.10899999999999821,0.30900000000000105,qso
-0.46499999999999986,-0.5489999999999995,-0.3810000000000002,-0.2270000000000003,wd
0.07399999999999807,-0.3059999999999974,-0.31099999999999994,-0.2980000000000018,wd
0.23300000000000054,0.010999999999999233,0.3420000000000023,0.007999999999999119,qso
0.5499999999999972,0.23700000000000188,0.2259999999999991,0.021000000000000796,qso
0.10200000000000031,0.26899999999999835,0.05100000000000193,-0.07400000000000162,qso
1.3845290000000006,0.4883749999999978,0.25467700000000093,0.082730999999999,star
1.149562999999997,0.3950420000000001,0.1457000000000015,0.05017300000000091,star
0.39199999999999946,0.43200000000000216,0.1529999999999987,0.16799999999999926,qso
-0.021000000000000796,-0.34199999999999875,-0.3160000000000025,0.16900000000000048,wd
0.1180000000000021,0.6759999999999984,0.26099999999999923,0.43700000000000117,qso
0.142000000000003,0.3639999999999972,0.14300000000000068,0.013000000000001677,qso
-0.2700000000000031,-0.42499999999999716,-0.3200000000000003,-0.2579999999999991,wd
-0.05099999999999838,-0.030000000000001137,0.48300000000000054,0.4819999999999993,wd
1.3862910000000035,0.5036029999999982,0.1650090000000013,0.09517799999999887,star
0.24399999999999977,-0.28300000000000125,-0.1980000000000004,-0.41499999999999915,wd
1.1329999999999991,0.05600000000000094,0.10699999999999932,0.01699999999999946,qso
0.5310000000000024,0.36100000000000065,0.2049999999999983,0.06400000000000006,qso
1.3432959999999987,0.4742500000000014,0.14873899999999907,0.09071800000000252,star
2.404827000000001,0.999804000000001,0.3188129999999987,0.1759030000000017,star
-0.10099999999999909,-0.365000000000002,-0.370000000000001,-0.10299999999999798,wd
0.4559999999999995,-0.12099999999999866,-0.21099999999999852,-0.19400000000000261,wd
0.04100000000000037,0.4740000000000002,0.41600000000000037,0.31899999999999906,wd
0.4039999999999999,0.48300000000000054,0.29199999999999804,0.05700000000000216,qso
0.16799999999999926,-0.05099999999999838,-0.13700000000000045,-0.19099999999999895,wd
0.5159999999999982,-0.23900000000000077,-0.25900000000000034,0.06700000000000017,wd
0.05699999999999861,-0.26699999999999946,-0.18599999999999994,-0.2010000000000005,wd
0.0990000000000002,-0.37599999999999767,-0.28100000000000236,-0.22799999999999798,wd
0.2049999999999983,0.2710000000000008,0.26899999999999835,-0.10299999999999798,qso
2.4734700000000025,1.2727450000000005,0.5717549999999978,0.32698300000000025,star
0.36299999999999955,-0.24899999999999878,-0.27500000000000213,-0.2010000000000005,wd
0.11200000000000188,0.26599999999999824,0.015000000000000568,-0.012999999999998124,qso
0.19500000000000028,0.09500000000000242,0.27099999999999724,0.01699999999999946,qso
0.1529999999999987,0.26599999999999824,0.3260000000000005,-0.04199999999999804,qso
0.31700000000000017,0.1109999999999971,0.22500000000000142,-0.05099999999999838,qso
1.6091979999999992,0.45265999999999806,0.531880000000001,0.13503700000000052,star
0.39000000000000057,0.11499999999999844,0.02400000000000091,-0.053999999999998494,wd
0.22100000000000009,0.14399999999999835,0.0920000000000023,-0.06400000000000006,qso
0.36100000000000065,0.036000000000001364,0.12199999999999989,0.09600000000000009,qso
0.4220000000000006,-0.15200000000000102,-0.129999999999999,-0.3760000000000012,wd
0.22100000000000009,0.021000000000000796,-0.10200000000000031,-0.02500000000000213,qso
0.5229999999999997,0.11299999999999955,0.06400000000000006,0.2729999999999997,qso
0.740000000000002,-0.20500000000000185,0.15600000000000236,0.5829999999999984,wd
1.2661209999999983,0.49200200000000116,0.15406600000000026,0.07528699999999944,star
-0.120000000000001,-0.28500000000000014,-0.23499999999999943,-0.3619999999999983,wd
0.13599999999999923,0.21499999999999986,-0.007999999999999119,-0.045000000000001705,qso
-0.5519999999999996,-0.5300000000000011,-0.39199999999999946,-0.402000000000001,wd
0.4430000000000014,0.07000000000000028,-0.04200000000000159,-0.13100000000000023,wd
0.08899999999999864,-0.01699999999999946,0.08300000000000196,0.08299999999999841,qso
0.07400000000000162,0.3639999999999972,0.17300000000000182,0.0009999999999976694,qso
0.15499999999999758,0.17700000000000315,0.22199999999999775,0.01600000000000179,qso
0.4460000000000015,-0.09499999999999886,-0.11000000000000298,-0.11299999999999955,wd
-0.09299999999999997,-0.2829999999999977,-0.22600000000000264,-0.29499999999999815,wd
1.875433000000001,0.7348199999999991,0.27617400000000103,0.15878500000000173,star
1.2080540000000006,0.4310690000000008,0.2061599999999988,0.02835800000000077,star
0.3260000000000005,-0.2980000000000018,-0.2220000000000013,-0.22299999999999898,wd
2.7560269999999996,1.2703230000000012,0.551247,0.3399339999999995,star
0.33399999999999963,-0.2029999999999994,0.19399999999999906,0.20400000000000063,qso
0.46799999999999997,0.05900000000000105,0.28800000000000026,0.4740000000000002,qso
2.0825570000000013,0.9176089999999988,0.3753600000000006,0.18337700000000012,star
0.44200000000000017,-0.18599999999999994,-0.1999999999999993,-0.31700000000000017,wd
0.10099999999999909,0.1819999999999986,-0.06700000000000017,0.10400000000000276,qso
-0.009000000000000341,-0.1039999999999992,0.29100000000000037,-0.03200000000000003,qso
2.5115909999999992,1.2289619999999992,0.5150260000000024,0.31722499999999876,star
0.18900000000000006,0.2710000000000008,-0.038000000000000256,-0.07500000000000284,qso
-0.030999999999998806,-0.34800000000000253,-0.31400000000000006,-0.26699999999999946,wd
0.31599999999999895,0.16000000000000014,0.07700000000000173,0.08299999999999841,qso
0.2740000000000009,-0.25900000000000034,-0.26699999999999946,-0.23300000000000054,wd
0.3769999999999989,-0.18799999999999883,-0.26000000000000156,-0.07000000000000028,wd
0.4720000000000013,-0.2270000000000003,-0.21100000000000207,-0.2359999999999971,wd
0.5,0.490000000000002,0.2629999999999981,-0.03200000000000003,qso
0.3440000000000012,-0.1819999999999986,-0.28100000000000236,-0.1789999999999985,wd
0.21799999999999997,0.07600000000000051,-0.06400000000000006,0.010999999999999233,qso
0.7110000000000021,0.1280000000000001,0.16199999999999903,0.3509999999999991,qso
2.071408999999999,1.1303219999999996,0.5096640000000008,0.3001869999999993,star
0.32399999999999807,0.07000000000000028,0.2940000000000005,-0.1529999999999987,qso
0.46799999999999997,-0.030999999999998806,0.11999999999999744,0.19000000000000128,wd
1.054392,0.39055799999999863,0.17575499999999877,0.03955000000000197,star
0.7020000000000017,0.25,0.8850000000000016,0.666999999999998,wd
1.0385029999999986,0.15800300000000078,0.05679100000000048,-0.049777000000000626,star
1.0329130000000006,0.45897099999999824,0.1858270000000033,0.08447999999999922,star
0.3739999999999988,-0.0259999999999998,-0.0779999999999994,-0.15500000000000114,wd
0.5079999999999991,-0.2740000000000009,-0.19699999999999918,-0.2680000000000007,wd
1.0903939999999999,0.4532949999999971,0.11008999999999958,0.03470500000000243,star
0.07099999999999795,0.28200000000000003,0.0519999999999996,-0.11999999999999744,qso
0.908299999999997,0.2762090000000015,0.15643299999999982,-0.06659900000000007,star
1.3151189999999993,0.5136600000000016,0.2028269999999992,0.1492679999999993,star
2.663305000000001,1.1365149999999993,0.4894280000000002,0.3366420000000012,star
1.9081480000000006,0.7936759999999996,0.28357399999999977,0.12822399999999945,star
1.1989249999999991,0.4380050000000004,0.14365199999999945,0.025283999999999196,star
1.1224209999999992,0.38322700000000154,0.1288499999999999,0.0062200000000007805,star
-0.24399999999999977,-0.41199999999999903,-0.3509999999999991,-0.18900000000000006,wd
0.3329999999999984,-0.17299999999999827,-0.20200000000000173,-0.22100000000000009,wd
0.4089999999999989,-0.2530000000000001,-0.2619999999999969,-0.23100000000000165,wd
0.3769999999999989,-0.08200000000000074,-0.11399999999999721,-0.17100000000000293,wd
0.13299999999999912,0.2789999999999999,0.20500000000000185,0.03200000000000003,qso
-0.023999999999997357,0.38700000000000045,0.046999999999997044,0.0,qso
2.320930999999998,1.0000640000000018,0.34557599999999766,0.19693200000000033,star
1.5710920000000002,0.6193029999999986,0.24909200000000098,0.10954699999999917,star
-0.11599999999999966,-0.3069999999999986,-0.23799999999999955,-0.2510000000000012,wd
2.112023999999998,0.9453720000000008,0.2523099999999996,0.205349,star
1.1905609999999989,0.47939300000000173,0.19705399999999784,0.06876700000000113,star
0.125,0.16000000000000014,-0.06400000000000006,0.03999999999999915,qso
1.9357000000000006,0.7186909999999997,0.28801500000000146,0.13613699999999795,star
0.05000000000000071,-0.3730000000000011,-0.27699999999999747,-0.1880000000000024,wd
0.14199999999999946,0.07900000000000063,-0.09700000000000131,0.07600000000000051,qso
1.1146049999999974,0.4460620000000013,0.221703999999999,0.05882900000000291,star
-0.31599999999999895,-0.21300000000000097,0.36599999999999966,0.3049999999999997,wd
1.1258009999999992,0.4487880000000004,0.17024400000000028,0.047042999999998614,star
-0.4009999999999998,-0.5150000000000006,-0.3979999999999997,-0.33699999999999974,wd
0.41100000000000136,-0.16100000000000136,-0.18799999999999883,-0.01699999999999946,wd
1.1926359999999985,0.37466500000000025,0.18455699999999986,0.030834999999999724,star
0.0849999999999973,0.3180000000000014,0.13599999999999923,-0.0730000000000004,qso
0.38700000000000045,-0.2889999999999979,-0.1930000000000014,-0.3309999999999995,wd
0.3730000000000011,-0.16000000000000014,-0.17900000000000205,-0.26399999999999935,wd
1.9328770000000013,0.7200829999999989,0.26943800000000095,0.10381300000000238,star
-0.08999999999999986,-0.43599999999999994,-0.3049999999999997,-0.2940000000000005,wd
1.3073939999999986,0.44533500000000004,0.11786700000000039,0.042467999999999506,star
0.4450000000000003,0.24199999999999733,0.26500000000000057,0.16900000000000048,qso
0.4529999999999994,0.21199999999999974,0.08800000000000097,0.24399999999999977,qso
0.3000000000000007,-0.2970000000000006,-0.21199999999999974,-0.3290000000000006,wd
0.0009999999999976694,0.18299999999999983,0.4009999999999998,-0.003999999999997783,qso
0.24400000000000333,-0.027000000000001023,0.10899999999999821,0.30799999999999983,qso
0.17999999999999972,0.07600000000000051,-0.0010000000000012221,-0.13200000000000145,qso
1.1229820000000004,0.23124899999999826,0.11856799999999978,0.09797299999999964,star
0.24099999999999966,-0.2840000000000025,-0.28699999999999903,-0.17800000000000082,wd
0.36299999999999955,0.027000000000001023,-0.07900000000000063,0.17299999999999827,qso
-0.125,-0.3520000000000003,-0.3249999999999993,-0.4350000000000023,wd
0.8219999999999992,0.7409999999999997,0.958000000000002,0.5620000000000012,wd
0.21399999999999864,0.1720000000000006,0.2710000000000008,-0.20400000000000063,qso
0.42499999999999716,0.010000000000001563,0.0019999999999988916,-0.01699999999999946,wd
0.3769999999999989,-0.18200000000000216,-0.18799999999999883,-0.03999999999999915,wd
1.113308,0.4240530000000007,0.13361599999999996,0.0738299999999974,star
0.47800000000000153,-0.06400000000000006,-0.15900000000000247,-0.1039999999999992,wd
0.24399999999999977,-0.16400000000000148,-1.061,0.8410000000000011,wd
0.13299999999999912,0.43799999999999883,0.014000000000002899,0.347999999999999,qso
0.6469999999999985,-0.0519999999999996,-0.08099999999999952,-0.347999999999999,wd
0.44200000000000017,-0.26500000000000057,-0.2629999999999981,-0.30200000000000315,wd
0.14000000000000057,0.1339999999999968,0.02400000000000091,-0.1769999999999996,qso
1.6556359999999977,0.6628609999999995,0.22321300000000122,0.14870499999999964,star
0.2120000000000033,0.34499999999999886,0.053999999999998494,-0.11999999999999744,qso
0.490000000000002,-0.21499999999999986,-0.17100000000000293,-0.24399999999999977,wd
1.172735000000003,0.4106349999999992,0.13931499999999986,-0.05443600000000082,star
0.3290000000000006,0.07499999999999929,-0.0019999999999988916,-0.15600000000000236,wd
1.1774200000000015,0.38914899999999975,0.17368199999999945,0.054102000000000317,star
2.5070700000000024,1.112845,0.44207599999999836,0.14951399999999992,star
0.5739999999999981,0.3249999999999993,0.21100000000000207,0.05600000000000094,qso
0.09799999999999898,0.12300000000000111,0.28200000000000003,-0.1039999999999992,qso
0.17300000000000182,0.2920000000000016,0.23699999999999832,0.14399999999999835,qso
0.4540000000000006,-0.03500000000000014,-0.16600000000000037,-0.05099999999999838,wd
1.2292730000000027,0.49713299999999805,0.24833500000000086,0.06040000000000134,star
0.5420000000000016,0.18599999999999994,0.04200000000000159,0.027999999999998693,wd
0.9659589999999998,0.3539349999999999,0.04711399999999877,0.0592870000000012,star
0.5090000000000003,0.09600000000000009,0.05699999999999861,0.1650000000000027,qso
1.6036869999999972,0.6480030000000028,0.26092799999999805,0.09346099999999957,star
0.35999999999999943,-0.19500000000000028,-0.1980000000000004,-0.15200000000000102,wd
0.4809999999999981,0.2950000000000017,0.015999999999998238,0.07600000000000051,qso
1.6701350000000001,0.5889350000000011,0.20226800000000011,0.14276499999999892,star
-0.0660000000000025,-0.2959999999999994,-0.28500000000000014,-0.36100000000000065,wd
1.4818350000000002,0.5162689999999976,0.20780399999999943,0.07011200000000173,star
2.347034999999998,0.9518810000000002,0.3857040000000005,0.3138229999999993,star
1.5222869999999986,0.557463000000002,0.1708369999999988,0.0744150000000019,star
0.09199999999999875,0.037000000000002586,0.19299999999999784,-0.019999999999999574,qso
0.2240000000000002,0.30100000000000193,0.6980000000000004,0.48799999999999955,wd
0.3769999999999989,-0.0990000000000002,-0.0329999999999977,-0.2989999999999995,wd
-0.022999999999999687,-0.3769999999999989,-0.254999999999999,-0.2840000000000025,wd
0.01799999999999713,0.07900000000000063,0.2699999999999996,-0.09699999999999775,qso
-0.012000000000000455,0.054999999999999716,0.3340000000000032,0.04299999999999926,qso
0.1819999999999986,-0.0070000000000014495,0.5760000000000005,0.5620000000000012,wd
0.4220000000000006,-0.26000000000000156,-0.21099999999999852,-0.240000000000002,wd
0.29799999999999827,0.0400000000000027,-0.0259999999999998,0.07000000000000028,qso
1.1857340000000018,0.3859399999999997,0.09381799999999885,0.018721000000001098,star
1.1819610000000011,0.5512370000000004,0.2442879999999974,0.018177000000001442,star
0.21099999999999852,0.3450000000000024,0.08799999999999741,-0.030999999999998806,qso
1.2953779999999995,0.5663370000000008,0.23179700000000025,0.11064999999999969,star
1.5147420000000018,0.5177990000000001,0.25975799999999793,0.06554600000000121,star
0.10800000000000054,0.08900000000000219,-0.18700000000000117,0.6460000000000008,qso
0.1720000000000006,0.019999999999999574,0.4209999999999994,-0.05999999999999872,qso
1.031639000000002,0.39924799999999827,0.10721900000000062,0.04076199999999908,star
0.1750000000000007,0.07199999999999918,0.2029999999999994,0.05099999999999838,qso
0.019999999999999574,0.28800000000000026,0.07299999999999685,-0.04499999999999815,qso
-0.05900000000000105,0.21300000000000097,0.007999999999999119,-0.05799999999999983,qso
0.44399999999999906,-0.04899999999999949,-0.04899999999999949,-0.05000000000000071,wd
0.15499999999999758,0.054999999999999716,-0.09799999999999898,0.03999999999999915,qso
0.884361000000002,0.3033329999999985,0.08683600000000169,0.040738999999998526,star
0.4269999999999996,-0.23699999999999832,-0.1509999999999998,-0.4670000000000023,wd
-0.13599999999999923,-0.23900000000000077,-0.259999999999998,-0.20200000000000173,wd
0.26500000000000057,-0.14500000000000313,0.2430000000000021,0.19500000000000028,qso
0.28800000000000026,0.14499999999999957,0.2530000000000001,-0.03500000000000014,qso
1.2189700000000023,0.5252419999999987,0.18464099999999917,0.11395600000000172,star
0.45200000000000173,-0.09800000000000253,-0.1559999999999988,-0.25,wd
0.2579999999999991,0.25,-0.05600000000000094,0.11299999999999955,qso
0.5120000000000005,0.23300000000000054,0.23000000000000043,0.14099999999999824,qso
0.9771559999999972,0.29609900000000167,0.14119300000000123,0.03378699999999668,star
0.021000000000000796,0.23400000000000176,-0.028999999999999915,-0.006000000000000227,qso
0.15399999999999991,-0.03999999999999915,0.2779999999999987,-0.062000000000001165,qso
1.3164099999999976,0.5434590000000021,0.17399199999999837,0.0951519999999988,star
0.33399999999999963,0.14699999999999847,0.18799999999999883,0.2630000000000017,qso
1.7270409999999998,0.6681190000000008,0.2397519999999993,0.14253199999999921,star
0.022999999999999687,0.07199999999999918,0.3359999999999985,0.0470000000000006,qso
1.0664440000000006,0.39958000000000027,0.10685799999999901,0.05395000000000039,star
1.1826340000000002,0.5903929999999988,0.15543400000000318,0.07824499999999901,star
0.1739999999999995,0.054999999999999716,0.16300000000000026,0.008000000000002672,qso
0.22799999999999798,0.11400000000000077,0.2779999999999987,-0.37599999999999767,qso
-0.05999999999999872,-0.2170000000000023,-0.22100000000000009,-0.21499999999999986,wd
0.10100000000000264,0.5350000000000001,0.26599999999999824,0.4510000000000005,qso
-0.2980000000000018,-0.4969999999999999,-0.29499999999999815,-0.3460000000000001,wd
-0.24200000000000088,-0.46999999999999886,-0.3049999999999997,-0.24599999999999866,wd
0.22100000000000009,-0.30900000000000105,-0.13400000000000034,0.1529999999999987,wd
0.4280000000000008,0.10999999999999943,0.012000000000000455,-0.04899999999999949,wd
0.5609999999999999,0.23000000000000043,0.04400000000000048,-0.045999999999999375,wd
1.3070560000000029,0.4988250000000001,0.21287599999999784,0.06530500000000217,star
-0.05999999999999872,-0.28500000000000014,-0.2530000000000001,-0.15600000000000236,wd
0.48300000000000054,-0.1960000000000015,-0.18100000000000094,-0.25099999999999767,wd
0.28300000000000125,0.2469999999999999,0.3200000000000003,-0.027999999999998693,qso
0.24299999999999855,0.13899999999999935,0.30700000000000216,0.08399999999999963,qso
0.4519999999999982,0.18500000000000227,-0.0020000000000024443,0.014000000000002899,wd
0.4140000000000015,-0.1819999999999986,-0.1390000000000029,-0.1819999999999986,wd
2.3020710000000015,0.8406349999999989,0.39063299999999934,0.18965000000000032,star
0.07900000000000063,0.09299999999999997,0.08200000000000074,0.20199999999999818,qso
0.22799999999999798,-0.038000000000000256,-0.0329999999999977,-0.06900000000000261,qso
2.128028999999998,1.052557000000002,0.4532959999999999,0.30287299999999995,star
1.1191580000000023,0.3961100000000002,0.14331099999999708,0.071195000000003,star
0.4289999999999985,-0.1839999999999975,-0.17999999999999972,-0.5250000000000021,wd
0.495000000000001,-0.07400000000000162,-0.12900000000000134,-0.009000000000000341,wd
0.16000000000000014,0.26000000000000156,0.08999999999999986,0.01899999999999835,qso
0.597999999999999,0.5750000000000028,0.6489999999999974,0.3710000000000022,qso
0.4299999999999997,-0.036999999999999034,-0.21499999999999986,-0.06099999999999994,wd
0.15200000000000102,0.26000000000000156,0.06199999999999761,-0.09600000000000009,qso
0.03200000000000003,0.26399999999999935,0.053000000000000824,0.04800000000000182,qso
0.46000000000000085,-0.05700000000000216,-0.12099999999999866,-0.2029999999999994,wd
0.4400000000000013,-0.1670000000000016,-0.1999999999999993,-0.18799999999999883,wd
2.4236590000000007,1.2454450000000001,0.5803720000000006,0.3098669999999988,star
0.006000000000000227,0.015000000000000568,0.31799999999999784,-0.029999999999997584,qso
1.1497879999999974,0.4140870000000021,0.16579999999999728,0.040472000000001174,star
0.41100000000000136,-0.1739999999999995,-0.24899999999999878,-0.28000000000000114,wd
0.976343,0.3373890000000017,0.13422199999999762,0.0002540000000017528,star
0.588000000000001,0.41300000000000026,0.9390000000000001,0.6829999999999998,wd
0.37700000000000244,-0.245000000000001,-0.21999999999999886,-0.18500000000000227,wd
2.367246999999999,0.9812699999999985,0.3518940000000015,0.14968500000000162,star
1.1942139999999988,0.41615600000000086,0.17075000000000173,0.040996999999997286,star
0.3009999999999984,0.2970000000000006,0.01899999999999835,0.1720000000000006,qso
1.9667910000000006,0.7697600000000016,0.25439099999999826,0.1807040000000022,star
0.5210000000000008,-0.23600000000000065,-0.21600000000000108,-0.3619999999999983,wd
0.09499999999999886,-0.3739999999999988,-0.30799999999999983,-0.25700000000000145,wd
0.14499999999999957,0.23600000000000065,0.09100000000000108,0.06899999999999906,qso
2.5039879999999997,1.3150289999999991,0.5335540000000023,0.2784199999999988,star
0.44700000000000273,0.36799999999999855,0.29299999999999926,0.2190000000000012,qso
0.2240000000000002,-0.006000000000000227,0.14300000000000068,0.021000000000000796,qso
0.9526080000000015,0.3026699999999991,0.1075090000000003,0.05008100000000226,star
0.4529999999999994,-0.26399999999999935,-0.17099999999999937,0.0030000000000001137,wd
1.429907,0.5154599999999991,0.13958599999999954,0.03710899999999917,star
0.2220000000000013,0.04399999999999693,0.22900000000000276,0.37599999999999767,qso
2.0500030000000002,0.7648870000000016,0.255217,0.16801599999999972,star
0.06599999999999895,0.0779999999999994,-0.054999999999999716,-0.027999999999998693,qso
1.1486640000000001,0.5731300000000026,0.16166699999999778,0.11772200000000055,star
1.3642310000000002,0.5698660000000011,0.23161900000000202,0.11402099999999749,star
0.5289999999999999,0.4039999999999999,0.16999999999999815,0.14000000000000057,qso
1.1281379999999999,0.10083700000000206,0.002427000000000845,0.0209559999999982,star
2.3883550000000007,1.0030099999999997,0.3710950000000004,0.18289499999999848,star
0.3670000000000009,0.5670000000000002,0.7459999999999987,0.47800000000000153,wd
0.34999999999999787,0.12300000000000111,0.2079999999999984,0.14700000000000202,qso
-0.04199999999999804,-0.47300000000000253,-0.2579999999999991,-0.010000000000001563,wd
1.466234,0.5756760000000014,0.23298600000000036,0.11677200000000099,star
1.1653790000000015,0.4059179999999998,0.14298900000000003,0.016785000000000494,star
1.4071069999999999,0.6210899999999988,0.22595000000000098,0.11126700000000156,star
1.8841040000000007,0.7328340000000004,0.228629999999999,0.10303100000000143,star
0.39000000000000057,0.4140000000000015,0.15499999999999758,0.027000000000001023,qso
0.28999999999999915,0.16000000000000014,-0.10800000000000054,0.10200000000000031,qso
0.4910000000000032,0.26599999999999824,0.254999999999999,-0.0030000000000001137,qso
1.6290000000000013,0.14399999999999835,0.1390000000000029,0.2839999999999989,qso
0.5019999999999989,0.1980000000000004,0.05100000000000193,-0.028000000000002245,wd
0.4029999999999987,-0.29100000000000037,-0.19900000000000162,-0.2779999999999987,wd
1.1355910000000016,0.4598480000000009,0.09230499999999964,0.09546399999999977,star
0.1460000000000008,0.01899999999999835,0.18100000000000094,0.0030000000000001137,qso
1.1493329999999986,0.3748939999999994,0.15342000000000056,0.014677999999999969,star
1.2763080000000002,0.4893479999999979,0.1832710000000013,0.06632399999999983,star
0.062000000000001165,0.10200000000000031,0.2289999999999992,0.18900000000000006,wd
0.33000000000000185,-0.2579999999999991,-0.2759999999999998,-0.25900000000000034,wd
0.10200000000000031,0.17400000000000304,0.3289999999999971,0.18700000000000117,qso
0.9645439999999983,0.2645320000000009,0.10674200000000056,-0.033228000000001146,star
-0.47199999999999953,-0.5709999999999997,-0.3509999999999991,-0.40000000000000213,wd
0.17499999999999716,-0.007999999999999119,0.1280000000000001,-0.062000000000001165,qso
1.440533000000002,0.5748709999999981,0.22365199999999952,0.09595700000000029,star
-0.26500000000000057,-0.4239999999999995,-0.3470000000000013,-0.33200000000000074,wd
0.04200000000000159,0.41999999999999815,-0.1059999999999981,-0.17800000000000082,qso
0.4289999999999985,0.0940000000000012,-0.05099999999999838,0.014999999999997016,wd
1.2953279999999978,0.5011690000000009,0.1805969999999988,0.07189900000000016,star
1.323922999999997,0.5266550000000016,0.16213199999999972,0.10944999999999894,star
1.5738050000000001,0.6150699999999993,0.2115419999999979,0.09576200000000057,star
2.429203000000001,1.0445820000000001,0.38948800000000006,0.2103850000000005,star
1.2129999999999974,0.25200000000000244,0.17099999999999937,0.25,qso
0.1509999999999998,-0.24600000000000222,-0.2989999999999995,-0.10000000000000142,wd
1.092672000000002,0.2857449999999986,0.07477400000000145,-0.029793000000001513,star
-0.030000000000001137,0.1880000000000024,0.36799999999999855,0.12700000000000244,qso
-0.021000000000000796,-0.30600000000000094,0.054000000000002046,0.2679999999999989,wd
1.1108259999999994,0.37049100000000124,0.1570229999999988,0.08238800000000168,star
2.304392,0.9770760000000003,0.3562049999999992,0.23046900000000292,star
1.9225619999999992,0.799234000000002,0.31673999999999936,0.17723900000000015,star
-0.07600000000000051,-0.3470000000000013,-0.1789999999999985,0.09099999999999753,wd
1.0981330000000007,0.42637500000000017,0.15596000000000032,0.023530999999998414,star
0.33000000000000185,-0.11899999999999977,0.12199999999999989,0.004000000000001336,qso
1.156803,0.347529999999999,0.1710320000000003,0.013743000000001615,star
0.04200000000000159,0.4190000000000005,0.4059999999999988,0.036000000000001364,qso
0.37900000000000134,-0.08200000000000074,-0.21300000000000097,-0.16600000000000037,wd
0.047999999999998266,-0.13299999999999912,0.2920000000000016,0.047999999999998266,qso
0.07399999999999807,-0.31700000000000017,-0.33699999999999974,-0.26599999999999824,wd
0.9649380000000001,0.20599699999999999,0.11422699999999963,0.024986999999999426,star
-0.013000000000001677,-0.38400000000000034,-0.3119999999999976,-0.35400000000000276,wd
0.9229190000000003,0.10124899999999926,0.23319299999999998,-0.04884099999999947,star
0.10499999999999687,-0.010999999999999233,0.22600000000000264,-0.05900000000000105,qso
0.43900000000000006,0.25900000000000034,0.21799999999999997,0.015000000000000568,qso
0.4220000000000006,0.005999999999996675,-0.04399999999999693,0.046999999999997044,wd
0.0730000000000004,0.1339999999999968,0.13000000000000256,0.04199999999999804,qso
0.05100000000000193,-0.012000000000000455,0.3639999999999972,0.15600000000000236,qso
0.46500000000000163,0.1399999999999988,0.0,-0.0779999999999994,wd
0.20200000000000173,0.3349999999999973,0.03200000000000003,-0.07299999999999685,qso
0.15700000000000003,-0.13599999999999923,0.08600000000000207,0.25,qso
2.311720000000001,0.948052999999998,0.3510819999999999,0.13065300000000057,star
2.2586000000000013,0.9664749999999991,0.3632640000000009,0.19741199999999992,star
0.13700000000000045,0.2240000000000002,0.10999999999999943,-0.08799999999999741,qso
1.2275910000000003,0.40264299999999764,0.13412699999999944,0.00994100000000131,star
0.9877079999999996,0.25944400000000023,0.054831999999999326,0.02398900000000026,star
0.14000000000000057,0.010999999999999233,-0.12399999999999878,-0.18599999999999994,wd
1.1572759999999995,0.35812999999999917,0.17289900000000102,0.02362499999999912,star
1.564595999999998,0.589499,0.21802700000000108,0.09691199999999967,star
0.3520000000000003,0.1509999999999998,0.16100000000000136,0.01899999999999835,qso
0.2759999999999998,-0.2729999999999997,-0.23100000000000165,-0.39399999999999835,wd
0.46300000000000097,0.03500000000000014,0.0259999999999998,-0.03999999999999915,wd
2.1487119999999997,0.9245200000000011,0.34008400000000094,0.178804999999997,star
0.32399999999999807,-0.012999999999998124,0.2079999999999984,0.08399999999999963,qso
0.15800000000000125,0.2010000000000005,-0.10200000000000031,-0.11700000000000088,qso
0.14300000000000068,-0.32399999999999807,-0.2900000000000027,0.011000000000002785,wd
0.2309999999999981,0.0730000000000004,0.24600000000000222,-0.0070000000000014495,qso
2.56907,1.1419510000000006,0.3805430000000012,0.24059099999999844,star
0.19400000000000261,0.22399999999999665,0.03100000000000236,-0.010999999999999233,qso
1.4331150000000008,0.559747999999999,0.25277300000000125,0.15628600000000148,star
0.4089999999999989,0.19200000000000017,0.020000000000003126,0.232999999999997,qso
-0.0710000000000015,-0.3119999999999976,-0.33100000000000307,-0.23699999999999832,wd
-0.013000000000001677,-0.3309999999999995,-0.3249999999999993,-0.2959999999999994,wd
2.1394020000000005,0.8864829999999984,0.29266400000000026,0.09084099999999928,star
2.3694039999999994,1.006646,0.4340679999999999,0.245514,star
0.44599999999999795,-0.11199999999999832,-0.15399999999999991,-0.17300000000000182,wd
1.3113860000000024,0.508111999999997,0.1562979999999996,0.08119399999999999,star
0.4770000000000003,0.08899999999999864,0.0070000000000014495,-0.19399999999999906,wd
0.5380000000000003,0.2099999999999973,0.022000000000002018,-0.05100000000000193,wd
0.46199999999999974,0.003999999999997783,-0.11599999999999966,-0.12600000000000122,wd
0.41000000000000014,0.2890000000000015,0.22100000000000009,0.053999999999998494,qso
0.23000000000000043,0.18400000000000105,-0.013000000000001677,-0.05799999999999983,qso
0.5229999999999997,-0.09399999999999764,0.1789999999999985,0.35800000000000054,wd
0.31400000000000006,0.33899999999999864,0.10200000000000031,0.1280000000000001,qso
0.31400000000000006,-0.0710000000000015,0.21499999999999986,0.120000000000001,qso
0.2950000000000017,-0.2729999999999997,-0.2980000000000018,-0.19699999999999918,wd
0.45700000000000074,-0.3039999999999985,-0.23000000000000043,0.05799999999999983,wd
0.20099999999999696,0.015000000000000568,0.23700000000000188,-0.045000000000001705,qso
0.04899999999999949,-0.18400000000000105,0.27800000000000225,0.10500000000000043,wd
0.44399999999999906,-0.24099999999999966,-0.20700000000000074,-0.14599999999999724,wd
0.1460000000000008,0.06799999999999784,0.17800000000000082,0.05699999999999861,qso
0.3670000000000009,0.1869999999999976,0.01699999999999946,0.13400000000000034,qso
-0.07699999999999818,-0.3960000000000008,-0.245000000000001,-0.25,wd
0.9372219999999984,0.2870880000000007,0.16413299999999964,0.009143999999999153,star
0.2980000000000018,-0.18900000000000006,0.027999999999998693,-0.11899999999999977,qso
1.8794380000000004,0.6876180000000005,0.20413100000000028,0.11497699999999966,star
1.1341549999999998,0.41549300000000144,0.14799000000000007,0.07321699999999964,star
0.5180000000000007,0.14499999999999957,0.19200000000000017,-0.0030000000000001137,qso
0.062000000000001165,-0.43599999999999994,-0.24099999999999966,-0.33899999999999864,wd
1.9859030000000004,0.7313690000000008,0.26942499999999825,0.125942000000002,star
0.3940000000000019,-0.3500000000000014,-0.11799999999999855,-0.16100000000000136,wd
1.0876720000000013,0.30926900000000046,0.15811099999999811,0.0533580000000029,star
0.43299999999999983,-0.036000000000001364,-0.05299999999999727,-0.16900000000000048,wd
2.230879999999999,0.9356500000000025,0.3851419999999983,0.18844299999999947,star
2.253553,0.9973710000000011,0.3264560000000003,0.21949599999999947,star
0.9096009999999985,0.276014,0.06990599999999958,0.021149000000001195,star
0.1999999999999993,-0.023999999999997357,-0.045000000000001705,0.15300000000000225,qso
-0.010999999999999233,0.3030000000000008,0.1559999999999988,0.027000000000001023,qso
1.0775930000000002,0.4009990000000023,0.11879699999999715,0.05002600000000257,star
0.08800000000000097,-0.3279999999999994,-0.2680000000000007,0.10200000000000031,wd
-0.134999999999998,-0.3509999999999991,-0.25700000000000145,-0.29799999999999827,wd
1.910183,0.8110079999999993,0.3215709999999987,0.13227400000000067,star
0.06899999999999906,-0.3260000000000005,-0.3069999999999986,-0.34800000000000253,wd
0.43299999999999983,0.18499999999999872,0.28300000000000125,-0.004000000000001336,qso
1.3952080000000002,0.48647499999999866,0.16020200000000173,0.04723200000000105,star
0.23700000000000188,0.13799999999999812,0.23199999999999932,0.17300000000000182,qso
0.35999999999999943,-0.2799999999999976,-0.23600000000000065,-0.21199999999999974,wd
2.5840739999999975,1.181555000000003,0.4646410000000003,0.2757359999999984,star
1.1069050000000011,0.4897910000000003,0.05615099999999984,0.06294299999999886,star
0.9505879999999998,0.2660790000000013,0.13269100000000122,0.017568000000000694,star
1.0486520000000006,0.4501989999999978,0.19317900000000066,0.06374299999999877,star
0.38599999999999923,0.1579999999999977,0.17900000000000205,0.23699999999999832,qso
0.4349999999999987,-0.24399999999999977,-0.16900000000000048,-0.10299999999999798,wd
1.3472809999999988,0.5096640000000008,0.1264460000000014,0.10062399999999982,star
2.154883999999999,0.8905409999999989,0.32475700000000174,0.19400800000000018,star
1.163901000000001,0.3705669999999994,0.15179799999999943,0.0058280000000010546,star
0.4579999999999984,-0.05799999999999983,-0.18400000000000105,-0.12299999999999756,wd
1.7501750000000023,0.6880999999999986,0.26871500000000026,0.1406130000000001,star
0.43799999999999883,-0.007999999999999119,-0.022999999999999687,-0.13700000000000045,wd
0.9223409999999994,0.30128099999999947,0.09887099999999904,0.034068999999998795,star
0.49299999999999855,0.11599999999999966,0.009000000000000341,-0.02499999999999858,wd
0.3379999999999974,-0.013999999999999346,0.08500000000000085,0.2680000000000007,qso
0.28300000000000125,0.3049999999999997,0.04199999999999804,-0.012000000000000455,qso
1.1233669999999982,0.47485400000000055,0.11555999999999855,0.014725000000002098,star
2.1615450000000003,0.8684730000000016,0.334206,0.14502799999999993,star
1.2520749999999978,0.4244000000000021,0.18746599999999702,0.06937600000000188,star
1.3524630000000002,0.6529749999999979,0.24592799999999926,0.18874700000000288,star
0.3880000000000017,0.2799999999999976,-0.053999999999998494,0.015999999999998238,qso
0.36400000000000077,0.03100000000000236,-0.052000000000003155,-0.09600000000000009,wd
0.41999999999999815,0.4960000000000022,0.10299999999999798,0.19000000000000128,qso
0.3200000000000003,0.07200000000000273,-0.03100000000000236,0.09600000000000009,qso
1.0717290000000013,0.3302960000000006,0.0936559999999993,0.038662000000002195,star
0.2829999999999977,0.0470000000000006,0.2289999999999992,-0.2560000000000002,qso
0.2759999999999998,0.10299999999999798,0.20000000000000284,0.31299999999999883,qso
0.3789999999999978,0.038000000000000256,0.31200000000000117,-0.13200000000000145,qso
0.38200000000000145,-0.24299999999999855,-0.23499999999999943,0.30299999999999727,wd
0.43299999999999983,0.027999999999998693,0.07600000000000051,-0.28200000000000003,wd
2.662020000000002,1.3991129999999998,0.9217069999999996,0.4751239999999992,star
-0.14699999999999847,-0.4009999999999998,-0.2980000000000018,-0.29499999999999815,wd
0.18400000000000105,0.2309999999999981,0.19000000000000128,-0.16400000000000148,qso
-0.07900000000000063,0.13299999999999912,0.26099999999999923,0.10600000000000165,qso
0.05600000000000094,0.277000000000001,0.027000000000001023,-0.1910000000000025,qso
1.442931999999999,0.47396800000000106,0.19104399999999977,0.06104799999999955,star
0.6060000000000016,0.15199999999999747,-0.0009999999999976694,0.1839999999999975,qso
0.08599999999999852,-0.33999999999999986,-0.23300000000000054,-0.26099999999999923,wd
-0.027000000000001023,0.16900000000000048,0.021999999999998465,0.036000000000001364,qso
0.9738410000000002,0.23640400000000028,0.10309200000000018,0.04982400000000098,star
0.03200000000000003,0.1999999999999993,0.13800000000000168,0.16000000000000014,qso
-0.007999999999999119,0.2630000000000017,0.010999999999999233,-0.1180000000000021,qso
-0.28300000000000125,-0.42299999999999827,-0.3410000000000011,-0.2980000000000018,wd
1.237880999999998,0.455993000000003,0.16203099999999893,0.043862000000000734,star
-0.1280000000000001,-0.14199999999999946,0.7139999999999986,0.6370000000000005,wd
1.1434459999999973,0.45281200000000155,0.18638599999999883,0.03131500000000287,star
0.3780000000000001,-0.15199999999999747,0.10499999999999687,0.4880000000000031,wd
0.3539999999999992,0.1479999999999997,0.31599999999999895,0.09299999999999997,qso
0.05799999999999983,0.4239999999999995,0.4299999999999997,0.08399999999999963,qso
0.34199999999999875,0.2259999999999991,0.33100000000000307,0.21399999999999864,qso
0.2539999999999978,0.10900000000000176,0.08899999999999864,0.21199999999999974,qso
0.29900000000000304,-0.25500000000000256,-0.25900000000000034,-0.2469999999999999,wd
2.503229000000001,1.3236409999999985,0.602642000000003,0.34001399999999826,star
0.23100000000000165,-0.2789999999999999,-0.2950000000000017,-0.20399999999999707,wd
1.0231500000000011,0.41881599999999963,0.11355000000000004,0.023177999999997922,star
1.4484790000000025,0.49566099999999835,0.23142800000000108,0.08614999999999817,star
0.1769999999999996,0.05000000000000071,0.14300000000000068,0.21300000000000097,qso
0.3000000000000007,0.038000000000000256,-0.03300000000000125,-0.015999999999998238,wd
2.371119,1.328754,0.6071239999999989,0.3363479999999992,star
0.4710000000000001,-0.2079999999999984,-0.2150000000000034,-0.31099999999999994,wd
0.1559999999999988,0.00999999999999801,-0.0799999999999983,-0.02499999999999858,wd
1.9626339999999978,0.794353000000001,0.2692510000000006,0.16887900000000045,star
0.21000000000000085,0.03500000000000014,0.2789999999999999,-0.07199999999999918,qso
0.4410000000000025,0.04899999999999949,-0.0400000000000027,-0.11399999999999721,wd
0.6809999999999974,0.15300000000000225,0.36599999999999966,0.0940000000000012,qso
0.2240000000000002,0.14499999999999957,0.18900000000000006,-0.0019999999999988916,qso
2.050440000000002,0.8652739999999994,0.28800000000000026,0.15656099999999995,star
0.38599999999999923,0.04200000000000159,-0.15900000000000247,0.1280000000000001,qso
1.068999999999999,0.1960000000000015,0.2959999999999994,0.33800000000000097,qso
1.3221970000000027,0.4858399999999996,0.22531099999999782,0.08793500000000165,star
1.1276890000000002,0.46537199999999856,0.20570800000000133,0.08880999999999872,star
0.932302,0.316948,0.10523999999999845,0.02401000000000053,star
1.6735959999999999,0.654796000000001,0.2647510000000004,0.13696999999999981,star
0.19200000000000017,0.06599999999999895,0.10300000000000153,0.07599999999999696,qso
0.25500000000000256,0.42299999999999827,0.120000000000001,-0.23400000000000176,qso
-0.3290000000000006,-0.5219999999999985,-0.28600000000000136,-0.5289999999999999,wd
0.18100000000000094,0.2560000000000002,-0.1390000000000029,0.0070000000000014495,qso
1.298567000000002,0.47715599999999725,0.16531600000000068,0.08244700000000194,star
0.053000000000000824,-0.35999999999999943,-0.23400000000000176,-0.16300000000000026,wd
1.7486250000000005,0.6582519999999992,0.2489889999999999,0.06214399999999998,star
2.4447229999999998,1.0397079999999974,0.4437490000000004,0.24319300000000155,star
0.4499999999999993,0.10699999999999932,-0.020999999999997243,-0.08699999999999974,wd
0.1739999999999995,0.06099999999999994,0.38400000000000034,0.26899999999999835,qso
0.3099999999999987,-0.13899999999999935,-0.14999999999999858,-0.1930000000000014,wd
0.37900000000000134,-0.04400000000000048,-0.07400000000000162,-0.2539999999999978,wd
1.5156089999999978,0.7107340000000022,0.19784299999999888,0.22774100000000175,star
0.9249929999999971,0.3635690000000018,0.1459009999999985,0.061696000000001305,star
1.3090689999999974,0.5546840000000017,0.2296440000000004,0.11690600000000018,star
0.5500000000000007,0.1789999999999985,0.0020000000000024443,0.1039999999999992,qso
